time_s,input_V,output_V
0.08,-0.002496743096603605,0.5160181270460032
0.0800001,-0.0020088854582444526,0.5160654375497381
0.08000030000000001,-0.0010152783294783611,0.5161702001395518
0.0800004685518281,-0.0001708515548638983,0.5163128586120536
0.08000064654367879,0.0007161949710260923,0.5166003675588625
0.080001,0.002481790889073765,0.5180234901732758
0.08000103559837014,0.0024897564194706475,0.5182512940122597
0.08000110679511042,0.0024970075182242043,0.5187461555016808
0.08000124918859097,0.002495446264618736,0.5199851544922997
0.08000153397555208,0.0024960699792045335,0.5235149836557536
0.08000204591491052,0.002495715954188806,0.533397942748854
0.0800030697936274,0.0024959570042013624,0.5658599196025095
0.08000473154273396,0.0024957569314789326,0.6501492944799143
0.08000650285991062,0.002495912152105426,0.7760719537925829
0.08000888669786589,0.0024957665320307207,0.9900730802999557
0.08001130993995643,0.002495871122112084,1.2450206226652543
0.08001254885293696,0.0024957785117417216,1.384741161631762
0.08001314583236578,0.0024958153290512864,1.451473303732067
0.0800134307552287,0.00249584775449931,1.477510184013791
0.08001372659879237,0.002495765919391206,1.4923025006480806
0.08001389067834136,0.0024958995437382677,1.4961586464778438
0.08001410101204219,0.0024957509525047683,1.4996561427523163
0.0800144895971255,0.002495894730070904,1.5032203850528283
0.08001490101922686,0.002495762564590728,1.5052814879244747
0.08001535657291368,0.0024958838543154564,1.5067923383256163
0.08001585975011033,0.002495773790332801,1.5080612813072751
0.08001655439136235,0.0024958746434148083,1.5095937192590423
0.08001751150526826,0.002495780134511842,1.5114617042328504
0.08001885940008895,0.0024958692731145635,1.5138660798282413
0.08002076671560726,0.002495781957642337,1.5168048447984144
0.0800235730947931,0.002495864203606598,1.5203756623449571
0.08002784220608299,0.0024957785060438957,1.524335997167427
0.08003305053941599,0.0024958572875147375,1.527423303295341
0.080038258872749,0.002495776428711004,1.5290824257608364
0.08004231276135623,0.002495857805822276,1.5296977125643294
0.08004643510097574,0.002495782955703526,1.529843206926632
0.08005025317212681,0.0024958638898159484,1.5296911070095787
0.08005482873826342,0.002495792266544796,1.529185858035445
0.08006003707159642,0.0024958701219891096,1.5283506052127043
0.08006424183182086,0.0024957965058357346,1.5274886738683238
0.08006803352186011,0.0024958678691483676,1.5266455331068551
0.08007194725799277,0.0024957939894209003,1.5256831300075635
0.08007634010983926,0.002495861437982747,1.5245714166384077
0.08008154844317227,0.0024957899069239335,1.5231712667418664
0.08008619813659339,0.002495858640830944,1.5219123886123438
0.08009013261968045,0.0024957933325763823,1.5208104682074723
0.08009411146502986,0.002495863016598127,1.5197144714159787
0.08009800073484193,0.0024958018182922696,1.5186173707934651
0.08010277188323875,0.0024958701709658516,1.5173010440310548
0.08010798021657176,0.002495809534989813,1.5158473602033378
0.08011213684710422,0.002495871781583511,1.5147175098656125
0.0801159451717712,0.0024958090542662715,1.513668403523424
0.08011977366618114,0.002495866715054658,1.5126464057097297
0.08012424792076177,0.002495804764203744,1.5114398510757112
0.08012945625409477,0.0024958610765509737,1.5100786072300745
0.08013397048576022,0.0024958042338045043,1.5088944662663533
0.08013788082463598,0.002495862819445368,1.507902665775672
0.08014182386609826,0.002495810907110695,1.506892636160703
0.08014577742420059,0.0024958691808181707,1.5059144159529712
0.08015077145010994,0.002495819928216012,1.5046719437442546
0.08015597978344295,0.0024958747856353466,1.5034190390552031
0.08016009976540184,0.002495822587564148,1.5024237129091715
0.08016430334028993,0.002495871588462436,1.501442757156669
0.08016814201856239,0.002495819056687385,1.5005384913900246
0.08017285169198335,0.0024958653606858387,1.4994667076645167
0.08017806002531636,0.0024958156588171174,1.4982784612587245
0.08018237934247675,0.00249586428533391,1.4973259651576951
0.0801862551369241,0.0024958200699363043,1.496463260836619
0.08019014570726657,0.0024958694336828895,1.495627169122954
0.08019425924497425,0.00249582846747295,1.4947339152727088
0.08019946757830726,0.002495876535988502,1.493640040786772
0.08020467591164027,0.0024958343925560005,1.4925436073084852
0.08020874233649025,0.0024958763069974537,1.4917152863759986
0.08021285175406406,0.0024958321004565206,1.4908689241190305
0.0802167706586391,0.0024958706545928485,1.4900882298895701
0.08022184030896114,0.002495827595368178,1.4890694954785988
0.08022704864229414,0.002495866887255901,1.4880546878219219
0.08023120905032287,0.0024958293924085126,1.487237840298703
0.08023545335070623,0.0024958710098106837,1.4864307253781177
0.08023934371087633,0.0024958370950042457,1.4856817893512464
0.08024391366458905,0.0024958780554201936,1.4848291073251678
0.08024912199792206,0.0024958446366819117,1.4838501811680302
0.08025345056321828,0.0024958805828839267,1.483060061919331
0.08025734388361105,0.0024958443174100706,1.4823399850843249
0.08026125144697242,0.002495876186886623,1.4816389318933259
0.08026539196231919,0.0024958400008935526,1.4808856137464046
0.0802706002956522,0.0024958706705179683,1.4799638815978944
0.0802758086289852,0.0024958385341226053,1.4790356138214178
0.08027991128356812,0.002495872432837188,1.478324067668932
0.08028405489692939,0.0024958447702229285,1.4775955480948002
0.08028803143398489,0.0024958790053931828,1.4769156001954782
0.08029311364536444,0.002495853140290598,1.4760363302068942
0.08029832197869745,0.002495884439584502,1.475156636630464
0.08030248597583554,0.0024958551291320527,1.4744451986099194
0.08030672602420966,0.0024958813649360065,1.4737387569648153
0.08031064479408152,0.0024958511910832567,1.4730759174535173
0.0803153065368379,0.0024958756057293593,1.4723061489127593
0.0803205148701709,0.0024958478776872343,1.4714368629787193
0.08032484338091911,0.002495875078269748,1.4707302388066958
0.0803287753492886,0.0024958521121145483,1.4700788639096358
0.08033271752750228,0.002495880562247303,1.469441161103315
0.08033696886149888,0.0024958600510648537,1.46874318468555
0.08034217719483189,0.0024958874608651416,1.467905299264268
0.08034685903831605,0.002495864985697556,1.4671434930819542
0.08035087960355713,0.0024958870828790144,1.4665023023711676
0.08035493777151967,0.002495862456064326,1.465844861058739
0.08035896292802992,0.002495881821481515,1.4652056753917015
0.08036404841363114,0.002495857778039853,1.4643871000702458
0.08036925674696414,0.002495878448324125,1.4635621410777133
0.08037346458028237,0.002495859378988923,1.4628871523664857
0.08037774989465032,0.0024958828095821466,1.462211969225455
0.08038171161879709,0.0024958666603630934,1.4615785438252265
0.08038641956593254,0.002495889941422558,1.460838350746758
0.08039162789926554,0.0024958735151523956,1.4600095894406975
0.08039597157162806,0.0024958921794924083,1.4593281970396366
0.08039992910351745,0.0024958725673904455,1.4586979644221378
0.08040389574423097,0.0024958879066802435,1.4580760719049908
0.08040819713361615,0.0024958679656609836,1.457391532503787
0.08041340546694915,0.002495883002586668,1.4565728791923738
0.08041808229548972,0.002495866800150669,1.4558287066929647
0.08042213112782608,0.002495885097561286,1.455192832890933
0.08042621342898167,0.002495872578865065,1.454542470177917
0.0804303023413277,0.002495891725754109,1.453899581808245
0.0804355106746607,0.002495880499469076,1.4530701220686792
0.08044071900799371,0.002495896967100819,1.452248012962274
0.0804449221345805,0.0024958818848358063,1.4515758307970528
0.08044919272490189,0.0024958939536287614,1.4508998931306871
0.08045319819965159,0.0024958776595549134,1.4502567840557539
0.08045807704746834,0.0024958885615424284,1.449480515662393
0.08046328538080134,0.0024958745956525294,1.4486416640069242
0.08046760068598635,0.0024958888213343737,1.4479520936718615
0.08047199919898479,0.002495879274708177,1.447240155440563
0.08047599674180396,0.0024958950616940775,1.446598876136665
0.08048060168942879,0.0024958869748602083,1.445850636284451
0.0804858100227618,0.0024959013916581053,1.4450094418845167
0.0804902759799011,0.00249589027585726,1.444279193439323
0.08049429326584298,0.0024959000937962873,1.4436266950452952
0.08049832501655764,0.0024958869677224834,1.4429628852637426
0.08050259814349904,0.0024958949087878243,1.4422636655300527
0.08050780647683205,0.0024958826294979564,1.44140080239683
0.08051301481016505,0.0024958930702371793,1.4405406869290798
0.08051719947201666,0.0024958854061807997,1.439841422852578
0.08052141753729623,0.0024958983589379695,1.439140486380522
0.0805255474855742,0.0024958927013393377,1.4384459521397062
0.0805307558189072,0.0024959054150972626,1.437573278825131
0.08053596415224021,0.002495897954799348,1.4366905303641937
0.08054018567940449,0.002495905848598619,1.4359767725313561
0.08054446039434458,0.00249589531283242,1.4352450332465039
0.080548539820281,0.0024959009887563933,1.4345488405599158
0.08055366624745018,0.002495890589235351,1.4336634327165798
0.08055887458078319,0.0024958979600259146,1.432764248049067
0.0805631626783012,0.002495891975545569,1.4320155988620815
0.08056752140242814,0.0024959024776032976,1.4312564955301526
0.08057158095654655,0.002495898856095194,1.4305417180303988
0.08057644881534809,0.0024959096186813294,1.429686021823748
0.0805816571486811,0.002495905050095779,1.42876037326521
0.08058604191054684,0.0024959115625375165,1.4279809536770576
0.08059050672048343,0.0024959033591665644,1.427178165454358
0.08059456007175571,0.002495907198577051,1.426449596861313
0.08059920995728881,0.002495898593264104,1.425604284911305
0.08060441829062182,0.002495903237706066,1.4246561094156702
0.0806089382183606,0.002495898416247117,1.4238244003129061
0.08061301815702387,0.002495906390214462,1.423073841595215
0.08061711116679574,0.0024959043619331212,1.4223132567376977
0.08062147588516676,0.002495913278888336,1.421502274675274
0.08062668421849976,0.002495911385456823,1.4205245566280347
0.08063189255183277,0.0024959171831175986,1.419543946252509
0.08063611549083483,0.0024959112583378615,1.4187401933522985
0.08064036558170108,0.0024959136404666183,1.4179299449272724
0.0806445911880477,0.0024959066566140513,1.4171157425358085
0.08064979952138071,0.0024959089966856626,1.4161092614642614
0.08065500785471372,0.0024959049730976543,1.4150920517043222
0.08065926256243187,0.002495911109646499,1.4142589543254103
0.08066355775519526,0.0024959104293665454,1.413409983233017
0.08066774066578178,0.0024959178317918444,1.4125818724442887
0.08067294899911479,0.0024959176752185445,1.4115406999053763
0.08067815733244779,0.0024959227065899856,1.4104948753380757
0.08068244460636893,0.00249591851535176,1.4096249993714862
0.08068678924688291,0.002495919820008466,1.4087404008174007
0.0806909403696441,0.0024959141319812047,1.407886545207259
0.0806961487029771,0.002495914930433378,1.40681039988264
0.08070135703631011,0.0024959115788583605,1.4057228349371764
0.08070569697286148,0.0024959161529093973,1.4048127457795991
0.08071010065002256,0.002495916438950366,1.4038808975759784
0.08071424194109846,0.0024959226498553278,1.4030018266535784
0.08071928174046862,0.0024959237325113534,1.4019220961771235
0.08072449007380163,0.0024959281988670427,1.400799988165828
0.08072889173343697,0.0024959254750803518,1.399841945074353
0.08073336292052714,0.0024959259705773285,1.398863678837616
0.08073749742351967,0.0024959213483076504,1.3979499332498224
0.08074237432770386,0.00249592107685477,1.3968659831333512
0.08074758266103686,0.002495918147625547,1.395696079625017
0.08075206565081157,0.002495921351355273,1.3946831312379337
0.0807566217087253,0.0024959223410857523,1.3936442382611154
0.08076076523134475,0.002495927577678326,1.3926950237219404
0.08076551459147412,0.0024959295163338247,1.3915972168379673
0.08077072292480712,0.0024959336318527,1.3903853510201527
0.08077529154211335,0.0024959322149947965,1.3893112304475912
0.08077945069786699,0.0024959323608851267,1.3883270463765205
0.08078361961706255,0.002495928665479529,1.387330625624581
0.0807881336105945,0.0024959275777472,1.3862442412021783
0.08079334194392751,0.0024959247633958223,1.384977006170891
0.08079855027726052,0.0024959267748626535,1.3836990968106007
0.08080331076109709,0.0024959282922200044,1.3825190208626144
0.08080759795758855,0.0024959328331836095,1.3814493515328818
0.08081212039524834,0.002495935365722596,1.3803104862688382
0.08081732872858134,0.002495939131568817,1.3789884875251484
0.08082253706191435,0.002495938669132102,1.3776509722847892
0.08082726663354663,0.0024959380490368133,1.3764246254918848
0.08083156072846942,0.0024959348963114196,1.3752983170569746
0.08083612233098643,0.0024959332831885317,1.3740909434114974
0.08084133066431944,0.0024959312321950152,1.3726954765919654
0.08084653899765244,0.0024959328810732614,1.3712851749177157
0.08085124281654757,0.002495935022686209,1.369996650363875
0.08085554827024896,0.002495939046126053,1.3688071547791398
0.08086016038335805,0.002495942068480137,1.36751927057802
0.08086536871669106,0.0024959451175417466,1.366049585551073
0.08087004002368388,0.002495945006620454,1.3647140125298356
0.08087425803006211,0.0024959441408695083,1.3634946265531922
0.08087848926305362,0.002495941593423658,1.3622555812453063
0.08088300313650512,0.002495939503612788,1.3609178729786509
0.08088821146983813,0.0024959377085084404,1.3593511131347944
0.08089341980317113,0.0024959386297608885,1.3577615896953175
0.08089775160784093,0.002495940743024594,1.3564205994156233
0.08090210367067648,0.0024959442356278106,1.3550575529842053
0.0809065408092719,0.002495947627880108,1.3536490230144018
0.0809117491426049,0.002495950651722537,1.3519717141830396
0.08091695747593791,0.0024959513611951386,1.3502638275994268
0.08092130192808342,0.002495950271499936,1.3488147644899078
0.08092567020477574,0.0024959481166705703,1.347331587801391
0.08093009042749656,0.00249594572311338,1.3458039009928437
0.08093529876082957,0.002495944158741798,1.3439655344146957
0.08094050709416258,0.00249594455805644,1.3420858405581517
0.0809448681990602,0.002495946867460623,1.3404777681338325
0.0809492569910275,0.0024959499875218828,1.3388280150700154
0.08095366874696722,0.002495953667421177,1.3371345102651429
0.08095887708030022,0.0024959565024776495,1.3350871164840106
0.08096408541363323,0.002495957682323325,1.3329798634799965
0.08096845962505891,0.002495956451699278,1.3311588235593745
0.08097286521697362,0.002495954646936676,1.329270263202418
0.08097726823047324,0.00249595202176714,1.32732367421128
0.08098247656380625,0.00249595064645362,1.3249358406546725
0.08098768489713926,0.0024959506663289133,1.3224484152778602
0.0809920763837841,0.002495953123118998,1.3202658511792575
0.08099650275922915,0.0024959559754871175,1.3179805065821772
0.08100090636391978,0.002495959875608152,1.3156126860317423
0.08100611469725279,0.002495962579083777,1.3126767894017057
0.0810113230305858,0.0024959641208305073,1.3095726204160307
0.08101572609286531,0.0024959628144047515,1.306798228579008
0.08102016695473739,0.0024959612962557917,1.3038394642615094
0.08102456867577833,0.002495958541582494,1.30072848639428
0.08102977700911133,0.002495957361368588,1.2967891641618274
0.08103498534244434,0.002495957167855705,1.2925404538328824
0.08103940612842736,0.002495959779088834,1.288668329039773
0.08104386714228255,0.002495962488419816,1.2844949947838178
0.08104827933391713,0.002495966593221688,1.280089556625977
0.08105348766725014,0.002495969244368303,1.2745171316676807
0.08105869600058314,0.0024959710887799973,1.2685282765596406
0.08106312485741697,0.0024959697818170553,1.2631025594315428
0.08106759449515263,0.0024959685306764905,1.2573171000644778
0.08107200924295441,0.0024959657598710066,1.2513044417309658
0.08107721757628741,0.0024959648213955274,1.2438492831650299
0.08108242590962042,0.0024959645836863213,1.2360332828915834
0.08108687424348825,0.002495967377088397,1.2291021155932151
0.081091362765482,0.0024959700427968586,1.221900831453383
0.08109579803649118,0.0024959743242391704,1.214608925083727
0.08110100636982419,0.0024959769373966993,1.205858602669676
0.0811062147031572,0.002495978964471813,1.1969390296913012
0.08111066586005009,0.002495977639031813,1.1892034081611786
0.08111515672057928,0.0024959765559937497,1.1813099155307938
0.08111959924304814,0.002495973771271075,1.1734256869342197
0.08112480757638114,0.002495973010702134,1.164103283142505
0.08113001590971415,0.00249597276169441,1.1547134592651185
0.08113448475196981,0.0024959756724515004,1.146618750227635
0.08113899183749222,0.0024959782827326227,1.1384331558025287
0.08114346331776925,0.002495982636179317,1.1303030884204492
0.08114867165110226,0.002495985129042122,1.120833835465645
0.08115387998443527,0.002495987166069396,1.1113742680270304
0.08115834804379861,0.0024959857548502544,1.1032698734931163
0.08116285308421017,0.002495984729335349,1.0951095276869622
0.08116733899092778,0.0024959819157925364,1.0869943290352897
0.08117254732426078,0.002495981289278302,1.077587209008412
0.08117775565759379,0.0024959810760380482,1.0681996233322018
0.0811822380303992,0.002495984079699045,1.060141954925678
0.08118675519519311,0.0024959866505035433,1.0520474183320556
0.08119127757733444,0.002495991023012888,1.043975391189157
0.08119648591066744,0.0024959933567085487,1.034722560042422
0.08120169424400045,0.002495995295810438,1.0255183600091249
0.08120617559339519,0.0024959937684993524,1.0176356300989298
0.08121068893929079,0.0024959927435749645,1.009728312945259
0.08121523714264374,0.002495989919609701,1.0017882820962394
0.08122044547597675,0.0024959894380199832,0.9927294019597049
0.08122565380930975,0.0024959893376065682,0.9837066556789892
0.08123014777725387,0.002495992447677759,0.9759542645675514
0.08123466963691865,0.0024959950112902326,0.9681881735141008
0.08123926569009818,0.0024959993776620623,0.9603347417273879
0.08124447402343118,0.0024960015171903746,0.9514859955615822
0.08124968235676419,0.0024960032681939992,0.9426916096533309
0.08125417754520163,0.0024960015967479474,0.9351416127841115
0.08125869572639484,0.002496000535798114,0.927587106046782
0.08126333614394922,0.002495997728991448,0.9198592476768223
0.08126854447728223,0.002495997436844455,0.9112212999463054
0.08127375281061523,0.0024959975426600534,0.9026210206782597
0.08127826044663107,0.002496000793375912,0.8952117532139185
0.08128278605339148,0.002496003381541351,0.8878080256808987
0.0812874966176455,0.002496007723347942,0.8801434997581611
0.08129270495097851,0.002496009604810605,0.8717199915429975
0.08129791328431152,0.002496011062941796,0.8633495067611716
0.08130288582007769,0.002496009051399187,0.8554026379136556
0.08130739891378161,0.0024960078959342913,0.8482239582822338
0.08131232385312909,0.002496005170221101,0.8404219941081299
0.0813175321864621,0.0024960053564010614,0.8322060545552782
0.0813227405197951,0.002496006016334987,0.8240267768623143
0.0813275627594739,0.0024960098070234368,0.8164910502256354
0.0813321055551698,0.002496012493338688,0.8094282077439358
0.08133726513372175,0.0024960167668677744,0.8014535639838626
0.08134247346705475,0.0024960178579206786,0.7934544656173107
0.08134768180038776,0.002496018451375257,0.7855045547947436
0.08135237570575614,0.002496016043944881,0.7783769386474333
0.08135697855589492,0.0024960148061516996,0.7714179267014064
0.08136218688922793,0.0024960124623320565,0.7635752104477946
0.08136739522256094,0.0024960134779686413,0.7557663463340305
0.08137200902061867,0.002496014635119219,0.7488786441730314
0.08137665939642075,0.002496018599896695,0.7419692104260307
0.0813812320873127,0.0024960212750677288,0.7352103825287164
0.0813864404206457,0.002496025142479049,0.7275582472768094
0.08139164875397871,0.0024960256163433507,0.7199543404417421
0.08139624415167625,0.0024960257886899725,0.7132832233605715
0.08140087177556596,0.0024960232687283594,0.7065962960564593
0.08140549966024067,0.0024960220597904804,0.6999367365992579
0.08141070799357368,0.0024960200106490986,0.6924711819542329
0.08141591632690669,0.002496021376177597,0.6850374493508845
0.08142050530436108,0.0024960228087067223,0.6785160068934144
0.08142512125444663,0.002496026831051927,0.6719875746067626
0.08142982502943452,0.002496029517199635,0.6653702325300667
0.08143503336276753,0.002496033030504676,0.6580877846409532
0.08144024169610053,0.002496033107983669,0.6508506975789405
0.08144482771890592,0.0024960329663204625,0.6445133319865399
0.08144943380352242,0.0024960303638461457,0.6381762681509665
0.08145423214960297,0.002496029183468774,0.6316012438877406
0.08145944048293598,0.0024960275228773925,0.6244918714748207
0.08146464881626898,0.002496029309237301,0.6174126031747439
0.08146970547452087,0.0024960313566711194,0.6105713499613283
0.08147430271256148,0.00249603545891096,0.6043836472335866
0.08147937989238296,0.002496038148494748,0.5975885557072842
0.08148458822571597,0.0024960409677348624,0.5906620526264968
0.08148979655904898,0.002496040312268918,0.5837774376496441
0.08149465408086602,0.0024960395780228802,0.577390616584622
0.08149929233455054,0.0024960368757612336,0.5713177031555048
0.08150450066788355,0.0024960359716197852,0.5645250261935105
0.08150970900121655,0.002496035256903176,0.5577589064624615
0.08151491733454956,0.002496037981613492,0.5510224625072392
0.08151964527535292,0.0024960403828023963,0.544936486681252
0.08152438156774583,0.002496044535995135,0.5388722676100774
0.08152958990107884,0.0024960467318264905,0.5322433256066689
0.08153479823441184,0.0024960485581665796,0.5256562880653322
0.08153945487177125,0.0024960471772203134,0.5197990704765624
0.08154413781964755,0.0024960461361915954,0.5139356374633053
0.0815488917909352,0.0024960435032073004,0.5080061486065119
0.08155410012426821,0.002496043107878803,0.5015343104048225
0.08155930845760122,0.002496043164969297,0.49508767976574336
0.08156395605298487,0.00249604615048279,0.4893597164007647
0.08156862290134201,0.002496048696034721,0.4836347752100247
0.08157349939922555,0.00249605276206272,0.4776856515734974
0.08157870773255856,0.002496054501393339,0.47137024812457023
0.08158391606589156,0.0024960557129659186,0.4650939964990541
0.08158901694328426,0.0024960538057822953,0.4589804428931426
0.08159367341899487,0.0024960525883848802,0.4534242790142896
0.08159887295719623,0.00249605013118797,0.4472431215599439
0.08160408129052923,0.0024960504806852087,0.4410749556972913
0.08160928962386224,0.0024960514243681587,0.43493150200778047
0.0816141698344415,0.0024960550717460736,0.42920201477485637
0.08161888820415146,0.002496057765149029,0.4236908895431901
0.08162409653748447,0.002496061484243395,0.4176437276346381
0.08162930487081747,0.002496062213059715,0.4116342452550141
0.08163451320415048,0.002496062350274076,0.40565996644677
0.08163926643218579,0.0024960599997266024,0.4002335459623316
0.08164411241742055,0.0024960587356819353,0.39472276505189313
0.08164932075075355,0.002496056966610622,0.3888207012463181
0.08165452908408656,0.0024960583096488276,0.3829410346241761
0.08165973741741957,0.0024960601755930753,0.37708662969929696
0.08166443658730059,0.002496064052618362,0.37183089135538494
0.08166950337338706,0.0024960667542288126,0.36619546430418537
0.08167471170672007,0.0024960695900217464,0.3604389189023819
0.08167992004005308,0.0024960692408352485,0.3547170361908008
0.08168497445262561,0.0024960685632422768,0.3491937533472738
0.08168969080950114,0.0024960660255244024,0.344061149641949
0.08169489914283415,0.00249606504796007,0.338413653287016
0.08170010747616716,0.002496064304827686,0.3327860209939412
0.08170531580950016,0.0024960667403530834,0.3271809996682838
0.0817101749520129,0.0024960691136774087,0.3219756565639394
0.08171498672377174,0.0024960730812345197,0.31684843097999316
0.08172019505710475,0.002496075266344633,0.3113316478022916
0.08172540339043775,0.00249607701547953,0.3058495826619528
0.08173061172377076,0.002496075660260765,0.30039836871878023
0.08173537321107707,0.0024960745504325355,0.2954379474865486
0.08174036396392806,0.002496072068730742,0.2902574975703123
0.08174557229726107,0.0024960718490521635,0.28486992975634934
0.08175078063059407,0.002496072205369321,0.27950176378021707
0.08175598896392708,0.002496075517068519,0.2741572767265999
0.08176072961838432,0.002496078137045441,0.269316997444306
0.08176593795171733,0.002496081966963642,0.2640303244800169
0.08177114628505033,0.0024960831681477232,0.2587768142734053
0.08177635461838334,0.0024960837226725937,0.25355484610164253
0.08178131647429246,0.002496081643878568,0.24860463004115332
0.08178612818084803,0.002496080368097996,0.24382325643783806
0.08179133651418104,0.002496078403807367,0.23866498551982054
0.08179654484751404,0.002496079261577585,0.2335247217099863
0.08180175318084705,0.0024960807466670107,0.22840470919380687
0.0818065778320203,0.002496084420065283,0.22368448546346237
0.08181154783328459,0.0024960871178552743,0.21884841352862547
0.0818167561666176,0.0024960901725328355,0.2138119599552684
0.0818219644999506,0.00249609027467186,0.20880646902989108
0.08182717283328361,0.002496089842909154,0.20382865033406541
0.0818319520458528,0.002496087452776698,0.19928047424517575
0.0818371603791858,0.002496086330815306,0.1943414825050457
0.0818423687125188,0.0024960853383313116,0.18941870040051595
0.08184757704585181,0.002496087356821939,0.18451420800482563
0.08185263030251623,0.0024960896224615744,0.17977670286696734
0.08185745938995907,0.002496093458401544,0.1752732664179604
0.08186266772329208,0.002496095767052673,0.17044508452752155
0.08186787605662509,0.002496097696328523,0.16564776240261977
0.08187308438995809,0.0024960966450209973,0.16087803198094808
0.08187796686127775,0.002496095612740635,0.15642794725152992
0.0818829456138061,0.002496093199896327,0.15190647137464053
0.08188815394713911,0.002496092801457913,0.14719204526393825
0.08189336228047212,0.0024960929530981894,0.14249345488422818
0.08189857061380512,0.002496095971804606,0.1378145345897094
0.08190339000416463,0.002496098536603605,0.13350627077499058
0.08190859833749764,0.0024961023091378495,0.12887773440837116
0.08191380667083065,0.002496103671332853,0.12427867077534539
0.08191901500416365,0.002496104385796412,0.11970783596501514
0.08192413538014519,0.0024961024664048167,0.11523712484030257
0.08192899543338138,0.002496101211555986,0.11101079696928574
0.08193420376671438,0.0024960992639920174,0.10649613841007088
0.08193941210004739,0.002496099964624216,0.10199636367665137
0.0819446204333804,0.00249610131086378,0.09751350739635715
0.08194954734702067,0.002496104864807465,0.09329291762671588
0.08195455832342009,0.0024961075317659572,0.08902399452728059
0.0819597666567531,0.0024961105353946567,0.08461512101188684
0.0819649749900861,0.002496110733707538,0.08023391998640256
0.08197018332341911,0.002496110375230694,0.07587730966988966
0.08197504148758177,0.0024961080797046217,0.0718310452519776
0.08198024982091477,0.002496106975712209,0.06750816309002323
0.08198545815424778,0.002496105993682438,0.06319875530167288
0.08199066648758079,0.002496107891836436,0.058904732274561486
0.08199582242988447,0.002496110127644702,0.05467256378069815
0.08200072261163938,0.0024961138708349847,0.05067212553583572
0.08200593094497238,0.0024961161132737446,0.046446163950127115
0.08201113927830539,0.0024961179717277815,0.04224784565668601
0.0820163476116384,0.0024961169716916872,0.03807406364512186
0.08202130609672241,0.0024961159519580967,0.03411947765705783
0.0820263720673225,0.002496113625317237,0.030093574035395577
0.0820315804006555,0.002496113291028398,0.02596765818881534
0.08203678873398851,0.002496113511640371,0.021855130244200292
0.08204199706732151,0.0024961164732453123,0.017759749747313383
0.08204689087101374,0.0024961190192904245,0.013931067962524657
0.08205209920434675,0.002496122629659963,0.009881166834323486
0.08205730753767976,0.0024961238853682278,0.005857780702725354
0.08206251587101276,0.0024961245040311265,0.0018595578715562468
0.0820676800056995,0.0024961226057987674,-0.00208441261397816
0.08207263190440132,0.0024961213771788546,-0.005851229874181957
0.08207784023773433,0.0024961195904992825,-0.009800839545548168
0.08208304857106734,0.002496120396923785,-0.013737833534695437
0.08208825690440034,0.0024961218174493005,-0.01766001595609729
0.08209323459895397,0.0024961253341363636,-0.021390224029020362
0.0820983790301258,0.002496127956795383,-0.025222892971229163
0.08210358736345881,0.002496130722330537,-0.029077342893099205
0.08210879569679182,0.0024961307449465875,-0.03290707198934471
0.08211400403012482,0.002496130275935374,-0.03671528562309346
0.0821189360381912,0.002496128015688677,-0.040306287162906615
0.08212414437152421,0.0024961270570254272,-0.04408583159355061
0.08212935270485722,0.0024961263053824775,-0.04785401433982339
0.08213456103819022,0.0024961283451240246,-0.051608655283315256
0.08213970961579928,0.0024961306221907217,-0.055303324321910874
0.0821447277939227,0.002496134304865533,-0.058883716669951854
0.08214993612725571,0.0024961363212816987,-0.06257573877004648
0.08215514446058872,0.0024961378976452635,-0.0662429085731788
0.08216035279392173,0.002496136736629858,-0.06988853499952057
0.08216534435716469,0.002496135674219658,-0.07336606548492297
0.0821705526904977,0.002496133470952837,-0.07698209448612528
0.0821757610238307,0.0024961334023762176,-0.08058694450483442
0.08218096935716371,0.0024961339086612515,-0.08418000367936597
0.08218617769049671,0.002496136991784463,-0.08775731639076711
0.08219115537171978,0.002496139541159598,-0.09115770163570625
0.08219636370505279,0.002496142886103072,-0.09469253588231023
0.0822015720383858,0.00249614381102733,-0.09820335938793434
0.0822067803717188,0.002496144132168545,-0.10169200750952613
0.08221190369801785,0.0024961421530771085,-0.10510658213261545
0.0822170127779322,0.002496140974387478,-0.1084986474375449
0.0822222211112652,0.002496139497493719,-0.11194625958436086
0.08222742944459821,0.00249614063968285,-0.11538281974294556
0.08223263777793122,0.0024961423030157963,-0.11880568521234873
0.08223764456359897,0.002496145839487518,-0.1220787375006585
0.08224285289693198,0.0024961482847230473,-0.12546208213551843
0.08224806123026498,0.0024961506571160768,-0.12882168646133463
0.08225326956359799,0.002496150314234636,-0.13215938677811248
0.082258477896931,0.002496149633665944,-0.13547868722658046
0.08226351881739034,0.002496147395802191,-0.13867839323235176
0.08226872715072335,0.002496146720710249,-0.14197386141237242
0.08227393548405636,0.002496146382043619,-0.14525951069772164
0.08227914381738936,0.002496148744446014,-0.14853260136852606
0.0822842435102618,0.0024961511020512766,-0.1517215682577709
0.0822894518435948,0.0024961547117720814,-0.1549578526795932
0.08229466017692781,0.0024961563241648866,-0.15817153289646343
0.08229986851026082,0.0024961574296259023,-0.16136303628837387
0.08230507684359382,0.002496155960002045,-0.16453610912885316
0.08231011466442703,0.002496154843607513,-0.16759165756512115
0.08231532299776004,0.0024961529057564214,-0.17074046914101604
0.08232053133109304,0.002496153272003454,-0.17387975767915018
0.08232573966442605,0.0024961541997620107,-0.1770081190957475
0.08233094799775906,0.0024961574779036075,-0.18012131647160667
0.0823360814542174,0.002496160013970721,-0.1831711190161855
0.08234128978755041,0.002496162952934016,-0.1862434841625403
0.08234649812088342,0.0024961633577034867,-0.18929423214041144
0.08235170645421643,0.002496163259124725,-0.19232589345258538
0.08235679454387095,0.0024961611671303094,-0.19527364001312755
0.08236200287720395,0.002496160164931339,-0.19828035797758786
0.08236721121053696,0.002496159154002261,-0.201278356541167
0.08237241954386997,0.002496160794516208,-0.20426616772163986
0.08237762787720297,0.0024961627688917802,-0.20724060729454546
0.08238272239223483,0.002496166330587971,-0.21013266378000584
0.08238793072556784,0.0024961684163806,-0.21306880106715548
0.08239313905890085,0.002496170235589061,-0.21598332112670826
0.08239834739223385,0.0024961693967709953,-0.2188788557448964
0.08240353879278027,0.002496168494026934,-0.22174986778990213
0.08240874712611328,0.002496166350588699,-0.22461954934219594
0.08241395545944628,0.002496166141617394,-0.22748048846766555
0.08241916379277929,0.0024961663810560046,-0.23033247609612412
0.0824243721261123,0.002496169164765752,-0.2331720817822523
0.0824294773185446,0.0024961716004065723,-0.2359396725961611
0.0824346856518776,0.002496174901145406,-0.2387433149951873
0.08243989398521061,0.0024961759508805334,-0.24152613112633353
0.08244510231854361,0.002496176488287783,-0.2442895467570209
0.08245031065187662,0.002496174695296129,-0.24703773543738666
0.08245550403547265,0.002496173593806442,-0.24976677362757801
0.08246071236880566,0.002496172090087353,-0.25249543719895495
0.08246592070213866,0.0024961730716597927,-0.2552155840838142
0.08247112903547167,0.0024961745105934116,-0.257924888056927
0.08247628793065565,0.002496177936927537,-0.2605934325239354
0.08248149626398865,0.002496180270535349,-0.26326898042436014
0.08248670459732166,0.0024961826478918023,-0.2659239388247556
0.08249191293065467,0.0024961824170568144,-0.2685598274610186
0.08249645646532733,0.002496182066190933,-0.27084606648176557
0.082501,0.0024961801095260824,-0.2731234242264113
0.08250110000000001,0.0020083679769206486,-0.2731786440462205
0.08250130000000001,0.0010147635258120065,-0.27330376897601133
0.0825014701358894,0.00016241952392917472,-0.2734642169167848
0.08250164406294208,-0.0007043311837083065,-0.27375730576799057
0.08250182203147105,-0.001593666132729672,-0.27428594008027873
0.082502,-0.0024817995189644173,-0.2751471527795353
0.0825020355937058,-0.0024900076861860414,-0.275374129028044
0.08250210678111738,-0.0024975465336407074,-0.27586641180322835
0.08250224915594055,-0.0024959668657166035,-0.27709516738660056
0.08250253390558689,-0.002496576740180423,-0.2805811282583687
0.08250303362581997,-0.002496245175004179,-0.29001806523017154
0.08250403306628613,-0.0024964596908167666,-0.3206242528002472
0.08250545089369965,-0.0024962915447977593,-0.38754662936557704
0.08250709966498669,-0.002496413590330066,-0.4938419936025972
0.08250917513654389,-0.0024963079112536265,-0.6600479163400254
0.08251162754002732,-0.0024963780564238648,-0.8868354228150823
0.08251466556710343,-0.0024963081823392856,-1.1881834513001823
0.08251821909155846,-0.002496347266520995,-1.5362733215971638
0.08252254944889051,-0.0024963023734433354,-1.912397470270496
0.08252775778222352,-0.0024965922673039695,-2.2524272619118544
0.08253286853301733,-0.0024968097241587148,-2.4709640801149724
0.08253805742426125,-0.0024971121831277366,-2.609265142215737
0.082539802524446,-0.0024971161827636317,-2.6420134182993915
0.08254095450047502,-0.0024972083175394807,-2.6608882977263835
0.08254172600715425,-0.002497188567375754,-2.672437551614026
0.0825423261114322,-0.0024971442162114777,-2.674816010373781
0.08254297257512554,-0.002497235616632366,-2.6747404182645806
0.08254368235707563,-0.0024971137335396162,-2.6747390632116117
0.08254489000685253,-0.0024972570180931716,-2.6746306690476493
0.08254617468476343,-0.0024971041489305905,-2.674590189389945
0.08254787236643014,-0.002497269044826316,-2.674447046552648
0.0825498219308792,-0.0024971020116588975,-2.67435702833299
0.08255263776489721,-0.0024972801495068047,-2.674132293875821
0.08255639312276745,-0.002497109154057691,-2.673908355518048
0.08256105695041904,-0.0024972968077675954,-2.6735415303384737
0.08256626528375205,-0.002497124360866231,-2.6732008678964303
0.08257147361708506,-0.0024973144806036385,-2.6727855682868458
0.08257668195041806,-0.002497135249471198,-2.6724395541491486
0.08258141335228379,-0.002497324646780549,-2.6720573944400234
0.0825860376644332,-0.002497139813322717,-2.6717534395456433
0.08259124599776621,-0.002497332877888062,-2.6713368251479683
0.08259645433109922,-0.002497148083211087,-2.6709903842462097
0.08260166266443222,-0.0024973475065801377,-2.670574688458601
0.08260635322857997,-0.0024971626596456513,-2.6702664435971655
0.08261114432234148,-0.0024973654890908504,-2.6698819193340535
0.08261635265567449,-0.0024971783908899585,-2.6695358127969575
0.0826215609890075,-0.002497381317679674,-2.669121128039374
0.082626156795202,-0.0024971878944539147,-2.6688194359628254
0.08263077593962359,-0.002497389606891294,-2.668447852081233
0.0826355431246759,-0.002497193257217885,-2.668133058634894
0.08264075145800891,-0.002497398299093,-2.66771824418981
0.08264595979134191,-0.0024972036452311224,-2.6673703959803623
0.08265060264434253,-0.002497413073887075,-2.666996643443349
0.08265525955307938,-0.0024972186755190862,-2.666688291748018
0.08266021407013406,-0.0024974309155300664,-2.666291202622757
0.08266542240346707,-0.0024972348157791236,-2.6659412150198265
0.08267063073680007,-0.002497445474760978,-2.66552466330717
0.08267560210672831,-0.0024972444399284396,-2.665190788866917
0.0826802268165819,-0.002497453266525303,-2.664816478847068
0.0826854351499149,-0.002497251114093539,-2.664463737800799
0.08269064348324791,-0.0024974631907547814,-2.6640453543451414
0.08269585181658091,-0.002497263794324707,-2.6636911099441156
0.0827006865575488,-0.002497479446048862,-2.6632994477286505
0.08270542170111743,-0.002497280533463913,-2.662978898682494
0.08271063003445044,-0.0024974971818684222,-2.662558351320384
0.08271583836778344,-0.002497296206217917,-2.662200839143044
0.08272104670111645,-0.002497509661297145,-2.661778937446692
0.08272574171195723,-0.00249730474572738,-2.6614581280901826
0.08273058376249334,-0.0024975168485913794,-2.6610624643647127
0.08273579209582635,-0.002497312958245076,-2.660701266518697
0.08274100042915936,-0.0024975283962079798,-2.6602765480815016
0.08274568745578646,-0.002497327178181012,-2.659952790828339
0.08275039117074336,-0.0024975445886545955,-2.659564790630371
0.08275534701029305,-0.0024973447278453195,-2.659218590042954
0.08276055534362606,-0.0024975617689152038,-2.6587903331867286
0.08276576367695906,-0.002497359383072816,-2.6584222108418873
0.08276639765407674,-0.0024974642290316396,-2.6583584149618638
0.08276655614835617,-0.002497464776595735,-2.6584113182436417
0.08276687313691501,-0.002497464184072573,-2.6583231049498237
0.08276695238405472,-0.002497465660230436,-2.6583166549368697
0.08276697219583964,-0.002497464897843716,-2.6583141277164812
0.08276698500903815,-0.002466576805849111,-2.644216136271567
0.08276700214463985,-0.002460760980682686,-2.6049700324336666
0.08276701018849306,-0.002472394207236225,-2.585428622178022
0.08276702116381145,-0.002477699289658149,-2.5598097855586532
0.08276703243743957,-0.002489152450360125,-2.5358133977472797
0.08276704787812197,-0.002500536291400253,-2.5091141260172853
0.0827670625482681,-0.002510044348503556,-2.4922175646109346
0.08276707406117814,-0.002511337506529228,-2.4839789889440227
0.08276708370924604,-0.0025117452934667384,-2.4796442428512813
0.08276709179116709,-0.002509833380275336,-2.4771061258530014
0.08276709967241602,-0.0025087151960057953,-2.475416140801779
0.08276710928242124,-0.002506170024282558,-2.4739437994007876
0.08276711799848535,-0.0025046507476040748,-2.4730841763119105
0.08276713110649189,-0.0025020082802127497,-2.4722177151611864
0.08276714343304654,-0.002500539026055866,-2.4717607846544865
0.08276716808615585,-0.002498241762179688,-2.4712444887100915
0.08276719054041089,-0.002497589934772123,-2.4710415047163488
0.08276723544892095,-0.0024969324878309123,-2.4707619377998293
0.08276729099929883,-0.0024971073168679777,-2.470503178867175
0.0827674021000546,-0.002496958904021521,-2.46995729022436
0.08276762430156612,-0.002497105553484276,-2.468896015517524
0.08276806870458916,-0.002496952814207817,-2.466763041432862
0.08276895751063526,-0.0024970946146754274,-2.4625973515947077
0.08277073512272745,-0.002496931217045819,-2.454520823836177
0.08277429034691182,-0.0024970541635565284,-2.439406986393884
0.08277949868024483,-0.0024968714382264698,-2.41929688412454
0.08278470701357783,-0.0024969931372494096,-2.40115216576534
0.08278920390994501,-0.002496824490771657,-2.3866702954780066
0.08279375903123626,-0.002496957405853588,-2.372882371860045
0.0827980275029683,-0.002496794714465267,-2.3605595075323214
0.08280316243703785,-0.002496928587247985,-2.3463527614265485
0.08280837077037086,-0.0024967630178433335,-2.3324305600786013
0.08281284391724812,-0.0024968971585053058,-2.3207931061040123
0.08281737875478992,-0.002496731580645519,-2.3091854449143603
0.08282160921438858,-0.0024968654561686307,-2.2985160489021386
0.08282665921692237,-0.002496698690269359,-2.2858883709263966
0.08283186755025537,-0.0024968321128952357,-2.2729891114395078
0.08283641246807584,-0.0024966711991015926,-2.261778507443167
0.0828410169041837,-0.0024968105098846635,-2.250482467026877
0.0828452954792526,-0.002496652852446569,-2.23999752919331
0.08285035596477669,-0.002496792018574605,-2.2276431134207924
0.0828555642981097,-0.0024966309182278853,-2.2149296981770026
0.08286009625700422,-0.0024967682263555813,-2.203893846559297
0.08286468976241003,-0.002496605526168077,-2.192691507781049
0.08286894431916045,-0.0024967418262285272,-2.182330412474755
0.08287395304054479,-0.0024965779879297205,-2.170104370824007
0.0828791613738778,-0.0024967139433502584,-2.157398412585714
0.08288375135960922,-0.0024965551460578517,-2.146174419995767
0.08288839991702396,-0.0024966964137705717,-2.1348193784738414
0.08289269941397462,-0.0024965407634109,-2.1242957593465035
0.08289773832929502,-0.0024966821631162584,-2.1119805389197026
0.08290294666262803,-0.002496523567463244,-2.0992308224344143
0.08290751882245787,-0.002496662753590514,-2.0880533450749934
0.08291215083775282,-0.0024965022038832482,-2.076706033198199
0.0829164326271219,-0.0024966402367488302,-2.066228183052903
0.08292145056464087,-0.002496478819554714,-2.053919226312416
0.08292665889797388,-0.0024966169702574704,-2.0411518802522237
0.08293127362607051,-0.002496460383397507,-2.0298156318452367
0.08293594491534963,-0.0024966035301930553,-2.018356873169201
0.08294026913176934,-0.002496449995960576,-2.007732738469268
0.08294533990106145,-0.002496593424129312,-1.995299598854212
0.08295054823439446,-0.002496437424952261,-1.9825169922004813
0.08295513753279504,-0.0024965784568625727,-1.971276242666823
0.0829597840143379,-0.0024964203036685973,-1.9598790541813653
0.0829640959937977,-0.002496560060893663,-1.9493206812300108
0.08296917833956957,-0.002496401244135938,-1.9368541876916445
0.08297438667290258,-0.0024965416885083126,-1.9240969392668887
0.08297900193127423,-0.0024963876768525606,-1.9127765425214331
0.0829836710315559,-0.0024965327826067204,-1.9013489657478766
0.08298802382059138,-0.0024963816183432705,-1.890686238910838
0.08299318756042283,-0.002496527011942976,-1.8780723874734837
0.08299839589375584,-0.002496373759679571,-1.8653481299420596
0.08300297804457711,-0.002496516569691024,-1.8541851212720075
0.08300761368434648,-0.0024963610372579497,-1.8428833505575033
0.08301196166469084,-0.002496502478305228,-1.8323088020107916
0.08301716999802385,-0.0024963465078549356,-1.8196288319516163
0.08302237833135685,-0.0024964892890198473,-1.8069772477591666
0.08302697064160343,-0.002496338152929699,-1.7958146469205014
0.0830316127804476,-0.0024964851855455595,-1.7845641974749338
0.08303600385081605,-0.002496336605420669,-1.7739203565777024
0.08304121218414906,-0.0024964839144054774,-1.761340891138155
0.08304642051748207,-0.0024963335204021254,-1.7487699793056377
0.08305098136915062,-0.002496477930740722,-1.7378012916244727
0.08305559104042158,-0.002496325158127293,-1.7267137348048482
0.08305998561441806,-0.00249646816063636,-1.7161765433907374
0.08306519394775107,-0.0024963154499514947,-1.7036834863254335
0.08307040228108407,-0.0024964604000676065,-1.6912281629190902
0.0830749727778859,-0.002496312252361827,-1.6802982052519666
0.08307958868189685,-0.002496460985467093,-1.6693002362713232
0.08308402750457067,-0.002496315145568511,-1.6587290642086203
0.08308923583790367,-0.0024964641646823276,-1.6463791998819188
0.08309444417123668,-0.00249631673072908,-1.634046319217432
0.08309899064870743,-0.002496462488320813,-1.623326843816492
0.08310358078301146,-0.002496312554502402,-1.6125087124321658
0.08310803176546375,-0.0024964569157089464,-1.602057750851375
0.08311324009879675,-0.0024963075554798727,-1.589830925150931
0.08311844843212976,-0.0024964543952612573,-1.5776496438515826
0.0831230038929525,-0.002496309297221896,-1.5670014410495727
0.08312759948670434,-0.002496459401893215,-1.5563063090042641
0.08313209846415862,-0.002496316204294507,-1.5458527816754564
0.08313730679749162,-0.002496466166860468,-1.533821594634788
0.08314251513082463,-0.002496320987308411,-1.5218236272279904
0.08314705242014367,-0.0024964669812460373,-1.5114297550924671
0.08315162727956577,-0.0024963188781034792,-1.5009643721438075
0.08315614998479105,-0.002496463208667989,-1.4906676642898138
0.08316135831812406,-0.002496315621204042,-1.4788238656378385
0.08316656665145707,-0.0024964622616430662,-1.467036787557534
0.08317111241563037,-0.0024963184131602035,-1.4567641926458388
0.08317569181695218,-0.002496467658975223,-1.4464696620209099
0.08318027125719868,-0.002496325403651702,-1.4361939282692329
0.08318547959053169,-0.002496474192612006,-1.4245761218066257
0.08319068792386469,-0.0024963297251240136,-1.412990252526309
0.08319522144009076,-0.002496474549202198,-1.4029625678939384
0.083199784964489,-0.0024963273815955312,-1.3928826206872864
0.0832044064277822,-0.00249647072763243,-1.3827250165639737
0.0832096147611152,-0.0024963243895761715,-1.3712929109227332
0.0832148230944482,-0.0024964702753372996,-1.3599188971546736
0.08321936754092525,-0.0024963276581577787,-1.3500116759331717
0.08322393617699392,-0.0024964759002910953,-1.340107415911864
0.08322863465314773,-0.002496334696423991,-1.3299440376333505
0.08323384298648073,-0.002496482134101371,-1.3187492098560387
0.08323905131981374,-0.002496338413496136,-1.3075885128767673
0.0832435944818393,-0.0024964819250012805,-1.2979115793585658
0.08324815435260022,-0.00249633578058556,-1.2882146211609344
0.08325293172102659,-0.0024964780781219806,-1.278108613048115
0.0832581400543596,-0.002496333168195175,-1.2671095484023667
0.0832633483876926,-0.002496478313106336,-1.2561710109687354
0.08326833835316466,-0.002496337344644745,-1.2457155719431372
0.08327289990562248,-0.0024964845523881944,-1.2362165883698601
0.08327793835801688,-0.0024963444509585046,-1.225753463613733
0.08328314669134988,-0.0024964901603558606,-1.215011625610228
0.08328835502468289,-0.002496346890112192,-1.204304882076043
0.0832931684376622,-0.0024964887680048583,-1.1944722366390286
0.08329776360794312,-0.002496343644804129,-1.18510296141228
0.08330297194127613,-0.0024964850831598637,-1.1745428469274233
0.08330818027460914,-0.0024963421635461037,-1.1640055839628523
0.08331338860794214,-0.0024964870778894574,-1.1535314082126813
0.08331808638825484,-0.0024963475492921347,-1.1441082276118277
0.08332277387650444,-0.0024964936879684867,-1.1347678667994532
0.08332798220983745,-0.0024963542716523388,-1.1244235375795584
0.08333319054317045,-0.0024964979123132396,-1.1141538766108483
0.08333781323677954,-0.002496355076173798,-1.1050657960800785
0.08334246581121309,-0.0024964955237870546,-1.0959760114178403
0.08334714362730888,-0.002496351602226244,-1.086853711286159
0.08335235196064189,-0.0024964923493440835,-1.0767560015562256
0.0833575602939749,-0.0024963512752358094,-1.066682138451524
0.0833621764277179,-0.00249649522452337,-1.057809333932116
0.08336681634282139,-0.0024963569803333756,-1.04891220477705
0.08337158988265167,-0.002496501870013629,-1.0398227309291603
0.08337679821598468,-0.0024963632443155974,-1.029940146877381
0.08338200654931768,-0.0024965052044781722,-1.0201313067944002
0.08338662115230357,-0.002496363210168165,-1.0114664341444708
0.08339125112090026,-0.0024965023495465274,-1.0028280246799464
0.0833961480252562,-0.002496359687006726,-0.9937094344932569
0.08340135635858921,-0.002496499699921725,-0.9840697322309793
0.08340656469192222,-0.0024963603428719465,-0.9744541976049532
0.08341157930100575,-0.002496503721743752,-0.9652582090031333
0.08341621337590846,-0.0024963667545752763,-0.9567846277992643
0.08342142170924147,-0.0024965104281301073,-0.947332182165797
0.08342663004257447,-0.0024963721961168773,-0.9379169565253562
0.08343183837590748,-0.0024965121588862113,-0.9285730380317707
0.08343666233945615,-0.002496370747083257,-0.9199444180101324
0.08344136273610475,-0.0024965086309846445,-0.9115908367380778
0.08344657106943776,-0.0024963675350134955,-0.9023539047915815
0.08345177940277076,-0.00249650738532737,-0.8931754978735725
0.08345698773610377,-0.002496370146511988,-0.8840221486026203
0.08346170342255599,-0.00249651269379332,-0.8757930243993467
0.08346653470345024,-0.0024963769243638028,-0.8673881080949508
0.08347174303678324,-0.002496518772054568,-0.8583982953777735
0.08347695137011625,-0.002496380668636614,-0.8494436814303925
0.08348161968092883,-0.0024965187549201525,-0.8414769191531544
0.08348630703007398,-0.0024963782307246807,-0.8334957801644125
0.08349120237709193,-0.002496515053856495,-0.8252139899123492
0.08349641071042493,-0.0024963757302805057,-0.8164215421206255
0.08350161904375794,-0.0024965152605711406,-0.8076867672652757
0.08350674415423678,-0.002496379745238771,-0.7991161398906212
0.08351142123066178,-0.002496521292320907,-0.7913525116805722
0.08351662956399479,-0.002496386562376534,-0.7827371281841551
0.0835218378973278,-0.0024965264671888755,-0.7741921157968981
0.0835270462306608,-0.002496388572497533,-0.7656792996412208
0.08353194127974059,-0.00249652488792674,-0.7577374118825346
0.08353668366874206,-0.0024963853462136466,-0.7500598670616946
0.08354189200207507,-0.002496521492209134,-0.7416824123836134
0.08354710033540808,-0.0024963843027290345,-0.7333241898885491
0.08355230866874108,-0.0024965237824681468,-0.7250235589714661
0.08355707633455838,-0.002496389708570264,-0.7174469062048319
0.0835619550430186,-0.0024965302164163894,-0.7097538101104393
0.0835671633763516,-0.0024963958690681133,-0.7015715492065269
0.08357237170968461,-0.0024965336236531855,-0.6934566506249373
0.08357758004301762,-0.0024963958855591236,-0.6853698359680197
0.08358229724093073,-0.0024965307855356867,-0.6780977466931439
0.08358741544099951,-0.0024963924443771983,-0.6702229308548062
0.08359262377433252,-0.0024965283883458464,-0.6622618628156234
0.08359783210766553,-0.0024963933802764756,-0.6543194859792784
0.0836028772656014,-0.002496532515980444,-0.646681679887106
0.08360762015145176,-0.002496399690514989,-0.6395226893388922
0.08361282848478477,-0.0024965388610669608,-0.6317254617625552
0.08361803681811777,-0.002496404520975021,-0.623958953600855
0.08362324515145078,-0.0024965400718578224,-0.6162555556411621
0.08362810469013382,-0.002496402787022928,-0.6090879394002194
0.08363295776209789,-0.0024965365484147495,-0.6019787266822882
0.0836381660954309,-0.002496399869973054,-0.5943630093969656
0.0836433744287639,-0.0024965358289362125,-0.5867981333230571
0.08364858276209691,-0.0024964028683228646,-0.579252171253048
0.08365335311240799,-0.0024965412531665295,-0.5723933124754393
0.08365840719394926,-0.0024964094842387604,-0.5651495876330043
0.08366361552728227,-0.00249654677605288,-0.5577482104943091
0.08366882386061528,-0.0024964123401922545,-0.550374331598615
0.08367401550861753,-0.002496545949752276,-0.5430820059200319
0.08367878165756826,-0.002496409429962016,-0.5364020400727884
0.08368398999090126,-0.002496542448968492,-0.5291510777068843
0.08368919832423427,-0.002496407806915753,-0.5219136753598539
0.08369440665756728,-0.0024965439177559675,-0.5147265362839222
0.0836993487028132,-0.0024964125863638225,-0.5079242353922717
0.08370420391218637,-0.002496550088769284,-0.501294912470213
0.08370941224551938,-0.0024964187880366544,-0.4942080823365078
0.08371462057885239,-0.002496553946578992,-0.487182230546336
0.08371982891218539,-0.0024964193993752704,-0.48017956131519846
0.08372465498323566,-0.002496551534075341,-0.47373926935923616
0.08372969897963924,-0.0024964160387969093,-0.46701911658854445
0.08373490731297224,-0.0024965488587027304,-0.46012597338180866
0.08374011564630525,-0.0024964163330742795,-0.45324543203210976
0.08374532397963826,-0.0024965523969784635,-0.44641537860240893
0.08375012229717431,-0.002496422293934812,-0.44013994991818034
0.08375533063050732,-0.002496558653186056,-0.43338583875637077
0.08376053896384032,-0.002496427304675846,-0.4266566968286182
0.08376574729717333,-0.0024965602827779114,-0.4199844582840685
0.08377076278648057,-0.002496425921466259,-0.4135759146527925
0.08377564111562881,-0.0024965569281795346,-0.407386662061257
0.08378084944896182,-0.0024964229413253977,-0.4007876364747069
0.08378605778229482,-0.0024965559165187187,-0.39423283428479466
0.08379126611562783,-0.002496425478383759,-0.3876909139120246
0.0837961377527703,-0.002496560993092143,-0.3816193006478829
0.08380119722723248,-0.002496431898671858,-0.3753317244693374
0.08380640556056548,-0.0024965664877196836,-0.3689159291806006
0.08381161389389849,-0.002496434915907249,-0.3625221345361632
0.0838168222272315,-0.002496565939764104,-0.3561803661500371
0.08382166055568009,-0.002496432194263288,-0.35029993801692494
0.0838268688890131,-0.00249656249644724,-0.3440127393995501
0.0838320772223461,-0.0024964304468718447,-0.33773371798076857
0.08383728555567911,-0.0024965636848744955,-0.3314984147409904
0.08384234838715747,-0.002496434942840735,-0.32545021628139625
0.08384725881348389,-0.002496569686089011,-0.31963239984875397
0.08385246714681689,-0.0024964409945332556,-0.3134811089037387
0.0838576754801499,-0.0024965735087294776,-0.3073843766776186
0.0838628838134829,-0.0024964416906031643,-0.3013055226235894
0.08386779669452699,-0.0024965712275103447,-0.29561533401003126
0.08387290216038483,-0.002496438407588375,-0.28970912033358376
0.08387811049371784,-0.0024965686116167015,-0.28372397717591735
0.08388331882705084,-0.002496438658577342,-0.27774626860307133
0.08388852716038385,-0.0024965719997437734,-0.271812886807802
0.08389340162254304,-0.0024964444344842867,-0.2662726524936467
0.08389860995587604,-0.002496578074274995,-0.26040454420008596
0.08390381828920905,-0.0024964492452379003,-0.2545560472160699
0.08390902662254206,-0.0024965796263491814,-0.24875830221830028
0.08391411745875181,-0.002496447865001369,-0.24310365738771286
0.0839190787708275,-0.0024965763419243685,-0.23763238646344845
0.0839242871041605,-0.0024964450035846494,-0.23189323586114208
0.0839294954374935,-0.002496575469089675,-0.22619263265346135
0.08393470377082651,-0.002496447558234959,-0.22050013383523093
0.08393964218746018,-0.0024965804815409373,-0.21514549997115473
0.08394481706088719,-0.00249645384254706,-0.20954928195932349
0.0839500253942202,-0.002496585722669115,-0.20396797144992243
0.0839552337275532,-0.0024964565331458744,-0.19840348614358855
0.08396044206088621,-0.002496584994101969,-0.1928850023213662
0.08396536098910598,-0.002496453778355862,-0.18767992374836462
0.08397056932243899,-0.0024965817078119812,-0.18220610520406763
0.083975777655772,-0.0024964522964625873,-0.17673597374158467
0.083980985989105,-0.002496583126184956,-0.17130439693518923
0.08398607542211585,-0.0024964568559693798,-0.16600580002312315
0.08399109998562408,-0.002496589060398158,-0.16081944973522078
0.08399630831895709,-0.0024964626117625955,-0.15545895232969556
0.0840015166522901,-0.0024965924371628035,-0.1501472563786988
0.0840067249856231,-0.0024964629398873148,-0.14484841584596417
0.08401168783902307,-0.0024965900087431563,-0.13983823534431866
0.08401689617235608,-0.002496459736238938,-0.1345835138787378
0.08402210450568909,-0.0024965877274257184,-0.12936382652637782
0.0840273128390221,-0.0024964604047722472,-0.12414769350967057
0.0840325211723551,-0.0024965913911510415,-0.11897132739264044
0.08403748696799129,-0.0024964662114737913,-0.11404596204908095
0.0840426953013243,-0.0024965971920819286,-0.10892688800405333
0.0840479036346573,-0.002496470466758562,-0.10382288885271826
0.08405311196799031,-0.0024965982063189862,-0.09876396722196103
0.0840581945554788,-0.002496468769709919,-0.09383477431489574
0.08406331049877686,-0.0024965949122763317,-0.08890882059800972
0.08406851883210986,-0.0024964662220856256,-0.08389499745866157
0.08407372716544287,-0.0024965945972988735,-0.07891531868559593
0.08407893549877588,-0.0024964692372308503,-0.0739405150100756
0.08408391886941857,-0.0024965997952366304,-0.06922006302824478
0.08408912720275158,-0.0024964753102562054,-0.06429831392237531
0.08409433553608459,-0.0024966044740693458,-0.059422793754681874
0.08409954386941759,-0.002496477306034011,-0.05455954369729485
0.0841047522027506,-0.0024966032472290597,-0.04973674705725325
0.08410978583736278,-0.0024964743927962793,-0.04507879609541607
0.08411499417069579,-0.0024966002484617645,-0.04029198536002201
0.0841202025040288,-0.002496473523356769,-0.03550551859687257
0.0841254108373618,-0.002496602293958789,-0.030753945216491295
0.08413047855608788,-0.002496478395034941,-0.026136901009652894
0.08413568688942089,-0.002496608196613437,-0.021434531499457996
0.08414089522275389,-0.002496483664032543,-0.016744967922819425
0.0841461035560869,-0.0024966107461121094,-0.012099158755034386
0.0841513118894199,-0.0024964832695454735,-0.007461610697417138
0.08415633366377892,-0.002496607996723837,-0.003024532927552782
0.08416154199711193,-0.00249648026574144,0.001577746054715922
0.08416675033044493,-0.0024966063679587947,0.006148989180726478
0.08417195866377794,-0.002496481702325221,0.010719184279703024
0.08417716699711095,-0.002496610563759229,0.015252647543882105
0.08418229230335636,-0.0024964876280287045,0.01970523217085509
0.08418750063668937,-0.0024966159367986566,0.024186733049786396
0.08419270897002237,-0.0024964909796313765,0.02865697858592162
0.08419791730335538,-0.0024966160640887544,0.03308732191085131
0.08420298348888115,-0.0024964887831659026,0.03739346873449084
0.08420819182221416,-0.0024966128422900073,0.04178885714610926
0.08421340015554717,-0.0024964868418379557,0.04618592923303363
0.08421860848888017,-0.0024966134280631344,0.05055189790587372
0.08422381682221318,-0.0024964905853485883,0.05491476650281885
0.0842288961751395,-0.0024966189108693434,0.059131838915936645
0.0842341045084725,-0.0024964962992714184,0.06344622768115452
0.08423931284180551,-0.00249662269015003,0.06771852810137448
0.08424452117513852,-0.00249649727696385,0.0719826293209895
0.08424968735298453,-0.0024966207907705477,0.07617712244154974
0.08425489568631754,-0.0024964942485466565,0.08040608990422471
0.08426010401965055,-0.0024966183271333342,0.08460606008979983
0.08426531235298355,-0.0024964943574829106,0.08880774979628023
0.08427052068631656,-0.002496621296551985,0.09297672877767632
0.08427560659728454,-0.0024964996679647427,0.09704266680697306
0.08428081493061755,-0.0024966269482813723,0.10116636574190138
0.08428602326395056,-0.0024965040699926563,0.1052801197448664
0.08429123159728356,-0.0024966284028698623,0.10935462643898312
0.08429643993061657,-0.002496502818235211,0.11342498406025386
0.08430161947075133,-0.0024966253641865374,0.1174419864352504
0.08430682780408434,-0.002496500241216088,0.12148419393943333
0.08431203613741735,-0.0024966247388959703,0.12549811022407267
0.08431724447075035,-0.002496502736635313,0.12951210590255818
0.08432238261988595,-0.00249662952535746,0.13343748849154574
0.08432759095321896,-0.0024965085674210257,0.13740907559833104
0.08433279928655196,-0.002496634148170421,0.14134051364219694
0.08433800761988497,-0.0024965107541861783,0.1452640605274738
0.08434321595321798,-0.002496633261081433,0.14915240549244155
0.08434836261302156,-0.0024965080971618,0.15299485846564498
0.08435357094635457,-0.0024966303523273063,0.15685556251275182
0.08435877927968757,-0.0024965071045950846,0.16071988542295615
0.08436398761302058,-0.0024966320716979726,0.16455483640462146
0.08436919594635359,-0.0024965116315227654,0.16838727517517807
0.0843744042796866,-0.0024966376999312053,0.17218259607996714
0.0843796126130196,-0.002496516700638277,0.17596951066570984
0.0843848209463526,-0.0024966402679500533,0.17971807866766612
0.08439002927968561,-0.0024965164919623717,0.1834621956987671
0.08439518577583445,-0.0024966377346306,0.18713850455841866
0.08440039410916746,-0.002496513637383011,0.19085510824275437
0.08440560244250046,-0.0024966361613553124,0.194545400313616
0.08441081077583347,-0.002496514932800724,0.1982382560380051
0.08441601910916648,-0.0024966400705083137,0.20189945228242992
0.08442122744249948,-0.002496520558884888,0.2055555266131395
0.08442643577583249,-0.0024966452124809795,0.20917354072789743
0.0844316441091655,-0.002496523771937419,0.21278416557615662
0.0844368524424985,-0.002496645390193693,0.21635976428015935
0.08444205731667478,-0.0024965217093657296,0.21993253704207633
0.08444726565000779,-0.0024966423537471642,0.22348050965717667
0.0844524739833408,-0.0024965199313162242,0.22703323399450595
0.0844576823166738,-0.0024966429642695443,0.23055917456016584
0.08446289065000681,-0.0024965235127845987,0.2340852385654969
0.08446809898333982,-0.0024966482297437424,0.23757711845958954
0.08447330731667282,-0.0024965289507775635,0.24106225296466494
0.08447851565000583,-0.0024966517246464127,0.2445101064000542
0.08448372398333884,-0.0024965297960220035,0.24795324009013936
0.08448893231667184,-0.002496649877711,0.2513654672331926
0.08449414065000485,-0.002496526954376903,0.2547807855419478
0.08449934898333786,-0.0024966476527184056,0.25817107563250147
0.08450455731667086,-0.002496527203666825,0.2615657275010238
0.08450976565000387,-0.002496650587154413,0.26493160065398724
0.08451497398333688,-0.0024965323528929207,0.2682947271620896
0.08452018231666988,-0.0024966559574842104,0.2716219602141882
0.08452539065000289,-0.0024965363831931757,0.27494248902276536
0.0845305989833359,-0.0024966571662078363,0.27822824087505077
0.0845358073166689,-0.0024965350884044953,0.28151292623292246
0.08454101565000191,-0.002496654284543394,0.2847705891018226
0.08454622398333492,-0.0024965327738745136,0.2880335240299963
0.08455143231666792,-0.0024966539038943866,0.2912716523756051
0.08455664065000093,-0.0024965353454287965,0.2945121193696562
0.08456184898333394,-0.0024966585891075333,0.2977211694013579
0.08456705731666694,-0.0024965408817483607,0.300925212716687
0.08457226564999995,-0.002496662808930772,0.30409320386146493
0.08457747398333296,-0.002496542739778656,0.307256300227055
0.08458268231666596,-0.0024966618002449097,0.310388278977878
0.08458789064999897,-0.0024965401744501004,0.3135228460711246
0.08459309898333198,-0.0024966591607369438,0.3166330907009037
0.08459830731666498,-0.002496539496141257,0.3197489323753469
0.08460351564999799,-0.0024966610671575814,0.3228384645842558
0.084608723983331,-0.0024965439693037843,0.3259274734689236
0.084613932316664,-0.0024966664105451723,0.32898281650921785
0.08461914064999701,-0.0024965486220092778,0.332032311607378
0.08462434898333002,-0.0024966686031488066,0.3350473710015738
0.08462955731666302,-0.002496548218870503,0.3380606570542834
0.08463476564999603,-0.002496666113882236,0.3410467129065884
0.08463997398332904,-0.0024965456122953856,0.34403803653023984
0.08464518231666204,-0.0024966648838351414,0.3470059696402605
0.08465039064999505,-0.0024965471508728125,0.34997804258485155
0.08465559898332806,-0.0024966688116337126,0.3529212783264257
0.08466080731666106,-0.002496552535715728,0.35586130208410094
0.08466601564999407,-0.0024966735463336576,0.358766671810607
0.08467122398332708,-0.00249655533206708,0.3616671126750199
0.08467643231666008,-0.0024966734699303703,0.3645361718113625
0.08468164064999309,-0.0024965532641526345,0.367407030511719
0.0846868489833261,-0.0024966706641857636,0.37025378231374073
0.0846920573166591,-0.002496551823166516,0.37310683151639557
0.08469726564999211,-0.0024966715500526586,0.37593560293914496
0.08470247398332512,-0.00249655546861341,0.3787658708255875
0.08470768231665812,-0.002496676624254889,0.3815647250644827
0.08471289064999113,-0.0024965605213092476,0.38435877066061824
0.08471809898332414,-0.0024966796980864215,0.3871188855309182
0.08472330731665714,-0.002496561073990542,0.3898765347567171
0.08472851564999015,-0.0024966778028427425,0.3926065120232536
0.08473372398332316,-0.002496558424463843,0.3953413213399835
0.08473893231665616,-0.002496675907724902,0.39805363049535364
0.08474414064998917,-0.0024965589680336787,0.4007714442862444
0.08474934898332218,-0.0024966789528729954,0.4034627598148885
0.08475455731665518,-0.0024965639709067034,0.4061526691047447
0.08475976564998819,-0.0024966839706092015,0.40880949172686554
0.0847649739833212,-0.002496567577702616,0.4114615524425905
0.0847701823166542,-0.002496684859910521,0.4140820232702967
0.08477539064998721,-0.0024965661874769038,0.41670334255505703
0.08478059898332022,-0.0024966821334288947,0.4193003788026819
0.08478580731665322,-0.0024965641850569365,0.42190392164897783
0.08479101564998623,-0.002496682065238633,0.42448476574223304
0.08479622398331924,-0.0024965669058843788,0.4270688701987203
0.08480143231665224,-0.002496686654098592,0.4296237870867744
0.08480664064998525,-0.0024965721215397607,0.43217510556288824
0.08481184898331826,-0.0024966904580974855,0.4346932089089471
0.08481705731665126,-0.002496573633567355,0.43720826731280943
0.08482226564998427,-0.0024966893129722383,0.43969509837387183
0.08482747398331728,-0.002496571180162522,0.44218599619070204
0.08483268231665028,-0.0024966869669317856,0.4446548104607403
0.08483789064998329,-0.002496570822570869,0.44713005021844676
0.0848430989833163,-0.0024966890612403503,0.4495808405363055
0.0848483073166493,-0.00249657524504356,0.45203198591286126
0.08485351564998231,-0.0024966941230823263,0.45445175856089143
0.08485872398331532,-0.002496579491314612,0.45686717048772735
0.08486393231664832,-0.0024966959518402795,0.45925092805512724
0.08486914064998133,-0.0024965789094842303,0.46163453624779277
0.08487434898331433,-0.002496693533252848,0.46399339833635267
0.08487955731664734,-0.0024965765696909822,0.4663585444862483
0.08488476564998035,-0.00249669262982384,0.4687021191517095
0.08488997398331335,-0.0024965783271393913,0.4710504164630295
0.08489518231664636,-0.0024966965548194817,0.4733716675618577
0.08490039064997937,-0.0024965834690519433,0.4756906684374814
0.08490559898331237,-0.002496700900720252,0.47797740059330407
0.08491080731664538,-0.0024965858859294296,0.4802606976082668
0.08491601564997839,-0.0024967006092967607,0.48251520844562584
0.0849212239833114,-0.002496583843839942,0.4847727975249384
0.0849264323166444,-0.0024966980423535776,0.48700831308233333
0.08493164064997741,-0.0024965827270076184,0.4892507400676413
0.08493684898331041,-0.0024966991760346858,0.4914704356199474
0.08494205731664342,-0.0024965864131585584,0.4936921423776491
0.08494726564997643,-0.0024967040505664943,0.495884295410696
0.08495247398330943,-0.0024965910969537686,0.49807273048329
0.08495768231664244,-0.0024967067372136417,0.5002296548989479
0.08496289064997545,-0.00249659139932309,0.5023854885330198
0.08496809898330845,-0.002496704825292192,0.5045159329728007
0.08497330731664146,-0.002496588954829109,0.5066520804452727
0.08497851564997447,-0.002496703248559347,0.5087673498278804
0.08498372398330747,-0.002496589767926093,0.5108884676001165
0.08498893231664048,-0.0024967063778879813,0.512984535028431
0.08499414064997349,-0.0024965946136327167,0.5150797893704733
0.08499707032498674,-0.0024967102195091037,0.5162400328450175
0.085,-0.0024965971100600645,0.517408418788853
0.08500010000000001,-0.0020088418155959965,0.5174496767502968
0.08500030000000001,-0.0010152366785908837,0.5175542747641063
0.08500046796603332,-0.00017373513945073495,0.517696302706396
0.08500064607835839,0.0007139144073089791,0.517983285501442
0.08500100000000001,0.002481833222565695,0.5194076005106665
0.08500103562246503,0.0024898006815928576,0.5196354942170854
0.08500110686739505,0.002497051304565464,0.5201306957095505
0.0850012493572551,0.0024954868955762437,0.5213707292466234
0.0850015343369752,0.002496112828985146,0.5249040419536676
0.08500204662656796,0.0024957565633740328,0.5347979329497925
0.0850030712057535,0.002495998922476961,0.567297433325855
0.08500473284609521,0.0024957967931145413,0.6516081532289798
0.08500650490245855,0.0024959535137530687,0.7776092390116703
0.08500888880351175,0.0024958070581088503,0.9916467259047589
0.08501131154690297,0.002495914408325122,1.2465541720589823
0.0850125469778102,0.0024958214952876968,1.3858713379190013
0.08501314159765755,0.00249585975140165,1.4523701147412502
0.08501342704935497,0.0024958917749837795,1.4785460309209553
0.08501372304938491,0.0024958103867402815,1.4934583690931411
0.08501388692155022,0.0024959445159118488,1.497336457972169
0.08501409690949663,0.0024957956372100784,1.5008503048025945
0.08501448212045731,0.0024959400926873147,1.504412237238576
0.0850148942133967,0.0024958081811710595,1.5064924668832669
0.08501534786921051,0.0024959299271367316,1.508005108613954
0.0850158509538534,0.002495820476799534,1.5092766883594306
0.08501654048435403,0.0024959218171541875,1.5108012043310595
0.08501749286901332,0.002495828579440678,1.512661766095723
0.08501883156918487,0.0024959187252354665,1.5150546970848093
0.08502072785502267,0.002495833621347328,1.5179833395889986
0.08502351428390297,0.002495917681207451,1.5215436807820844
0.08502725111311692,0.0024958345337877945,1.525101887313308
0.0850308815654377,0.00249591289631073,1.5275568920127545
0.08503517240791936,0.002495829878499236,1.529440897471996
0.0850399572580028,0.0024959048517284367,1.530624482232289
0.0850451655913358,0.0024958261933919054,1.531061355526373
0.08504910783516655,0.00249590379046439,1.5309946756085027
0.08505266674511856,0.0024958315824805555,1.5306790336318432
0.08505623624189919,0.002495909049936965,1.5302207988655059
0.08506006469726982,0.002495841091013264,1.5295559968709758
0.08506527303060282,0.0024959171484410948,1.5285040147676248
0.0850698482534778,0.0024958486904333474,1.5274289832372427
0.08507358662237212,0.0024959174218910037,1.5265125055006228
0.08507739262073662,0.002495847383160431,1.5255124143912033
0.08508114653160329,0.0024959112285068146,1.524522568038568
0.08508578843671268,0.0024958420435054907,1.5232432646647787
0.08509099677004568,0.002495904814241009,1.5218139090449587
0.08509513983511056,0.002495841676657121,1.5206466773787939
0.08509875961554833,0.0024959067137162528,1.5196493941263116
0.08510240586493335,0.00249584882619804,1.518621987898663
0.0851061073708988,0.002495913358404366,1.5176078873655188
0.0851106734879472,0.0024958587004850034,1.5163381734648889
0.0851158818212802,0.0024959201095075575,1.514929559219163
0.08511985111231625,0.002495862635871162,1.5138465081993422
0.08512342132551388,0.0024959174898096037,1.512903944478558
0.0851271007420041,0.002495859527975403,1.5119185439833247
0.08513128128056034,0.0024959104799579554,1.510835843599266
0.08513648961389335,0.0024958542274761716,1.5094802840560029
0.08514103293192044,0.002495906695392042,1.508336400478662
0.08514478766872959,0.0024958568617548253,1.5073831363982646
0.08514860086898142,0.002495910898199316,1.5064488167147647
0.08515222595433802,0.0024958652383980026,1.5055501188951927
0.0851564442880533,0.0024959184224123666,1.5045406644533221
0.08516165262138631,0.0024958742386544616,1.5032895692300672
0.08516581020269302,0.002495922079092457,1.5023245386335364
0.08516944557498526,0.0024958747807676445,1.5014717480093402
0.08517310913214783,0.002495917630280552,1.5006425874889031
0.08517696421744424,0.0024958702699746527,1.4997596401396849
0.08518186784964799,0.002495910502055592,1.4986741180378653
0.08518707618298099,0.002495866600671125,1.4975187541475858
0.08519105427687157,0.0024959100569497813,1.4966656600452608
0.08519466844213222,0.002495871673373666,1.4958812133434356
0.08519829031656219,0.0024959157335381122,1.495122402003205
0.08520223112455062,0.002495880587895958,1.4942865300454875
0.08520743945788363,0.002495923652357409,1.4932173966920403
0.08521193930182622,0.002495887035310116,1.492289304933015
0.08521569516306714,0.0024959236727191015,1.4915396274337602
0.0852195055090681,0.002495884973005486,1.4907688892940638
0.08522315084713378,0.0024959178616993554,1.490055500200275
0.08522770523126265,0.0024958795601138966,1.4891542057439129
0.08523291356459566,0.002495912097401347,1.4881538907585359
0.08523706511791578,0.002495879077907541,1.4873507034723634
0.08524072794491058,0.002495914490064061,1.486664095324386
0.08524441285723895,0.0024958857519409073,1.4859631471382473
0.0852482031357374,0.0024959214194651947,1.4852643859062726
0.08525300196854503,0.002495894966343199,1.4843704220921778
0.08525821030187804,0.00249592779121725,1.483426420492294
0.08526218622857328,0.0024958976605629147,1.4826990811049778
0.0852658194702094,0.002495924984994965,1.4820535790479725
0.08526945776903432,0.0024958938631129642,1.4813968285084025
0.08527361532344174,0.0024959184783957464,1.4806670520401912
0.08527882365677475,0.0024958887335408035,1.4797443249321298
0.0852832360579009,0.0024959156280959117,1.4789819898453131
0.08528699084971517,0.0024958914331039217,1.4783249632836648
0.08529078852623105,0.002495920344115123,1.4776781942021144
0.08529450403787633,0.0024958993565276167,1.4770360241525187
0.08529894811755286,0.0024959281080281105,1.4762870396303536
0.08530415645088586,0.0024959073071513316,1.4754012423628777
0.08530826528177124,0.0024959310027537008,1.4747180623148124
0.08531193343871511,0.0024959067115695663,1.4740991999472743
0.08531561842591102,0.0024959265109248526,1.47349238433852
0.0853194761624816,0.0024959017577703365,1.4728473984901518
0.08532462694231933,0.002495920051836558,1.4720040649979276
0.08532983527565234,0.002495898687454335,1.471144080457481
0.0853337934496348,0.0024959209429431003,1.470503590709499
0.08533781762689166,0.0024959043613977916,1.4698435321747223
0.08534150394658274,0.0024959276904303962,1.4692516369950863
0.08534585827482176,0.002495912975199948,1.4685429927249072
0.08535106660815477,0.0024959348569556284,1.467710133798145
0.08535524368699042,0.002495917044392567,1.467034730200346
0.08535894504459798,0.0024959335208590617,1.4664472911779975
0.08536266725881837,0.002495913759822618,1.465847404797493
0.08536651178972168,0.002495927658852626,1.4652389015252938
0.08537144666104249,0.0024959082176076483,1.4644480354594167
0.0853766549943755,0.002495923642502464,1.463624838730534
0.08538065956584914,0.0024959094523188904,1.4629846566128903
0.08538474217318189,0.0024959281202468213,1.4623423374579718
0.08538844034252203,0.0024959169143621567,1.461752584911792
0.08539272619477031,0.0024959357530009267,1.4610794835692984
0.08539793452810332,0.002495924886772848,1.4602524902519767
0.08540219136239306,0.0024959394483871863,1.4595846713191563
0.08540593051897187,0.002495924665099017,1.458990082210592
0.08540969550619469,0.002495935488572084,1.4583995106594176
0.08541352815473328,0.0024959197265705217,1.4577898502633704
0.08541834689548611,0.0024959292813643264,1.457031831256569
0.08542355522881911,0.002495916108149767,1.4562038166142572
0.08542760133519686,0.002495929506031682,1.4555670156792582
0.08543131618918924,0.0024959206817362863,1.4549748377363196
0.085435035626839,0.0024959356490078704,1.454388990227875
0.0854391604249644,0.002495928808387921,1.4537312058245013
0.0854443687582974,0.0024959432600211444,1.4529075895103336
0.08544880657717624,0.00249593379027874,1.4521981542445492
0.08545261423124002,0.00249594300821142,1.4515946459611422
0.08545646076615078,0.002495930853553695,1.450977026450324
0.08546025766257352,0.0024959375924441508,1.4503725416016715
0.08546487595633837,0.002495925288283632,1.4496284162102766
0.08547008428967137,0.0024959330899957974,1.4487935980667244
0.0854742100243658,0.002495925345271057,1.4481251448206485
0.08547794777986714,0.0024959365317642835,1.447524095445862
0.08548169604727618,0.0024959317692299977,1.4469142912670152
0.08548572523234053,0.002495943889791239,1.4462633743508286
0.08549093356567354,0.0024959400100710576,1.4454130871606885
0.08549557348435524,0.0024959490051752343,1.4446582113447008
0.08549945695089127,0.002495940783720485,1.444019255434506
0.08550339277154499,0.0024959457949295487,1.4433748430369546
0.08550717726462681,0.0024959360340685403,1.4427479447894382
0.08551169232063216,0.002495939824021619,1.4420027862000948
0.08551690065396517,0.0024959317285353985,1.4411341654751848
0.08552109793407263,0.002495939071923841,1.440435820672604
0.085524865278147,0.002495935319816449,1.4398024671983027
0.08552864736641626,0.0024959448090506146,1.4391694171388092
0.08553264201273494,0.0024959430018820583,1.4384939878517904
0.08553785034606795,0.0024959526861575813,1.4376149236656703
0.08554305867940096,0.0024959487208942315,1.4367270362791644
0.08554706229738158,0.002495953144197531,1.4360449892365106
0.08555111707851387,0.0024959456797281248,1.4353468261207818
0.08555491744322172,0.0024959478565328005,1.4346934540483882
0.08555957446206518,0.0024959401569735478,1.4338844218464972
0.08556478279539818,0.0024959436151896046,1.4329788148716178
0.08556893451307407,0.0024959402721656462,1.4322498859509354
0.08557271345628546,0.0024959472267344456,1.4315873448023986
0.08557650125475787,0.0024959465966062537,1.4309170693280815
0.08558060696838482,0.0024959546230303043,1.4301913364947407
0.08558581530171783,0.0024959544946117356,1.4292620705355967
0.08559041911501059,0.002495959412644141,1.4284391637793012
0.08559432042955763,0.0024959549037958566,1.4277349674518662
0.08559826699551569,0.0024959561721860576,1.4270221695719614
0.0856021143383926,0.002495950047513894,1.4263204643058138
0.08560678584831963,0.0024959503808137462,1.4254669984914974
0.08561199418165263,0.0024959460493227826,1.4245061464503337
0.08561617332927497,0.0024959502035173465,1.4237333988006091
0.0856199747888125,0.002495949899783985,1.4230244163776524
0.08562378542268158,0.002495956190399367,1.422313442770996
0.08562791031399197,0.002495957518973749,1.421537397774191
0.08563311864732498,0.002495963772552091,1.4205549045846109
0.0856377389030215,0.0024959624405756628,1.419675176152379
0.08564165991381169,0.0024959639046412186,1.4189264335126046
0.08564562528273029,0.0024959594413788123,1.4181622393258342
0.08564949862567504,0.0024959588192776942,1.4174137421901205
0.08565422574679578,0.0024959539275689188,1.4164917257747738
0.08565943408012879,0.002495954774474737,1.4154710177143812
0.08566361678211497,0.0024959541058279023,1.4146439916226516
0.08566743900682706,0.00249595850778674,1.4138864258955246
0.08567126874007229,0.0024959603595324864,1.4131215161095816
0.08567545050290423,0.0024959659077787126,1.4122841442779663
0.08568065883623724,0.002495967958073677,1.411232233126504
0.08568523677539479,0.0024959703866976857,1.4103029010343406
0.08568916026881401,0.002495968065023116,1.4094993157294664
0.08569312284600723,0.002495967105012338,1.4086843784958232
0.08569703677709971,0.0024959631483440926,1.4078723486437938
0.0857018815117846,0.002495961484422809,1.406861960341758
0.0857070898451176,0.002495959503348393,1.405765324950166
0.08571125660677203,0.002495961864271608,1.4048833883048755
0.08571551776564956,0.002495963980434731,1.4039743894413326
0.0857193621632607,0.0024959684567062465,1.4031511826324174
0.08572376904105729,0.0024959716400324147,1.402200310798989
0.0857289773743903,0.0024959754979630767,1.4010700084607688
0.08573337495972466,0.0024959752940207185,1.400106857530801
0.08573726290371146,0.002495974712232162,1.399250578490795
0.08574117340258645,0.0024959717725394704,1.3983818661077199
0.08574519846214244,0.0024959695167404484,1.3974825758760985
0.08575040679547545,0.002495966413081139,1.3963077591723454
0.08575561512880846,0.0024959665854211396,1.3951237096128026
0.08575971854766147,0.002495967998083127,1.3941826511531876
0.08576388283212098,0.002495971615047673,1.393222717153267
0.08576777879348348,0.002495974998709226,1.3923179142749031
0.08577251947303553,0.0024959792269588555,1.3912106109941929
0.08577772780636854,0.0024959814245499343,1.389982600471786
0.08578196193684058,0.0024959814782431456,1.388976621603699
0.08578583868626424,0.0024959797400818944,1.3880472223940892
0.08578972247305452,0.0024959773142031643,1.3871097870258027
0.08579397623613155,0.00249597447433224,1.3860734643971326
0.08579918456946456,0.0024959724206621574,1.3847935732420056
0.0858037717890107,0.0024959727630523947,1.3836548182354464
0.08580773798917109,0.0024959747237798136,1.3826633503569474
0.0858117386224027,0.002495978101376642,1.38165536611215
0.08581573369155635,0.002495981694313661,1.380642477006874
0.08582078569167123,0.0024959858278539183,1.3793500329289725
0.08582599402500424,0.002495987535230421,1.37800480918176
0.0858301609370552,0.002495987266426331,1.3769170319251138
0.08583440912445245,0.0024959849537631385,1.3757980039707816
0.08583831740539118,0.0024959826366648275,1.3747578028444758
0.08584293292756343,0.0024959795678184786,1.3735174482389891
0.08584814126089643,0.0024959785846312096,1.372100839714689
0.08585247861811164,0.0024959791971203397,1.3709088704787666
0.08585639911119526,0.0024959820321051526,1.369821129043502
0.08586033180516199,0.00249598504617015,1.3687213392016953
0.085864535053448,0.0024959893058424014,1.3675348589271152
0.08586974338678101,0.002495992363448852,1.3660491905261078
0.08587495172011402,0.0024959938883783277,1.3645434688603286
0.08587905834657224,0.0024959923057183047,1.363341497694179
0.08588319967049309,0.0024959904755204932,1.3621141455039287
0.08588721588874662,0.0024959872822516113,1.3609094443229102
0.08589242422207963,0.002495985306238965,1.3593243320660653
0.08589763255541263,0.0024959844847625024,1.3577143375344305
0.08590179571106016,0.002495986834958419,1.3564089508175834
0.08590602177205636,0.00249598947084944,1.3550677931318207
0.08590998762501119,0.002495993706131625,1.3537934893304204
0.08591482885691391,0.002495996976110862,1.3522168520461737
0.08592003719024692,0.002495999849613429,1.350491471372367
0.085924311574022,0.0024959990052111844,1.3490509084509135
0.08592867393978018,0.002495997800253798,1.3475546218740815
0.08593262035923295,0.00249599461283781,1.3461769646546584
0.08593714262402785,0.0024959925930831436,1.344567742208787
0.08594235095736086,0.002495990377466605,1.3426727799060776
0.08594681231513325,0.0024959918559154027,1.3410124915337782
0.08595079454689332,0.002495993445787354,1.3395010330179837
0.08595479472216193,0.002495997538425703,1.3379533253084954
0.08595897874310288,0.0024960005553266947,1.3363014610084378
0.08596418707643588,0.0024960048834373324,1.3341930458469662
0.08596939540976889,0.002496005356193066,1.3320199543602549
0.08597355295161326,0.0024960051855928856,1.3302322385265257
0.08597775326379628,0.0024960021784263295,1.3283721547694791
0.08598179484607016,0.002496000371826813,1.3265255317532396
0.08598698749853198,0.0024959970982875953,1.3240628465137667
0.08599219583186499,0.00249599756976956,1.3214811959603403
0.08599641007624952,0.002495998477286854,1.3193031273840627
0.08600069516676344,0.0024960024786900223,1.3169990113649321
0.08600470120814571,0.002496005273293399,1.3147564173159554
0.08600955168426497,0.0024960099648871793,1.3119137212567935
0.08601476001759797,0.0024960114175112203,1.3086857908339569
0.08601908400900389,0.0024960121234881135,1.3058484784680455
0.08602349271512592,0.0024960095141581895,1.3027867232708776
0.08602748581462856,0.002496007924877846,1.2998488370194667
0.08603206099148986,0.0024960045080349566,1.2962673847114912
0.08603726932482286,0.002496004011397478,1.291881987502284
0.08604175997696381,0.0024960040753756745,1.2878148951963397
0.08604578684789084,0.00249600733827944,1.283927530759861
0.08604982960469068,0.0024960099347451892,1.2797858833467095
0.08605409158879143,0.0024960146031560593,1.2751531713053204
0.08605929992212444,0.0024960172807281223,1.2691131040686836
0.08606450825545744,0.002496019328176071,1.2626549804267484
0.08606869203093469,0.002496017575021964,1.2571670319739416
0.0860729113818676,0.002496016304615316,1.2513692172761344
0.08607702706564146,0.002496013033149914,1.2454691150231352
0.08608223539897447,0.00249601176757867,1.2376805654887106
0.08608744373230748,0.0024960110056368476,1.2295650591628424
0.08609167603655411,0.002496013856779321,1.2227588300949417
0.08609596497656512,0.002496016398453061,1.2156959903871576
0.08610004498910061,0.0024960209924642933,1.2088461141603604
0.0861051382007559,0.0024960241261057607,1.200146802085645
0.0861103465340889,0.002496027032246584,1.191111112293913
0.08611463982652263,0.002496025925797954,1.183574404101856
0.08611900561057481,0.0024960250057984835,1.1758421763122882
0.08612305621877776,0.002496021858954163,1.1686139986665844
0.08612788126582438,0.0024960203837628,1.1599470761514554
0.08613308959915739,0.0024960188254462535,1.1505351770409726
0.08613749800544346,0.002496021059942074,1.1425360032411356
0.08614198709758258,0.002496023323980647,1.1343719194804587
0.08614604735310451,0.0024960277971608977,1.1269822475738178
0.08615067578448005,0.002496030916837374,1.1185617311157743
0.08615588411781305,0.0024960346431056784,1.1091006866441886
0.08616041812772267,0.0024960343084149787,1.1008805756324889
0.08616449672011502,0.002496034008615238,1.0935003865460708
0.0861685898274486,0.002496031071374,1.0861058217465513
0.08617292947650013,0.002496029527235769,1.0782787180625575
0.08617813780983313,0.0024960270464280884,1.0689015195539155
0.08618334614316614,0.0024960285199520983,1.0595471379371
0.08618757769155713,0.0024960300577821634,1.0519679490270102
0.08619183902262549,0.0024960344021375037,1.0443607276095441
0.08619605705788047,0.0024960373496122528,1.0368596937513548
0.08620126539121348,0.0024960417807195316,1.027643161781868
0.08620647372454648,0.0024960423790613925,1.0184772325211158
0.08621073001018323,0.0024960424750325428,1.0110233707352219
0.08621502999790276,0.002496039690928,1.0035221004417862
0.08621919886758439,0.0024960381763212973,0.9962751404427359
0.0862244072009174,0.002496035341718886,0.987252295579328
0.0862296155342504,0.002496036198465317,0.9782650346301991
0.086233915699724,0.0024960373455278025,0.9708734761417559
0.08623827538707184,0.0024960414691706846,0.9634111068339234
0.08624242489618347,0.0024960443601739998,0.9563409211783607
0.08624759668940024,0.00249604902631731,0.9475783596293754
0.08625280502273325,0.0024960501699730258,0.9388092213923005
0.08625715399440312,0.002496050640028293,0.9315282824735427
0.08626156854281802,0.0024960480877575346,0.9241711422617332
0.08626570186264251,0.002496046591385135,0.9173104321590876
0.08627069120239128,0.00249604359968556,0.9090595182776726
0.08627589953572429,0.0024960438788901793,0.9004819384794494
0.08628032295228208,0.002496044643591532,0.8932263570822936
0.08628481711347447,0.0024960485321105334,0.8858870194938476
0.08628895354468885,0.0024960513656494725,0.8791635324091326
0.0862937923879298,0.002496055968182615,0.8713416514620922
0.0862990007212628,0.0024960576740391616,0.8629751216294731
0.08630350223338429,0.0024960585827241274,0.8557871555824935
0.08630807778886886,0.0024960563130558763,0.8485170439663339
0.08631221975943136,0.0024960548576436004,0.8419640370619198
0.08631693249243262,0.00249605182242187,0.8345355037484972
0.08632214082576563,0.0024960515568143342,0.8263586187950419
0.08632673756591681,0.0024960519197431727,0.8191707537187501
0.08633090426312252,0.0024960551914019143,0.8126823309238136
0.08633508239457433,0.002496057925652518,0.8062046765917071
0.08633957221724257,0.0024960624029084174,0.7992801339133216
0.08634478055057558,0.0024960647628885077,0.7912960100033823
0.08634998888390859,0.0024960662853635023,0.7833637939026159
0.0863542770275579,0.0024960644828573176,0.7768680430582873
0.08635858512057734,0.002496063072297285,0.770370357966311
0.08636296439591956,0.002496060089305048,0.7637896909561116
0.08636817272925257,0.0024960592651234364,0.7559931269195578
0.08637338106258557,0.0024960592547745024,0.7482285913071512
0.0863776889468935,0.0024960622972187785,0.7418340446122076
0.08638202273477388,0.0024960650490401756,0.7354295131553635
0.08638637413534903,0.0024960693937549857,0.7290320387814211
0.08639158246868203,0.002496071987980749,0.7214201468672047
0.08639679080201504,0.002496073789839654,0.7138580170255492
0.08640111550603126,0.0024960722419136647,0.7076130724246887
0.08640547304730195,0.002496070902084609,0.7013485377756676
0.08640979758996749,0.002496067957806252,0.6951544245953966
0.0864150059233005,0.002496066899134718,0.6877223235833564
0.0864202142566335,0.0024960666035871316,0.6803197579007668
0.08642456181013525,0.0024960693913207714,0.6741663065227718
0.08642894993073048,0.002496072068004535,0.6679823919022073
0.08643325940998094,0.0024960763363677738,0.6619399898557332
0.08643846774331394,0.002496079114060153,0.6546801480374125
0.08644367607664695,0.002496081152265111,0.6474678806582916
0.08644804371704039,0.002496079838216241,0.6414531650436195
0.08645245947345577,0.0024960785697996776,0.6353995860131274
0.08645675622863248,0.0024960756737163045,0.6295309926924048
0.08646196456196549,0.0024960744426071103,0.622443382566256
0.0864671728952985,0.002496073924568407,0.6153830240999575
0.0864715687142756,0.002496076499335312,0.6094481113137071
0.0864760148863978,0.002496079111569862,0.6034708320575556
0.08648030943986468,0.0024960833088513742,0.5977261591824609
0.08648551777319768,0.00249608620373502,0.5907996840119493
0.08649072610653069,0.0024960884022494413,0.5839186097332775
0.08649514567812781,0.0024960872682412002,0.5781121935940504
0.08649961714865684,0.0024960860539308912,0.5722644437044837
0.086503911563386,0.0024960832063111757,0.5666690973874576
0.086509119896719,0.0024960818735584797,0.5599073031262939
0.086514328230052,0.0024960812219268014,0.5531706947660194
0.08651877180394087,0.002496083649556737,0.5474457781853224
0.0865232679875706,0.0024960862197154895,0.5416774795288182
0.08652756904531382,0.0024960903571958682,0.5361867872535147
0.08653277737864683,0.002496093302716907,0.5295763573751737
0.08653798571197983,0.0024960955716745756,0.5230092132517741
0.08654244787314233,0.002496094548405712,0.5174144599376845
0.08654696286276867,0.002496093361195624,0.511779504394224
0.08655127153999323,0.00249609055646774,0.506421910122619
0.08655647987332624,0.002496089183640635,0.4999683543844815
0.08656168820665924,0.002496088484985118,0.4935381145269598
0.08656616742277624,0.002496090831513988,0.488029220605417
0.08657069911756933,0.0024960933837186983,0.4824790286639311
0.08657501974454349,0.002496097473283789,0.47721340755715447
0.08658022807787649,0.002496100416648573,0.47090261726501825
0.0865854364112095,0.002496102678795649,0.46463309405396175
0.0865899278113228,0.002496101701446296,0.45925691015178566
0.08659447103884334,0.00249610051541583,0.453843647484373
0.08659880421772782,0.0024960977464352704,0.4486995252765474
0.08660401255106083,0.0024960963806486755,0.4425376267832383
0.08660922088439384,0.002496095704157287,0.4363973507974562
0.08661372262399814,0.0024960980253971744,0.43111003033455114
0.08661827517699212,0.00249610057928906,0.4257851842164812
0.08662262386281698,0.0024961046311639764,0.4207238720991452
0.08662783219614999,0.002496107532561927,0.4146971681455143
0.086633040529483,0.002496109729205279,0.40870982651107296
0.0866375490798254,0.002496108745644692,0.4035559208528117
0.08664210722127041,0.002496107540838296,0.39836902489188053
0.08664647232077376,0.00249610480172863,0.3934196477068056
0.08665168065410676,0.0024961034791697997,0.3875338595003652
0.08665688898743977,0.002496102876513814,0.3816681672446797
0.08666140280399538,0.0024961052157354384,0.37660345349592317
0.08666596473398462,0.0024961077855865585,0.37150590537192874
0.0866703486388482,0.0024961118076230805,0.36663157751692455
0.08667555697218121,0.002496114635396974,0.36087434780054384
0.08668076530551422,0.00249611672249999,0.35515469036015884
0.08668528225205116,0.0024961156929007556,0.35022187521868503
0.08668984563958687,0.002496114455398413,0.34526068507589625
0.08669425000232527,0.0024961117423093863,0.3404892247325548
0.08669945833565827,0.002496110493415913,0.33486509590814934
0.08670466666899128,0.002496110004853268,0.329259698540003
0.0867091855865291,0.0024961123961776592,0.324414090590029
0.08671374904973904,0.0024961149919573715,0.31954097346856425
0.08671817631117361,0.0024961189899625306,0.3148369908090021
0.08672338464450662,0.002496121715447621,0.30933566994289724
0.08672859297783962,0.0024961236567715307,0.3038702353626235
0.08673311289091833,0.002496122548865804,0.2991533574197564
0.08673767522330611,0.0024961212690796683,0.29441315482627306
0.08674212818774274,0.0024961185803924557,0.28980245608947064
0.08674733652107575,0.00249611743528142,0.2844266626950317
0.08675254485440875,0.0024961170967258118,0.27906839779538467
0.086757064963244,0.0024961195699901525,0.27443514459983626
0.08676162511654932,0.0024961221994915773,0.2697803383372742
0.08676610696634665,0.0024961261773574525,0.2652287535645288
0.08677131529967966,0.002496128769628739,0.25997089495655035
0.08677652363301266,0.002496130529262915,0.25474732039197723
0.08678104394628841,0.002496129313482913,0.2502385079340154
0.08678560161859286,0.0024961279836889006,0.24571196232234196
0.0867901170194118,0.002496125320963749,0.24124235388761134
0.08679532535274481,0.002496124314814282,0.23610269521397004
0.08680053368607782,0.0024961241657569903,0.23097952953704154
0.0868050538763071,0.0024961267515983495,0.22654956214265884
0.08680960840059315,0.0024961294220812954,0.22210483370132594
0.08681416250168868,0.0024961333818374954,0.2176836669670804
0.08681937083502168,0.0024961358006391795,0.21265799693621829
0.08682457916835469,0.0024961373347406716,0.20766505898883603
0.08682910033906226,0.002496135978356293,0.20335416547399213
0.08683365236156242,0.0024961345914468777,0.19903196201295872
0.08683825338979269,0.002496131960932284,0.1946773356039452
0.0868434617231257,0.002496131143359769,0.18976272139802908
0.0868486700564587,0.002496131236564849,0.18486375349708123
0.08685319414821838,0.002496133974011361,0.1806242489701364
0.08685774375870785,0.0024961366938007646,0.17637931948423247
0.08686240209916304,0.0024961406342760236,0.17205632402008816
0.08686761043249605,0.0024961428170971398,0.16725285369960516
0.08687281876582906,0.002496144060199609,0.16248055318519677
0.0868773494220368,0.002496142518240362,0.15835105557472762
0.08688189893029281,0.0024961410659904456,0.1542210295659481
0.08688663174994134,0.002496138485074197,0.14993797379355925
0.08689184008327434,0.0024961379408935773,0.14523847503952061
0.08689704841660735,0.0024961383630574974,0.14055402891610447
0.0869020522790056,0.002496141605977208,0.1360719020670372
0.08690659196294559,0.0024961444125695,0.13202501969368052
0.0869115606571811,0.0024961483389524357,0.12762132911859925
0.0869167689905141,0.0024961499715923986,0.12303509591034138
0.08692197732384711,0.002496150586218849,0.11847795737958837
0.08692681193536565,0.002496148545318633,0.11426930106619047
0.08693138169920706,0.002496146980806517,0.11030623045535362
0.08693659003254006,0.0024961446059523044,0.10580273513189625
0.08694179836587307,0.002496144897565341,0.10131287317810617
0.08694700669920608,0.0024961462122235823,0.09683866525737668
0.08695171040207321,0.002496149774460229,0.09281588402525594
0.08695635390482961,0.002496152664750176,0.08886507362826579
0.08696156223816262,0.0024961562178106482,0.08446154205565626
0.08696677057149563,0.0024961569465880504,0.08008710889142222
0.08697139443088052,0.0024961568497413175,0.07622577417829182
0.08697605164670276,0.0024961545403881643,0.07235316698509361
0.08698067608434774,0.002496152999984562,0.06852074266735689
0.08698588441768075,0.0024961510698810504,0.06421638058209908
0.08699109275101376,0.0024961520155485947,0.0599252166253002
0.08699570132272935,0.002496153559003413,0.05614145498447074
0.08700033806579638,0.002496157223921721,0.05235151751203094
0.08700503517229889,0.0024961600595628172,0.04853295997230268
0.0870102435056319,0.0024961632705575196,0.04432615002424313
0.0870154518389649,0.0024961635580472282,0.040147035357907
0.08702005494095186,0.002496163147212912,0.03647397261925161
0.08702468006466446,0.002496160726249038,0.0327980883349036
0.08702947421048979,0.002496159235859126,0.028999977541437048
0.0870346825438228,0.002496157688709485,0.024884921957630916
0.0870398908771558,0.002496159105946641,0.02078281577857985
0.08704498766746602,0.0024961612696696197,0.016784558872783285
0.08704959711929611,0.002496165053809813,0.01318680494819604
0.08705467380636499,0.0024961678739241367,0.00924799098682656
0.087059882139698,0.002496170404490277,0.005234625732029443
0.087065090473031,0.002496169913815544,0.0012469026311936002
0.08706997447162731,0.002496168907376208,-0.0024729995647877557
0.08707462459992628,0.002496166355969607,-0.006001917503158986
0.08707983293325929,0.0024961651649861335,-0.009942887179047113
0.08708504126659229,0.0024961645635238595,-0.013872826023558932
0.0870902495999253,0.002496166976509186,-0.017788798674696796
0.08709499451885697,0.002496169492044885,-0.021340407597810213
0.0870997414325029,0.0024961733588109844,-0.024873788930683035
0.08710494976583591,0.002496175658363735,-0.028725434407054072
0.08711015809916892,0.0024961772111408336,-0.032550537385513924
0.08711483003615937,0.002496175959220448,-0.0359621509159916
0.08711952765692882,0.002496174667011078,-0.03937768489466712
0.0871243000736887,0.00249617216066197,-0.04283666398810956
0.0871295084070217,0.0024961715232547925,-0.046601220814203294
0.08713471674035471,0.0024961716945386685,-0.05035477713791256
0.08713937717710563,0.002496174434992714,-0.0537009504559871
0.08714405604698774,0.0024961770812376343,-0.057044739608509795
0.08714895765496222,0.002496180889386824,-0.060526775686656466
0.08715416598829523,0.0024961826853316313,-0.06420160772207645
0.08715937432162824,0.0024961836223449264,-0.06785145191539838
0.0871644769347488,0.0024961817982491023,-0.07140733875107566
0.08716914869561271,0.0024961803562314052,-0.0746497653996802
0.08717435702894571,0.0024961780171664635,-0.0782541649871415
0.08717956536227872,0.002496178175411275,-0.0818484986641706
0.08718477369561173,0.0024961792311563014,-0.08543108501159978
0.08718965514092605,0.002496182659908614,-0.08877379796387377
0.08719439382042195,0.002496185430210178,-0.09200097385484832
0.08719960215375495,0.002496188880479743,-0.0955242034703319
0.08720481048708796,0.0024961896319522026,-0.09902260879122574
0.08721001882042097,0.0024961895190611727,-0.10249885200544248
0.08721477793406596,0.0024961872398196906,-0.10566045225668508
0.08721965441962704,0.002496185786277071,-0.10888928640963356
0.08722486275296004,0.0024961841393269795,-0.11232881080947654
0.08723007108629305,0.002496185334700759,-0.1157581598602997
0.08723527941962606,0.002496187294975651,-0.11917407668155161
0.08723998914269343,0.0024961909799905706,-0.12224690263326192
0.0872451041530663,0.0024961937231486753,-0.12556311407982448
0.0872503124863993,0.0024961962833753727,-0.12891534763326862
0.08725552081973231,0.00249619591215987,-0.13224482351417507
0.08726055699283963,0.002496195016103671,-0.13544637521546998
0.08726529473171364,0.0024961925389965453,-0.13844678457802168
0.08727050306504665,0.0024961914363864613,-0.14173577591344502
0.08727571139837965,0.002496190819852365,-0.1450160263685429
0.08728091973171266,0.0024961931408863966,-0.14828480045782996
0.08728577154160976,0.0024961955758784427,-0.15131570779476805
0.08729061704538449,0.0024961993663558295,-0.15432462738691882
0.0872958253787175,0.002496201511707322,-0.15753628466530678
0.0873010337120505,0.0024962029996418653,-0.16072446462750462
0.08730624204538351,0.0024962016140728316,-0.16389282241342024
0.08731100737772748,0.00249620033265265,-0.16677831640251078
0.08731605322380227,0.0024961979123062214,-0.1698242660475965
0.08732126155713528,0.002496197632333449,-0.17295991101198246
0.08732646989046829,0.0024961981201837347,-0.17608626565744204
0.08733165753908649,0.002496201325998217,-0.17918676895071958
0.08733641576833728,0.002496203979987286,-0.18201488801604285
0.08734162410167029,0.002496207587750223,-0.1850891948697405
0.0873468324350033,0.0024962087009410554,-0.1881405358133405
0.0873520407683363,0.002496209012774564,-0.19117083078710254
0.08735698138916762,0.0024962069194541378,-0.19403034725972967
0.08736182841225809,0.0024962055174873933,-0.19682546532174205
0.0873670367455911,0.002496203653082803,-0.1998210528564062
0.0873722450789241,0.0024962044845817533,-0.20280829469975462
0.08737745341225711,0.002496206064591331,-0.20578452357328664
0.08738227407443337,0.0024962096279091336,-0.20852500047885636
0.08738730268850212,0.0024962123211285992,-0.21136530739820944
0.08739251102183512,0.0024962151306725097,-0.21428488181280664
0.08739771935516813,0.0024962151075023573,-0.21718308195929414
0.08740292768850114,0.0024962144665906295,-0.2200634430027841
0.08740772050827286,0.002496212071752241,-0.22270281912088416
0.08741292884160587,0.0024962109054194733,-0.22556248667463294
0.08741813717493888,0.002496210038110178,-0.22841483667293835
0.08742334550827188,0.0024962120602070115,-0.2312576869891594
0.08742836173799237,0.0024962143579656012,-0.2339829694288301
0.08743322728308829,0.0024962180844342297,-0.23661002142496965
0.0874384356164213,0.002496220284584191,-0.2394015392764432
0.0874436439497543,0.002496221970272911,-0.2421712893252896
0.08744885228308731,0.0024962207995738984,-0.24492246852816366
0.08745372365786372,0.0024962196341865965,-0.24748278935905255
0.08745876615893791,0.0024962172371141168,-0.25012444405782275
0.08746397449227092,0.002496216863453943,-0.2528457916103707
0.08746918282560392,0.002496217144599878,-0.255559379833644
0.08747439115893693,0.002496220163166204,-0.2582613430561884
0.08747922142467655,0.0024962227291122456,-0.2607528594753814
0.08748442975800956,0.002496226321100932,-0.2634198494146452
0.08748963809134257,0.002496227515134289,-0.26606563511184383
0.08749484642467557,0.0024962279950290797,-0.2686918415984411
0.08749792321233779,0.0024962266520280156,-0.2702357700937314
0.08750100000000001,0.0024962260463342258,-0.271775384548943
0.08750110000000001,0.0020084133705186896,-0.27183061955355264
0.08750130000000002,0.001014808905467463,-0.2719556393213558
0.08750146520068611,0.00018712419820728825,-0.27210960817938135
0.08750164015908468,-0.0006848051859002288,-0.27240004201532875
0.08750182007954235,-0.001583872530473968,-0.27292998998878654
0.08750200000000001,-0.00248175465732738,-0.27379871092865155
0.08750203598409154,-0.0024900036678812817,-0.274028366859376
0.0875021079522746,-0.0024975294810713304,-0.27452689565804117
0.08750225188864073,-0.0024958993836297354,-0.2757737023421164
0.087502539761373,-0.0024965493133752323,-0.279318906162645
0.08750304550157216,-0.0024961843917998905,-0.2889433883871028
0.08750405698197047,-0.0024964289277650646,-0.32018509484054347
0.08750547103057608,-0.0024962332332110083,-0.3873286263624119
0.08750713136137601,-0.0024963814210165096,-0.49478633031433505
0.0875092057594581,-0.0024962514550573027,-0.6613685328158336
0.08751167207179258,-0.002496345421368237,-0.8898013468651961
0.08751471151695903,-0.0024962532866517344,-1.1914513243276992
0.08751828123632595,-0.0024963145632109955,-1.5407987601382256
0.08752261685698266,-0.002496248628000613,-1.9163619614130076
0.08752762620641263,-0.0024965483865544706,-2.2442323812048657
0.08753221256863336,-0.0024967160071559906,-2.446773713965154
0.08753688698336483,-0.002497023708214038,-2.5821368859237555
0.0875398507400278,-0.0024970564120453983,-2.6413339072935305
0.08754118141869968,-0.002497174956980842,-2.662947938559496
0.0875420059681083,-0.0024971225985223437,-2.6737632036684906
0.08754261939203858,-0.00249709421789601,-2.6737967275470917
0.08754338215048797,-0.002497196443529261,-2.6736901884039233
0.08754415887218227,-0.0024970428868522306,-2.6737085751133196
0.08754543731110714,-0.00249723417397082,-2.6735721938975576
0.0875467997278304,-0.002497022968340179,-2.6735494305584506
0.08754866146934664,-0.0024972549393834018,-2.6733724838750974
0.08755083533373428,-0.0024970162302031407,-2.6732893936431057
0.08755406551165919,-0.0024972721260773283,-2.6730128681015937
0.08755811736862179,-0.0024970231602690356,-2.672788929271539
0.08756293020954782,-0.0024972933014995114,-2.6723882317984775
0.08756813854288083,-0.0024970367516065455,-2.672069629706275
0.08757334687621383,-0.0024973116192426722,-2.6716329061441444
0.08757756846965196,-0.0024970422926099594,-2.67138192043296
0.08758181182265144,-0.002497321277092263,-2.6710147016162
0.08758609131918335,-0.002497042729460919,-2.670758678449834
0.08759129965251636,-0.002497330576923754,-2.6703215720721802
0.08759650798584936,-0.0024970495162694884,-2.669997717682855
0.08760079784208331,-0.0024973465283741367,-2.6696286044081536
0.08760511870285533,-0.002497061008491289,-2.669369479035484
0.08760940560511045,-0.0024973659089005326,-2.6690013737652567
0.08761461393844346,-0.002497075443757968,-2.6686772619192896
0.08761982227177646,-0.002497384083313416,-2.668242489560125
0.08762409590911915,-0.0024970835141223044,-2.667986036249318
0.08762841083289762,-0.002497393100758429,-2.667616647451226
0.08763261701990052,-0.0024970857875201377,-2.6673643662900393
0.08763782535323353,-0.0024974010864669276,-2.6669299495978014
0.08764303368656653,-0.002497093226076414,-2.6666036517993437
0.08764737883952638,-0.002497415365379687,-2.6662321733041687
0.08765177775127264,-0.0024971059153484306,-2.665964017759216
0.087656006714762,-0.002497433537466593,-2.665600940778495
0.087661215048095,-0.0024971217909383644,-2.6652723133349667
0.08766642338142801,-0.0024974516328011166,-2.6648369529118954
0.0876707688294023,-0.0024971319486392267,-2.6645702852032596
0.08767517390535916,-0.0024974603580230756,-2.664193466106893
0.08767935297595787,-0.002497135800819135,-2.6639377600669856
0.08768452377218536,-0.0024974673998919817,-2.663504003007317
0.08768973210551836,-0.0024971437666261795,-2.663170856748029
0.08769415802278284,-0.0024974804532291,-2.66279146129792
0.08769864484749454,-0.002497157432731235,-2.6625102141086123
0.08770285922571684,-0.002497497771141053,-2.662145989317577
0.0877079590788087,-0.0024971742479860397,-2.661817641689573
0.0877131674121417,-0.0024975156422217086,-2.6613785824140503
0.08771760277672823,-0.002497186116384748,-2.661098006297419
0.08772210346380285,-0.0024975243381643816,-2.6607108530423784
0.08772628646750993,-0.0024971912992916194,-2.660447558226514
0.08773125613835206,-0.0024975306307438495,-2.660024381055205
0.08773646447168507,-0.002497199550550003,-2.659682238929556
0.08774098464037398,-0.002497542745932015,-2.6592917552160644
0.0877455698950386,-0.0024972139682886423,-2.6589946241055133
0.08774979072759934,-0.0024975594800005297,-2.658625754627228
0.08775471195886929,-0.0024972313658959164,-2.6583010853816273
0.0877599202922023,-0.002497577082666562,-2.657855674528275
0.08776446028062118,-0.0024972447193428705,-2.657557505890097
0.08776503624032217,-0.0024974139683306648,-2.6574893924018
0.08776618815972415,-0.0024974152885384867,-2.6574008039257278
0.08776647613957464,-0.0024974151111159253,-2.6573796766102715
0.08776677210548957,-0.0024974155653956906,-2.657390087204366
0.0877668460969683,-0.0024974148451349103,-2.6573517996290525
0.08776690636790069,-0.0024974192782560127,-2.657351186750376
0.08776693912654934,-0.002497411120312399,-2.657345416373827
0.08776695745259672,-0.002497418228803246,-2.6573405665288634
0.08776696786088392,-0.002490346840574534,-2.654655697334839
0.08776697592311021,-0.0024552874438368974,-2.6403566662808275
0.08776698248600433,-0.0024581384488511497,-2.6241500989462354
0.0877669897501816,-0.0024681528236075094,-2.6071776291753026
0.08776699991205056,-0.002468472398405003,-2.5824894072602427
0.08776701046296377,-0.002481754410662227,-2.5583606309763853
0.08776702268188381,-0.002487552598187042,-2.5322246561574375
0.08776703188499257,-0.0024990025274374277,-2.5158488032187094
0.0877670434059411,-0.002504145787339644,-2.4994636524101947
0.0877670607722875,-0.0025129118081170677,-2.484245143948645
0.08776707076897902,-0.002510578484835852,-2.4791496896351566
0.08776708041159326,-0.0025110650256064335,-2.476157341144642
0.08776708767914651,-0.0025080100878724595,-2.474449175503703
0.08776709465871003,-0.0025076102505177597,-2.4733857355142796
0.08776710094934621,-0.0025053412626088057,-2.4725655748185322
0.08776710674843465,-0.00250472941886776,-2.472055500584029
0.08776711256515736,-0.0025031866245450404,-2.471603083256157
0.08776711848759483,-0.0025024277589522515,-2.47127472337536
0.0877671251719625,-0.0025012382012951466,-2.47096658732883
0.08776713194831352,-0.0025004706679514366,-2.470736555415593
0.08776714042484446,-0.0024995254961234408,-2.470515576611204
0.08776714962819164,-0.002498810633554018,-2.4703384651194713
0.08776716207215995,-0.0024980998399974797,-2.4701707868059355
0.08776717745103799,-0.0024975526407296834,-2.4700193266529435
0.08776720187827948,-0.0024971664755029785,-2.4698559785442096
0.08776723561477778,-0.0024969838825503418,-2.46967050341052
0.08776730308777439,-0.002496993706632657,-2.4693457230510645
0.08776741672043425,-0.0024969725543952815,-2.468792714173482
0.087767643985754,-0.0024969955802558127,-2.467702793703149
0.08776809851639349,-0.0024969648006657845,-2.465527022602152
0.08776900757767246,-0.0024969848693681615,-2.461266327618619
0.0877708257002304,-0.002496942008843577,-2.453024576542164
0.08777446194534627,-0.002496943160664721,-2.4376083641562407
0.08777967027867928,-0.002496881382091272,-2.4175738140992165
0.08778487861201228,-0.0024968830443388235,-2.399477512787847
0.08778897762354387,-0.0024968374739950424,-2.3862776433230994
0.08779311899627645,-0.0024968519105453813,-2.373673288372716
0.08779706997702968,-0.002496811073754786,-2.362178755782938
0.08780205989406,-0.0024968253701851285,-2.348252994310087
0.087807268227393,-0.0024967800685886743,-2.334239147366356
0.08781141171456275,-0.0024967949010969467,-2.3233912021020786
0.08781563945217116,-0.002496750015987136,-2.312510631176375
0.08781950589712202,-0.0024967646628697923,-2.302702060390997
0.0878240323750922,-0.002496718649856514,-2.291329216129484
0.08782924070842521,-0.002496731281883494,-2.2783702303336493
0.08783361108788451,-0.0024966898858807874,-2.2675591461548557
0.08783753279925696,-0.0024967108917236707,-2.2579071942900666
0.08784146993447195,-0.002496673512088849,-2.2482384303949527
0.08784562344423175,-0.0024966959347696924,-2.2380732763058946
0.08785083177756475,-0.002496655580759619,-2.2253444733887955
0.08785604011089776,-0.0024966732388146374,-2.2126452525483917
0.0878601284012806,-0.0024966314870860985,-2.2026765958671763
0.08786425833889693,-0.002496649017158966,-2.1926159050402734
0.08786821332079535,-0.0024966060300902738,-2.1829694694204904
0.08787327414193061,-0.002496621456555268,-2.1706267002456006
0.08787848247526361,-0.0024965777347541796,-2.157903147931883
0.08788267074892855,-0.0024966000849844117,-2.147671192134356
0.08788693819897232,-0.0024965624988386604,-2.137232017244795
0.08789087668212137,-0.0024965879891410948,-2.1276034085341404
0.08789554762107253,-0.0024965504077007514,-2.1161739638315686
0.08790075595440554,-0.0024965725946877464,-2.103438176106652
0.08790507252982929,-0.002496532182162259,-2.0928738137629033
0.08790898954026784,-0.0024965537045884435,-2.083292303384605
0.08791291710461921,-0.002496511728339502,-2.0736715176352534
0.08791714563571881,-0.0024965318743114633,-2.0633147468694792
0.08792235396905182,-0.002496487782035532,-2.0505374192212784
0.08792756230238483,-0.002496509692572795,-2.0377577019455564
0.08793168608008721,-0.0024964722774529443,-2.027627161534915
0.0879358411801639,-0.002496499862592854,-2.017427421308882
0.08793990084198558,-0.0024964641891613323,-2.0074562546298056
0.08794510917531859,-0.002496490816275785,-1.9946795240999873
0.0879503175086516,-0.0024964511613408936,-1.9819023503377755
0.08795446979469172,-0.002496475717217014,-1.9717272895735503
0.08795867760719214,-0.0024964343087667293,-1.9614094060778857
0.08796265605723486,-0.002496457889433361,-1.9516610122377318
0.08796758064867174,-0.0024964150787711533,-1.9395827791792104
0.08797278898200475,-0.002496439248288571,-1.9268145216153147
0.08797705742235981,-0.0024964016914162117,-1.916344006520714
0.0879814083381316,-0.0024964315473398036,-1.9056837494038639
0.08798538273069412,-0.0024963966807165583,-1.8959458819622947
0.08799000440794591,-0.0024964276101223024,-1.884642675939515
0.08799521274127892,-0.002496390472891597,-1.8719139336297002
0.08799961937611855,-0.002496418678404674,-1.8611654972574279
0.08800359278069216,-0.0024963792028953077,-1.8514755246965189
0.08800757952382082,-0.0024964059305350454,-1.841767095951924
0.08801182250580797,-0.002496364952267842,-1.8314318747863971
0.08801703083914098,-0.002496391280908685,-1.8187598124185984
0.08802223917247398,-0.0024963525524443705,-1.806088930610801
0.08802640310178718,-0.0024963848200444372,-1.7959751074902361
0.0880306008676606,-0.0024963502945542938,-1.7857840663344
0.08803469952525038,-0.0024963847432104233,-1.7758562787405265
0.08803990785858339,-0.002496349845682364,-1.7632572721717328
0.08804511619191639,-0.0024963818969784865,-1.7506941388551795
0.08804930963948748,-0.0024963435633823506,-1.7405915939550747
0.08805355894106338,-0.0024963733854271035,-1.730376482069118
0.08805759080975588,-0.0024963334427624126,-1.7206883340583201
0.08806260680712696,-0.0024963630795367,-1.7086568916680718
0.08806781514045997,-0.002496324614579016,-1.6961731034242054
0.08807210393347775,-0.0024963593416346716,-1.6859148651394888
0.08807646905856148,-0.002496325119428027,-1.675484855113815
0.08808049286211234,-0.00249636264967522,-1.6658966458426845
0.08808523573034073,-0.002496329124302964,-1.6546148201589763
0.08809044406367374,-0.0024963658470753022,-1.6422689396845276
0.08809484432825655,-0.0024963288309712214,-1.6318603622942855
0.08809886074291166,-0.0024963626368575136,-1.6223866527429611
0.08810288572217996,-0.002496323304066348,-1.6129026839223997
0.08810726446414394,-0.002496356567608249,-1.602609041335009
0.08811247279747694,-0.0024963177686871626,-1.590379275525894
0.08811768113080995,-0.002496354943751402,-1.578181703658025
0.08812186673259212,-0.002496320450034186,-1.5683949947506075
0.08812607447553139,-0.002496361119794311,-1.5585870074963795
0.08813028897441975,-0.0024963277326297225,-1.54878874156585
0.08813549730775276,-0.002496368732201097,-1.5367369022338553
0.08814070564108577,-0.002496332503348613,-1.5247319762494196
0.08814490976764323,-0.002496369384881108,-1.5150840183379708
0.08814914966206937,-0.002496329481392958,-1.5053761307349025
0.08815329036482454,-0.0024963651989948843,-1.4959269244569722
0.08815849869815755,-0.0024963249757517644,-1.4840656582720841
0.08816370703149055,-0.0024963635158054584,-1.472247007442539
0.08816796006058623,-0.002496327030360611,-1.4626187579212138
0.08817226845960155,-0.0024963691639402668,-1.452902126045995
0.08817638087084553,-0.0024963340203000665,-1.4436521216534246
0.08818154456551759,-0.002496377069884368,-1.432091706896379
0.0881867528988506,-0.0024963398262937324,-1.4204770677210428
0.08819105424248805,-0.002496378914727717,-1.4109292402942792
0.08819542396588413,-0.0024963375727397423,-1.4012542080471697
0.08819950709579795,-0.0024963750585373598,-1.3922462030403313
0.08820442821849354,-0.0024963328765274747,-1.3814118505143458
0.08820963655182655,-0.0024963724304711507,-1.3699878171916249
0.08821403483483316,-0.0024963336876154796,-1.3603644545878102
0.088218508950986,-0.0024963772885092037,-1.3506146777901495
0.08822259721650083,-0.0024963403127893843,-1.3417309669513346
0.08822733051096444,-0.002496385064074042,-1.3314948630432324
0.08823253884429745,-0.002496346796888137,-1.320276929026879
0.08823703885127843,-0.0024963882666720672,-1.3106346164847569
0.08824113489741942,-0.0024963457282189436,-1.3018832382560006
0.08824524069765567,-0.0024963851173148074,-1.2931458397861078
0.08824968438256811,-0.002496341094824992,-1.2837101567857174
0.08825489271590112,-0.0024963815328219834,-1.27269426530412
0.08826010104923412,-0.0024963404341683316,-1.2617110572071162
0.0882643435872596,-0.0024963851396528174,-1.2528036582944824
0.0882686066239036,-0.002496346358802246,-1.243879272201666
0.08827291594042949,-0.0024963926804734723,-1.2349025038195607
0.0882781242737625,-0.002496353353432495,-1.2240972107161556
0.0882833326070955,-0.002496397342337216,-1.2133556466063324
0.08828759116671558,-0.0024963534176859863,-1.2046054294443644
0.08829187926878335,-0.0024963945927338423,-1.1958338609156909
0.08829613486487779,-0.0024963489153197087,-1.1871500334871725
0.0883013431982108,-0.002496390708838092,-1.1765665598284842
0.0883065515315438,-0.0024963474134314786,-1.1660162202054705
0.08831084157333466,-0.002496393463588742,-1.1573659140684414
0.08831517305674813,-0.0024963528491018976,-1.1486587264310169
0.08831939900084611,-0.002496400783966016,-1.1402074317664912
0.08832460733417911,-0.002496360071681563,-1.1298354644024384
0.08832981566751212,-0.0024964061853266274,-1.1195285905488688
0.0883341318561421,-0.0024963609434890378,-1.1110215690664549
0.08833850301972847,-0.002496403933423438,-1.1024481072730774
0.08834270152139201,-0.002496356643630589,-1.094235124037263
0.08834790985472502,-0.0024963998168326122,-1.084091880757912
0.08835311818805802,-0.002496354459317091,-1.0739815106999215
0.08835748024243022,-0.002496401817476707,-1.0655542934237374
0.08836190152775722,-0.00249635944329521,-1.057039794668718
0.08836609398393208,-0.0024964089135115376,-1.0490091537119157
0.08837126825138118,-0.002496366765949612,-1.0391405431674845
0.08837647658471419,-0.0024964148266688546,-1.0292721945985115
0.08838087917842469,-0.002496368296711715,-1.0209662809919322
0.08838534445235138,-0.002496413003999082,-1.0125861679257582
0.08838953144880064,-0.0024963641967264347,-1.0047505582067875
0.0883945877874124,-0.0024964088088125004,-0.995331528064138
0.0883997961207454,-0.0024963615450231333,-0.9856606886983027
0.08840425161300465,-0.0024964101612463016,-0.9774283900575463
0.08840877257884919,-0.0024963661245854785,-0.9691025249452988
0.0884129643601208,-0.0024964170445580807,-0.9614255818362034
0.08841792057581777,-0.002496373362122311,-0.9523870908951757
0.08842312890915077,-0.002496423260213142,-0.9429525807552415
0.0884276371412012,-0.0024963755412767035,-0.934823159350926
0.08843221274770521,-0.002496421887938848,-0.9266182778096929
0.0884364098985999,-0.0024963716623391283,-0.9191145922877283
0.08844127930514886,-0.0024964176823680066,-0.9104501323326727
0.08844648763848187,-0.0024963686356755214,-0.9012117818370544
0.08845105484523431,-0.0024964184202597747,-0.8931514080995843
0.08845568961360549,-0.0024963728131561455,-0.8849992843966242
0.08845990083240618,-0.0024964250900936314,-0.8776342948255068
0.08846470794373543,-0.002496379961909775,-0.8692622027029969
0.08846991627706843,-0.0024964315206659486,-0.8602533979145357
0.08847453635306085,-0.0024963826685090833,-0.8522996720964044
0.08847922307206524,-0.0024964305364697896,-0.8442787709958105
0.08848344895963035,-0.0024963789874212446,-0.8370691803590783
0.08848821246247345,-0.0024964263476665864,-0.8289817224838385
0.08849342079580645,-0.002496375733790789,-0.8201661655539273
0.08849808884910529,-0.002496426663875504,-0.8123056063013664
0.08850233248291922,-0.002496379268791162,-0.8051818148495817
0.08850658644335521,-0.0024964327936796834,-0.7980808111035308
0.08851118334565308,-0.0024963862662326164,-0.7904380795359948
0.08851639167898609,-0.0024964394891950174,-0.7818385308200952
0.0885216000123191,-0.0024963896942092265,-0.7732834581870913
0.0885264049992158,-0.00249643895159144,-0.7654414643250876
0.08853075680080834,-0.0024963861227048413,-0.7583623838821608
0.08853540583454465,-0.0024964347775479853,-0.7508372403553903
0.08854061416787766,-0.002496382797486478,-0.7424316114222231
0.08854582250121067,-0.002496435046736778,-0.7340711587383162
0.08855056146170237,-0.002496386805887685,-0.7264920635949723
0.08855492369360785,-0.002496441633725591,-0.7195575396235099
0.08855965496634376,-0.00249639385610353,-0.7120680675569604
0.08856486329967676,-0.0024964478828331657,-0.7038820329503492
0.08856954299880977,-0.0024963965745527133,-0.6965619268994938
0.08857428411740806,-0.0024964469213107888,-0.6891916462485105
0.08857856380474083,-0.0024963929556971543,-0.6825592560493123
0.08858338241892035,-0.002496442774198842,-0.6751291496123593
0.08858859075225335,-0.0024963898213714664,-0.6671217078969212
0.08859379908558636,-0.002496443379799947,-0.6591579245248198
0.08859849863213992,-0.002496394065124008,-0.6519981443288386
0.08860288731723441,-0.002496450016214314,-0.6453532153915132
0.08860773616725118,-0.0024964010813890315,-0.6380431956226688
0.08861294450058418,-0.002496455970954288,-0.6302484114404567
0.08861757709316906,-0.00249640336078106,-0.6233475808662315
0.08862226896669737,-0.0024964546927541565,-0.6164016362623009
0.08862657179126755,-0.0024963996313400617,-0.6100502949370515
0.08863153704941058,-0.0024964505787516845,-0.6027583475792818
0.08863674538274359,-0.002496396806034335,-0.5951315658285005
0.08864138750428324,-0.0024964513920569054,-0.5883701234329622
0.08864608723591824,-0.002496401000904887,-0.5815468687689078
0.08865040284478233,-0.0024964579041546757,-0.5753203204288528
0.08865539607794942,-0.002496407967956469,-0.5681471201839221
0.08866060441128243,-0.002496463808375707,-0.5607206791278279
0.08866524848316978,-0.0024964101183843047,-0.5541292511906862
0.08866994870563416,-0.0024964624422003723,-0.5474997821910612
0.08867428004182838,-0.0024964063757980637,-0.5414078110784355
0.08867931858083951,-0.0024964583611937693,-0.5343574351468585
0.08868452691417252,-0.002496403699598196,-0.5270898096018249
0.08868916312948541,-0.00249645934373836,-0.5206552136032538
0.08869385419297526,-0.0024964079944818367,-0.5141648902757144
0.08869819870082497,-0.002496465857384266,-0.5081921513456259
0.08870329415114846,-0.002496414920256982,-0.5012174760449307
0.08870850248448146,-0.0024964715458771344,-0.49414238803285687
0.08871312946996704,-0.0024964167759283966,-0.48788514495717444
0.08871780944559565,-0.0024964699794353703,-0.48159577572702367
0.08872217306500095,-0.0024964129770738727,-0.4757470645608664
0.08872734943699688,-0.0024964659506599963,-0.4688447245376931
0.08873255777032989,-0.002496410567208434,-0.46191856971241213
0.08873716549778135,-0.0024964672678187017,-0.45582427404514725
0.08874182418486079,-0.002496415063760938,-0.4496812167771467
0.08874620618203713,-0.0024964738229531977,-0.4439403767637034
0.08875141451537014,-0.002496421910001442,-0.4371469905798514
0.08875662284870314,-0.002496479168714405,-0.430406002355447
0.08876121565307774,-0.002496423323311638,-0.4244872355322248
0.08876585689244666,-0.002496477309546676,-0.4185431277189184
0.08877026525943923,-0.0024964194372276583,-0.41291097747176253
0.08877547359277224,-0.002496473409938605,-0.40629095558932793
0.08878068192610525,-0.002496417404077081,-0.39968788532082894
0.08878525832250193,-0.002496475117593996,-0.39391770956749844
0.08878988080039649,-0.002496422126535869,-0.38810643496993996
0.08879431343925133,-0.0024964817195673077,-0.3825706456120035
0.08879952177258434,-0.0024964288006432767,-0.376094597681137
0.08880473010591734,-0.0024964866390499874,-0.3696688796490659
0.08880929819078386,-0.002496429791556406,-0.364056235766995
0.08881390949421726,-0.0024964845141349557,-0.3584253394126897
0.0888183748831985,-0.0024964258379083304,-0.35298467766389485
0.08882358321653151,-0.002496480774228026,-0.3466712316086208
0.08882879154986452,-0.0024964241961963926,-0.3403728969522947
0.08883334852259392,-0.0024964828574899124,-0.3348927410058267
0.08883794585508674,-0.0024964291282352506,-0.3293796425809703
0.08884244276263564,-0.0024964894963148765,-0.32402343204166817
0.08884765109596865,-0.00249643561054606,-0.3178468864436653
0.08885285942930166,-0.00249649396859734,-0.3117186399414902
0.08885741242884235,-0.0024964361745038696,-0.306382424689268
0.08886200238585139,-0.0024964915865031416,-0.3010357011261935
0.08886654160409782,-0.002496432167278046,-0.2957586156736759
0.08887174993743083,-0.0024964880409592024,-0.28973443222961365
0.08887695827076383,-0.0024964309620458085,-0.2837236828932319
0.08888150401680044,-0.0024964905316561844,-0.27850708488215375
0.08888608314139622,-0.002496436115040163,-0.27326659399953557
0.08889066620119972,-0.0024964972050420284,-0.2680579831558657
0.08889587453453272,-0.002496442365960106,-0.2621645005488259
0.08890108286786573,-0.002496501162277053,-0.2563173039668031
0.08890562881123674,-0.00249644245231725,-0.25123255702807
0.08891020386848097,-0.002496498505780172,-0.24614610764614356
0.08891484655728825,-0.0024964384039060277,-0.240993610418377
0.08892005489062126,-0.0024964952193710067,-0.23524261683811615
0.08892526322395426,-0.0024964377353780473,-0.2295035966426706
0.08892980855384876,-0.0024964981997050066,-0.2245238918997258
0.08893437682807795,-0.0024964431466563816,-0.21953257203153623
0.08893908850242516,-0.002496504907286406,-0.21442140834552667
0.08894429683575816,-0.0024964490879361327,-0.20879617150254565
0.08894950516909117,-0.0024965082081673078,-0.20321516079662336
0.08895405996524398,-0.002496448583883979,-0.19835116145437617
0.08895863022558606,-0.0024965052314628896,-0.19349960737106583
0.08896344046129505,-0.002496444518990224,-0.18840126910478175
0.08896864879462806,-0.0024965023386736493,-0.1829088911927975
0.08897385712796106,-0.002496444594387529,-0.17742735681423796
0.08897882690053005,-0.0024965062328769524,-0.17222861069407572
0.0889833925677388,-0.0024964506186316627,-0.16746715495678718
0.0889884612869759,-0.002496512987579689,-0.16222099898072367
0.08899366962030891,-0.0024964559021813815,-0.15685488826288996
0.08899887795364192,-0.002496514959479827,-0.15153034827568895
0.08900368481902547,-0.002496454192767317,-0.146631590492573
0.08900829822615862,-0.002496511361492747,-0.1419568944494826
0.08901350655949163,-0.002496450322852988,-0.13668663766985423
0.08901871489282463,-0.0024965096323278954,-0.13144344645378825
0.08902392322615764,-0.002496452181296569,-0.12621121299530288
0.08902861095708178,-0.0024965147371484213,-0.12153235549155922
0.08903331636407695,-0.002496458583799945,-0.11685083557476607
0.08903852469740996,-0.0024965210569628305,-0.11171007987616614
0.08904373303074296,-0.0024964624417472803,-0.10659224511377574
0.08904835911749237,-0.0024965214081858,-0.10207978522483771
0.08905301308404934,-0.0024964597866189613,-0.09754959388865701
0.08905772471221556,-0.0024965175990702723,-0.09298831870201059
0.08906293304554856,-0.0024964564648884747,-0.08795180578765698
0.08906814137888157,-0.002496517064220532,-0.08294169566123535
0.08907275701595062,-0.0024964592503629924,-0.07850972497710278
0.08907739423424904,-0.002496522506602713,-0.07408653332961669
0.0890822052172818,-0.0024964656966436328,-0.0695126731265021
0.08908741355061481,-0.0024965283408344774,-0.06460134098156751
0.08909262188394781,-0.0024964686242623865,-0.05971083067059356
0.08909772973458582,-0.002496527655829859,-0.05494951896430593
0.08910235431613328,-0.0024964653135900843,-0.05064696455533804
0.08910746177618936,-0.002496523815225903,-0.04592031299200682
0.08911267010952237,-0.0024964628087360227,-0.041105535688203465
0.08911787844285537,-0.002496524768690281,-0.03631717775833918
0.08912276437618039,-0.002496467065848988,-0.031835217390942395
0.08912743102410066,-0.002496531007871776,-0.027585268686066592
0.08913263935743367,-0.0024964734182972926,-0.022859973853695603
0.08913784769076667,-0.002496535631805012,-0.018174322423264416
0.08914305602409968,-0.0024964743434463814,-0.013506227336128126
0.08914780731573985,-0.0024965334575739137,-0.00927638478103017
0.08915258044953225,-0.002496470518765486,-0.005031890919391038
0.08915778878286526,-0.0024965301388249614,-0.00042410403110694007
0.08916299711619827,-0.0024964695716146435,0.00417887572543931
0.08916767611130806,-0.0024965326821994017,0.00828994116275938
0.089172379067733,-0.0024964746593506134,0.012413523902913167
0.08917718643890209,-0.0024965391186261066,0.01659634742894307
0.0891823947722351,-0.002496480398074211,0.02111019952860477
0.0891876031055681,-0.002496542340999182,0.025586298930459384
0.08919227638204473,-0.002496480011570049,0.02959097735105149
0.08919696579789328,-0.002496539505056671,0.033584197523509295
0.08920192312381034,-0.00249647612997896,0.03780238317768686
0.08920713145714335,-0.0024965368192270514,0.042211563093417614
0.08921233979047635,-0.002496476361679437,0.04661621531855607
0.08921741070305265,-0.0024965406802060627,0.050877505678549664
0.08922209920085422,-0.002496482260086977,0.054807249022160186
0.08922730753418723,-0.002496547130207848,0.05913675137684778
0.08923251586752023,-0.0024964870568192814,0.06344811487569989
0.08923772420085324,-0.002496548611820539,0.06772426430824417
0.08924259255842983,-0.0024964851428029016,0.07171189085787343
0.0892473632715593,-0.0024965450486517486,0.0755964799905065
0.0892525716048923,-0.002496481644756564,0.07983561047488773
0.08925777993822531,-0.0024965438817585806,0.08405259007361841
0.08926298827155832,-0.0024964839379286404,0.08826397396682512
0.08926774380504864,-0.002496549099299687,0.09208234297699866
0.0892726674079481,-0.0024964902151613944,0.09602397654950302
0.08927787574128111,-0.0024965548494179676,0.10015731520639505
0.08928308407461412,-0.0024964932059410587,0.10427450808400365
0.08928829240794713,-0.002496554353997334,0.10835982708013292
0.08929301376280929,-0.002496490088252729,0.11205778711001621
0.08929821292705756,-0.0024965506454546083,0.1161075666947987
0.08930342126039056,-0.002496487684555407,0.12016307813934057
0.08930862959372357,-0.0024965515650928324,0.12419572986835356
0.08931362260374906,-0.0024964918233098773,0.128055108796621
0.08931838980774151,-0.0024965576498502174,0.13171139771748644
0.08932359814107452,-0.0024964979156889633,0.13569197349897363
0.08932880647440752,-0.0024965619597663987,0.13963690501806603
0.08933401480774053,-0.00249649868447735,0.14356875807197933
0.08933884911382524,-0.002496559777976418,0.14719241282470172
0.08934374900543726,-0.0024964949729224884,0.15086336966584105
0.08934895733877027,-0.002496556708816421,0.1547447856539626
0.08935416567210328,-0.0024964943360895587,0.15862494318133422
0.08935937400543628,-0.0024965596821704284,0.16248062143807088
0.0893641390409513,-0.0024964997346131265,0.1660007114389016
0.08936927451624367,-0.0024965660359012225,0.16976207018749712
0.08937448284957668,-0.0024965049191282064,0.17356180163746954
0.08937969118290968,-0.0024965682949014416,0.17732801677178373
0.08938480780686833,-0.002496503673072422,0.18101889591429052
0.08938959389309312,-0.0024965650275499207,0.1844490829831119
0.08939480222642612,-0.002496500096907321,0.18818198644363507
0.08940001055975913,-0.002496563371143071,0.19189494989300374
0.08940521889309214,-0.0024965016825023298,0.19560549886637044
0.0894101244185265,-0.0024965680648036423,0.19907526958782187
0.08941502358822985,-0.0024965077467519977,0.20253153495138415
0.08942023192156286,-0.002496573891874347,0.20617217839644644
0.08942544025489586,-0.002496511172988303,0.20979901042570284
0.08943064858822887,-0.0024965739647978325,0.21339540384764824
0.08943546333190967,-0.0024965084533122225,0.216715712345398
0.08944058581025784,-0.0024965703535555776,0.220227379177562
0.08944579414359084,-0.002496505809490657,0.22379875437201152
0.08945100247692385,-0.0024965707144925953,0.22734956964622743
0.08945621081025686,-0.002496509476413382,0.23089593936246364
0.08946102473584434,-0.002496576559787389,0.2341470567986179
0.08946623306917735,-0.002496515504417538,0.23765301909114184
0.08947144140251036,-0.00249658104579229,0.24112538266341177
0.08947664973584336,-0.0024965166439973223,0.24458662146862012
0.08948161405200372,-0.0024965791878611074,0.2478603383125785
0.0894865395588626,-0.0024965130945000602,0.2511077197989592
0.0894917478921956,-0.0024965761037200837,0.2545223680512117
0.08949695622552861,-0.002496512237406432,0.2579378493372695
0.08950216455886162,-0.002496578716712896,0.2613309059066463
0.08950701952959625,-0.0024965173539074326,0.2644882485122709
0.08951216749633494,-0.002496584924901768,0.2678056305185297
0.08951737582966794,-0.0024965225198076654,0.27114920491027
0.08952258416300095,-0.0024965873362315302,0.27446098187014334
0.08952779249633395,-0.0024965214976107528,0.277765131507745
0.08953264556343622,-0.002496584232140768,0.28082246318500487
0.08953785389676923,-0.002496518013315799,0.28410516492789534
0.08954306223010224,-0.0024965825574312654,0.2873693566395682
0.08954827056343524,-0.0024965194405732224,0.29063306394564997
0.08955327252329473,-0.0024965870711857263,0.29374348608719264
0.08955823717327152,-0.0024965253752779097,0.29682308400215196
0.08956344550660453,-0.002496592757720969,0.30002181225502805
0.08956865383993753,-0.002496528715995067,0.303208814095914
0.08957386217327054,-0.002496592867174345,0.306366991178117
0.08957875425264272,-0.0024965260953333187,0.30933047257250484
0.08958396183405826,-0.0024965893626235137,0.3124651317886756
0.08958917016739126,-0.002496523584178479,0.3156024859338624
0.08959437850072427,-0.0024965898070166822,0.318720491476969
0.08959958683405728,-0.0024965272074018168,0.32183565590348284
0.0896044813795448,-0.0024965955413227625,0.32473721074984846
0.0896096897128778,-0.0024965330519823533,0.32781484078320494
0.08961489804621081,-0.0024965997864640115,0.3308605422927526
0.08962010637954382,-0.002496534043488867,0.33389710532492484
0.08962512860994427,-0.0024965979012319195,0.3368009730104223
0.08963015534088152,-0.002496530569249627,0.33970794622288686
0.08963536367421453,-0.0024965950136514015,0.3427018998723769
0.08964057200754753,-0.002496529963433018,0.34569797838565813
0.08964578034088054,-0.00249659776671863,0.3486725560080486
0.08965070042810068,-0.0024965350824389643,0.35147796917580787
0.08965590876143369,-0.002496603823668481,0.3544179458517431
0.08966111709476669,-0.0024965399273424328,0.35734682021255376
0.0896663254280997,-0.0024966058811483646,0.3602455899968691
0.0896715337614327,-0.0024965387044536525,0.36313873560652093
0.08967647975077404,-0.0024966027669066516,0.36586571528247097
0.08968168808410705,-0.0024965354305525427,0.36874017843506685
0.08968689641744006,-0.0024966014564741616,0.37159700152060354
0.08969210475077306,-0.002496537172116809,0.37445428650081286
0.08969713278280325,-0.002496606097826676,0.3771891752596043
0.08970223918899511,-0.002496543056044296,0.3799594846543364
0.08970744752232812,-0.002496611468919459,0.38275414694285453
0.08971265585566113,-0.002496545885665924,0.3855389854420728
0.08971786418899413,-0.0024966111739967867,0.38829679367229547
0.08972281572127125,-0.0024965431130007155,0.390917383547694
0.08972802405460426,-0.002496607838896954,0.39365522806387815
0.08973323238793726,-0.002496541035574888,0.39639645653447986
0.08973844072127027,-0.002496608760879081,0.3991187937536479
0.08974364905460328,-0.002496544954401888,0.4018389123089819
0.08974865739975917,-0.0024966145365598632,0.4044284443287334
0.08975386573309217,-0.002496550501353312,0.4071123012287448
0.08975907406642518,-0.0024966181991551003,0.4097656602116765
0.08976428239975819,-0.002496550942460947,0.4124119340215463
0.08976931244738491,-0.002496616026587197,0.4149450710912169
0.08977452078071792,-0.002496547508000433,0.4175698637201275
0.08977972911405092,-0.002496613549167433,0.42017755267356405
0.08978493744738393,-0.0024965475545065856,0.42278797076618896
0.08979014578071694,-0.0024966168285528423,0.42537689220072544
0.08979513507989224,-0.0024965528744130805,0.42785249498845446
0.08980034341322525,-0.0024966226312535464,0.43040747923660805
0.08980555174655826,-0.002496557072407356,0.4329528371156887
0.08981076007989126,-0.0024966239608697613,0.4354698337316891
0.08981593751857044,-0.002496555367416097,0.43796853943546454
0.08982103616368065,-0.002496620755042925,0.4404097594144811
0.08982624449701365,-0.002496552467527848,0.44290733619929573
0.08983145283034666,-0.0024966201682026516,0.44538760057768134
0.08983666116367967,-0.0024965548990636692,0.4478684280035936
0.08984169397972244,-0.0024966251499405423,0.45024194188330874
0.08984690231305545,-0.0024965606682610317,0.4526910511513387
0.08985211064638846,-0.0024966299327246104,0.45511005017707484
0.08985731897972146,-0.0024965626419654638,0.45752112551286
0.08986252731305447,-0.0024966289478787086,0.4599071599106835
0.08986757522342317,-0.002496559607967078,0.46222025966585084
0.08987278355675618,-0.002496625912009254,0.46458943096868827
0.08987799189008919,-0.0024965582876500907,0.46696265523913355
0.0898832002234222,-0.002496627673819628,0.46931671296534605
0.08988833766647072,-0.0024965627004445035,0.4716365121095423
0.08989354599980373,-0.0024966335016226764,0.47396089719177215
0.08989875433313674,-0.0024965677612802943,0.4762765157440305
0.08990396266646974,-0.0024966362186186783,0.47856309970486555
0.08990917099980275,-0.002496567326269439,0.48084487635574363
0.08991422701610446,-0.002496633611270886,0.48303917282730197
0.08991943534943747,-0.002496564083472135,0.4853030540169318
0.08992464368277048,-0.002496631866573328,0.4875503639523191
0.08992985201610348,-0.0024965650631166626,0.4898003668278772
0.08993506034943649,-0.0024966358488444466,0.49202820641335016
0.08994019652837709,-0.0024965706168089564,0.4942200194002018
0.0899454048617101,-0.0024966412324087077,0.49641350152425984
0.0899506131950431,-0.002496573846218141,0.4985988356439598
0.08995582152837611,-0.0024966415465095338,0.5007577684380089
0.08996093635445039,-0.002496571544548458,0.502877046393994
0.0899661446877834,-0.0024966383712786274,0.5050168092110455
0.0899713530211164,-0.002496569295113032,0.5071611564246898
0.08997656135444941,-0.0024966388014820155,0.5092879259018376
0.08998176968778242,-0.0024965726074437245,0.5114146790246707
0.08998687646441966,-0.0024966441671923968,0.5134751330392332
0.08999208479775267,-0.0024965780550186005,0.5155693765716128
0.08999604239887635,-0.002496647872443654,0.5171388223900725
0.09000000000000001,-0.002496579233428646,0.5187087948633525
0.09000010000000001,-0.0020088020388215858,0.5187506994357591
0.09000030000000002,-0.0010151952950342904,0.518855144970412
0.09000046889818214,-0.0001690376482377614,0.5189980021255826
0.09000064672549925,0.0007171851626022016,0.5192851907589675
0.09000100000000001,0.002481874357480967,0.5207072711788459
0.09000103556546343,0.0024898361944528232,0.5209347706244086
0.09000110669639028,0.0024970882025065707,0.5214289768609144
0.09000124895824396,0.0024955310074793436,0.5226661880607991
0.09000153348195132,0.002496151410324441,0.526190439789977
0.09000204483360964,0.0024958000473914296,0.5360542600178165
0.09000306753692629,0.0024960385632603437,0.5684507137420167
0.09000472988589761,0.0024958409661788587,0.6527227599648402
0.09000650009920572,0.0024959945305604333,0.7785221119703201
0.090008884250268,0.002495852191143453,0.9924952094567385
0.09001130686379781,0.0024959564809000413,1.2473338950122212
0.09001253880711449,0.0024958668539581327,1.3862355365904402
0.090013132943873,0.0024959022076232996,1.4527654534844936
0.09001344970269559,0.0024959338961607503,1.481289781148398
0.0900137373422804,0.0024958551534601074,1.495099560615977
0.0900139035053886,0.0024959879602897625,1.4988793962355313
0.09001411608498427,0.0024958393274583865,1.5023033253495088
0.09001450377221482,0.0024959842052339,1.5057595396693424
0.09001492083117758,0.0024958512837545818,1.5078089809684865
0.09001537359896286,0.0024959742473441952,1.509286494434019
0.0900158867132167,0.0024958631861161026,1.510571721404914
0.09001658384426936,0.002495966186771501,1.51209968595104
0.09001755482362388,0.0024958708427091185,1.5139884001669814
0.09001891545159009,0.0024959626505712796,1.5164032808161145
0.09002085146223641,0.002495874865920095,1.5193685749961559
0.09002369611754396,0.0024959599681989757,1.5229537671173592
0.0900274199905088,0.0024958732613850447,1.5264434074752877
0.09003122205733798,0.0024959524950041046,1.5289499395139174
0.09003583301405081,0.002495866422021343,1.5308652235100775
0.09004104134738382,0.0024959442611770704,1.5319901046741162
0.09004499740259109,0.0024958650290458303,1.5322619817663026
0.09004839292428521,0.0024959454238828805,1.5322326198052343
0.09005182412195736,0.002495872252420537,1.5319702694692277
0.0900552234015231,0.0024959520134919815,1.5315717114381706
0.09005917272338287,0.002495882940313895,1.5309236228158078
0.09006438105671588,0.0024959605523975237,1.5299027387852355
0.09006833016730902,0.002495889653000544,1.528996398962353
0.09007172281789827,0.002495959402659845,1.528185023895069
0.09007529144592916,0.002495887517548971,1.527266366415859
0.09007905293036866,0.0024959520816307287,1.526288528432142
0.09008366870677521,0.0024958809509008162,1.5250298212088749
0.09008887704010822,0.0024959447848886896,1.5236070317447137
0.0900927415960948,0.0024958804054146955,1.5225209071872814
0.09009612011544717,0.0024959467305733134,1.5215900824226984
0.09009952324227587,0.0024958878573472613,1.5206299384956294
0.09010298547121441,0.0024959536778412054,1.519677958030137
0.09010712981154342,0.002495898462939302,1.51851941298562
0.09011233814487643,0.0024959618088578332,1.517099627936895
0.09011619818216614,0.0024959039915298173,1.5160382557582497
0.09011957022609357,0.002495959961423789,1.5151390160677625
0.09012307211087188,0.0024959012188757513,1.514191641979032
0.09012689295723103,0.00249595254014981,1.5131900682416708
0.09013164158043357,0.002495894540713122,1.5119371645131567
0.09013684991376658,0.0024959460554850855,1.5106047249479204
0.09014064946398735,0.0024958948410821447,1.5096285724562923
0.09014402020832521,0.0024959488415455186,1.508791358206357
0.09014740576888379,0.0024959025270972824,1.5079396448778588
0.09015096086201499,0.002495956168112064,1.5070753404462607
0.09015543410808619,0.0024959130234288437,1.5059800541693047
0.09016011574656467,0.0024959634514761173,1.5048700753363686
0.09016382588346968,0.0024959171324494826,1.5039852638330216
0.09016719687131676,0.0024959611530927343,1.5032081231804189
0.09017064198227016,0.002495913897149899,1.502403779321949
0.09017452441236784,0.0024959537611866575,1.5015269174525958
0.09017937777006979,0.0024959071579813627,1.5004254533254753
0.0901845861034028,0.002495947962881387,1.4992799704993247
0.09018835621740308,0.0024959080456610702,1.4984471457202213
0.09019173617624529,0.0024959513992341247,1.4977249822383056
0.09019512499086059,0.0024959158352849654,1.4969913041672052
0.09019877555262004,0.0024959590242452927,1.4962265641240606
0.09020366051569181,0.0024959262015933834,1.4951966633915954
0.09020811560716571,0.002495965688623877,1.4942853023657598
0.0902117342515885,0.0024959289824349603,1.4935387313180166
0.09021543527721831,0.0024959625868498474,1.4927986021858326
0.09021882045215213,0.002495924837718915,1.4921130257980433
0.09022296167313298,0.002495955010759991,1.4912994059411928
0.09022817000646599,0.002495918167303786,1.4902711690775832
0.09023251167199943,0.0024959506118325467,1.4894378302665543
0.09023607486659271,0.002495920168093663,1.4887471973912323
0.09023970049075537,0.0024959548957113335,1.488065134738841
0.09024311843503784,0.0024959283327865445,1.4874137443053363
0.09024698546287567,0.00249596294703046,1.4866978174023384
0.09025219379620868,0.002495938302145741,1.4857271783481953
0.09025638403202259,0.002495968466273018,1.4849662652604478
0.09025990431723305,0.002495939550050955,1.484319741758863
0.09026347546884633,0.002495964666781428,1.4836815733772233
0.09026690639625234,0.0024959348189876962,1.4830598992460535
0.09027121870070849,0.0024959570799401314,1.4822982786818126
0.0902764270340415,0.0024959286393289723,1.4813725215068894
0.09028050630279051,0.00249595396650113,1.4806642824345715
0.09028399933718417,0.0024959314560692677,1.4800506230536548
0.09028753102874189,0.002495958832454669,1.4794457601745326
0.09029100936763367,0.0024959397165261925,1.4788419784480586
0.09029506733610783,0.0024959671735768456,1.4781540914481388
0.09030027566944084,0.0024959490161232446,1.4772644835736313
0.09030428390563572,0.0024959716301626127,1.4765939423347518
0.09030775830882984,0.0024959492506877335,1.4760053681160188
0.090311265962872,0.0024959674509975986,1.4754242948225729
0.09031479032332693,0.002495944089787905,1.4748323580429168
0.09031923840120674,0.002495959948870235,1.4741000537810869
0.09032444673453975,0.0024959384273711875,1.4732361070307012
0.0903283987556377,0.002495957911582038,1.4725923809241195
0.09033186360151724,0.002495941871803523,1.472021073558378
0.09033535291313223,0.002495963307559481,1.4714572723061503
0.09033890776092236,0.002495950221990287,1.4708754442019214
0.09034321637083013,0.0024959718872629337,1.4701827748125855
0.09034842470416314,0.0024959587802938074,1.4693386958987609
0.09035233268124432,0.0024959752081994695,1.4687150164003961
0.0903557856556864,0.0024959579757907573,1.4681569786432316
0.09035925783807043,0.0024959705761115844,1.4676052888474693
0.09036292167506868,0.0024959523629460635,1.467015593098554
0.09036763874519303,0.0024959631894082546,1.4662670074177901
0.09037284707852604,0.0024959475486958527,1.4654338043410053
0.09037670124344839,0.0024959626475844566,1.4648252269044493
0.09038015424216206,0.002495951935924534,1.464273546699916
0.09038361780604272,0.0024959687659321037,1.463728457040304
0.09038732312193688,0.0024959605058491826,1.463138462019426
0.09039226800603445,0.002495977651336233,1.4623604017094514
0.09039681791833254,0.002495967712252172,1.4616382933212444
0.09040051077660499,0.00249597909089844,1.4610586389268183
0.09040428426154452,0.00249596559342524,1.4604593995656228
0.09040774635075234,0.0024959737151315376,1.4599158007378554
0.0904117421714967,0.0024959594233064,1.4592811299441542
0.0904169505048297,0.0024959667122113546,1.4584607389347786
0.09042129073575275,0.0024959562349851972,1.457771014546115
0.09042490358165116,0.002495967888360028,1.4572022966064773
0.09042857192134528,0.002495961583537303,1.456618631796913
0.09043207098294209,0.0024959748733954464,1.456067410233148
0.0904360832424913,0.002495970426280528,1.4554288533151283
0.09044129157582431,0.0024959833677832255,1.4546054629934484
0.09044544294994508,0.0024959758077278964,1.4539432052294365
0.09044900073732022,0.0024959830933645962,1.4533796782440978
0.09045259823377322,0.002495972663235432,1.4528035314686816
0.09045613421927584,0.0024959772895543153,1.4522411960913988
0.09046042409215414,0.0024959662146574373,1.4515519195576763
0.09046563242548715,0.0024959711810947994,1.4507183341080914
0.09046966974963419,0.0024959645856194417,1.4500663696667866
0.09047319937556156,0.0024959736577140324,1.4494997719569696
0.09047675620289676,0.00249597053833881,1.4489232540612265
0.09048035509601067,0.0024959810708451513,1.4483434000392135
0.09048470996944058,0.002495979514063418,1.4476354126379594
0.09048991830277359,0.0024959888022278776,1.4467908167283678
0.0904938711940098,0.0024959831727648808,1.4461439815567798
0.09049737985319573,0.002495987281418056,1.4455719419932391
0.09050090665091634,0.0024959792098721597,1.4449911571187248
0.09050457373499612,0.002495981153768315,1.444389258113367
0.09050928971703648,0.0024959726689814618,1.4436079475336483
0.09051449805036949,0.0024959762598516892,1.4427453148643565
0.09051838688265205,0.002495972861220858,1.4420956829662492
0.09052189461294748,0.0024959801747776083,1.441511444999742
0.09052541059570608,0.0024959795804088115,1.440920816989958
0.09052921704794198,0.0024959880897162923,1.440283072862431
0.09053442538127499,0.00249598867600533,1.4394032091374045
0.09053892010740602,0.0024959942303865675,1.4386434273501953
0.09054261323392154,0.002495989821490895,1.4380136055130386
0.09054637079347808,0.0024959911858397307,1.4373732108072903
0.09054990330005072,0.0024959847645630085,1.436765725082611
0.09055396759544802,0.0024959846437309367,1.43606681299271
0.09055917592878103,0.002495978767561406,1.4351632461277408
0.09056338942321698,0.0024959819621416025,1.4344310989522309
0.09056700048320285,0.0024959809768723626,1.4337986468186419
0.09057065112493204,0.0024959871361660032,1.4331596659374926
0.09057424237398029,0.002495988483175699,1.4325263472241614
0.09057848181203845,0.0024959955252732706,1.4317784859955318
0.09058369014537146,0.0024959966151250753,1.4308522624125632
0.09058774847177975,0.0024959994322582687,1.4301286957817325
0.09059131579242326,0.002495995891154697,1.429487374651005
0.09059490771155411,0.0024959954408876003,1.4288407700136163
0.09059856953121466,0.0024959902947017795,1.428176109745528
0.09060307503404526,0.0024959888175102793,1.4273561600624318
0.09060828336737826,0.002495985426691744,1.4264001317690251
0.09061224601930307,0.0024959882040187587,1.4256704822672246
0.09061579711240847,0.0024959891591554155,1.42501192758195
0.09061936113840596,0.002495994313551033,1.4243502532896049
0.09062314169830457,0.0024959971121072074,1.4236435734840291
0.09062816721980085,0.002496003015258428,1.4227013374028952
0.09063283272537037,0.002496003705836689,1.4218194614560764
0.0906366178353963,0.002496004429921562,1.4211013351436628
0.09064048071621113,0.002496001188503196,1.420362618872653
0.09064404220935926,0.0024959993166783594,1.4196792205695155
0.09064806591099851,0.002495995049568785,1.418901007399067
0.09065327424433152,0.002495993183448678,1.4178885547122608
0.0906575840630188,0.0024959923949542362,1.4170438391874223
0.0906612508294129,0.002495995018709389,1.4163227337079383
0.0906649611815711,0.002495997667040196,1.415588283801193
0.09066858232761942,0.0024960022074064607,1.414869550442445
0.09067285056348835,0.0024960061029947974,1.4140167066778697
0.09067805889682136,0.002496010019982663,1.4129706760201932
0.09068215509131058,0.0024960100522693615,1.4121412619353686
0.09068576121875109,0.0024960090911844124,1.4114077377393588
0.09068939127474569,0.0024960062543838805,1.41066376978983
0.09069310099765705,0.0024960033737197692,1.4098998940518606
0.09069770294803435,0.0024959999095383427,1.4089445918672474
0.09070291128136736,0.002495998668845057,1.4078561535907448
0.09070688677231419,0.002495999750835514,1.4070187955338473
0.09071047388703418,0.002496002443073381,1.4062601808099087
0.0907140709806188,0.002496006103179458,1.405494808194866
0.09071793824034126,0.0024960102396979393,1.4046686767378995
0.09072314657367427,0.0024960147447823256,1.403547751770485
0.09072772932714422,0.0024960161853050974,1.4025547540056391
0.09073150077564407,0.0024960156800987155,1.4017310476135094
0.09073533531943281,0.0024960132298533755,1.4008886610899243
0.09073895082184315,0.0024960105747223516,1.4000882254245748
0.09074312565962367,0.0024960070005633625,1.3991581258018446
0.09074833399295668,0.0024960049987042396,1.3979873505250608
0.09075254077682043,0.002496004996677659,1.397034864166397
0.09075620274934613,0.00249600747686858,1.3961999849733633
0.09075989595543388,0.0024960104272042324,1.3953539408498503
0.09076360153095042,0.0024960148757151657,1.3944997740209664
0.09076811069511555,0.0024960187647770464,1.3934543861082285
0.09077331902844855,0.0024960221805353892,1.3922365337115743
0.09077734768011284,0.00249602165685421,1.3912871404438651
0.09078096731375529,0.0024960206405790653,1.3904272975197463
0.09078460044589783,0.0024960173836992895,1.3895583604248622
0.09078845096784517,0.0024960148775968125,1.388629856981209
0.09079363291916702,0.002496011099387713,1.3873693716485402
0.09079884125250003,0.0024960113314329646,1.386089322631079
0.09080274782670424,0.002496012457746916,1.3851216086043474
0.0908067137694838,0.0024960165846502603,1.3841321132086888
0.09081035644927571,0.0024960196871903436,1.3832177312725882
0.09081468555760375,0.002496024756583249,1.3821230793491968
0.09081989389093675,0.0024960272151569977,1.3807946417013393
0.09082402600008452,0.002496028367883155,1.3797303452751344
0.09082768547066243,0.0024960261789385334,1.3787799009226138
0.09083136591868345,0.0024960244817110433,1.3778155045728016
0.09083516404181191,0.002496020563075567,1.376811568091484
0.090839989949157,0.0024960183022757366,1.3755225226894754
0.09084519828249,0.0024960164589430582,1.374115409115337
0.09084918043632983,0.0024960188007090312,1.3730284603828509
0.09085282822809358,0.0024960207127789277,1.3720249757510794
0.09085648034651919,0.0024960253342071375,1.37101254508687
0.09086053290096521,0.0024960285728890257,1.3698801504096016
0.09086574123429822,0.0024960334042092584,1.3684094702716194
0.09087014483688083,0.002496033488421128,1.3671515320734715
0.09087389965518147,0.0024960335113932575,1.366067060752752
0.09087769684811636,0.0024960302023833833,1.3649585368406163
0.09088141510957164,0.002496028267906885,1.3638607248544714
0.09088586319582444,0.0024960241050179426,1.3625311388521169
0.09089107152915744,0.002496023427179026,1.3609515280047433
0.09089519166115734,0.0024960232645916684,1.359684886751907
0.09089887246931062,0.0024960267003425038,1.3585406844943173
0.09090256984142321,0.002496029167236425,1.35737947260659
0.09090644476586625,0.002496034246869382,1.3561493677307939
0.09091156935910737,0.0024960375236657514,1.354500466546035
0.09091677769244037,0.002496040409021665,1.3527960172278115
0.09092073631205544,0.00249603860821392,1.3514789329671775
0.09092475916391475,0.00249603735951415,1.3501191650763682
0.09092844946093796,0.0024960334375743265,1.3488514548956299
0.09093281748848242,0.002496031401155051,1.347324387428271
0.09093802582181543,0.0024960284960112086,1.3454645335393263
0.09094220760524128,0.0024960303069592464,1.3439398789284618
0.09094591927277602,0.0024960315330541083,1.3425626797455228
0.09094965098798731,0.0024960360848574063,1.341154913346322
0.09095351592389866,0.00249603897740478,1.3396711691343803
0.09095850578643382,0.0024960443577383726,1.3377138367931898
0.09096371411976682,0.0024960452728914166,1.3356144165796817
0.09096771157867704,0.0024960457962456654,1.3339589052374452
0.09097178264772003,0.0024960424760170886,1.332227858087825
0.09097548681452385,0.0024960407955168648,1.3306094723740636
0.09097980941555601,0.00249603660983464,1.3286632990290594
0.09098501774888902,0.002496035805377452,1.3262293106415914
0.09098926052732892,0.002496035314863156,1.324168889200414
0.09099300414214814,0.002496038678856523,1.3222887669043577
0.09099677106620165,0.0024960409937310776,1.320333799387448
0.09100063364035711,0.002496046072488573,1.318258694734058
0.09100555192384471,0.0024960492212680726,1.3155015176102707
0.09101076025717772,0.002496052495989254,1.3124232344616593
0.09101478962404655,0.002496050927867581,1.30991360351943
0.09101890031359415,0.0024960499305547224,1.307221199589168
0.09102262174337837,0.0024960460963871127,1.3046547933565793
0.09102692747972825,0.0024960442067570843,1.3015151732043102
0.09103213581306126,0.002496041185144064,1.2974465472162389
0.09103642461316692,0.002496042910437992,1.293853979299595
0.09104019703139804,0.0024960440533802982,1.2904983457333639
0.09104399459770404,0.002496048622312723,1.2869256113548488
0.09104786906441106,0.002496051502077715,1.2830699206543235
0.091052782916108,0.002496056920924177,1.2778624749160736
0.091057991249441,0.002496058071576034,1.271942597010119
0.091062040179589,0.002496058828433358,1.2670506188023984
0.09106617271220963,0.002496055720591859,1.2617940907905383
0.09106991383602364,0.0024960542065313052,1.2568089086216547
0.09107423988850083,0.0024960502273915,1.2507833420903525
0.09107944822183384,0.00249604957651005,1.2431797707142362
0.09108375478920397,0.0024960492054626146,1.236626697966932
0.09108754823010862,0.0024960526467146657,1.2306770131682074
0.09109136606329903,0.0024960550886640558,1.2245407143678826
0.09109527020901702,0.0024960602290396154,1.218132378510163
0.09110025681627963,0.0024960635095598346,1.209780559301946
0.09110546514961264,0.002496066816156003,1.2008903535937254
0.09110951879569479,0.0024960653728020817,1.1938704837577374
0.09111365050556523,0.0024960644753107483,1.186638472389167
0.09111741584700747,0.002496060832801141,1.1799868779923401
0.09112181278321117,0.0024960591141705295,1.1721562500129954
0.09112702111654418,0.002496056503770028,1.1628056813817154
0.09113130765017358,0.0024960584546617585,1.1550625372697205
0.09113511152793968,0.00249605984070625,1.1481655041507428
0.09113893588917311,0.0024960644808199976,1.1412172563496614
0.09114289485867984,0.0024960674963264685,1.1340175069847809
0.09114810319201284,0.0024960729197729685,1.1245484505536092
0.09115331152534585,0.0024960737839060973,1.1150903721883996
0.09115734950451991,0.0024960742636644315,1.1077687017721034
0.09116145085829735,0.0024960711382646136,1.1003410981630988
0.09116525341841694,0.0024960695971209565,1.0934625135035962
0.09116982073681545,0.0024960658282154454,1.0852087448112078
0.09117502907014846,0.0024960656892113243,1.0758104361383336
0.09117924521007163,0.0024960658221556465,1.068216254331649
0.09118305084975149,0.002496069494400902,1.0613773426150857
0.09118686890843201,0.0024960721077969873,1.0545350599551828
0.09119094137000187,0.0024960772388954826,1.047263368594808
0.09119614970333488,0.002496080264085965,1.0380072707644192
0.09120135803666789,0.0024960827699238857,1.0288027632542371
0.09120537972804013,0.0024960808951687064,1.0217282756571386
0.09120944391725691,0.002496079690901475,1.0146055153332754
0.09121330533229556,0.0024960760646905475,1.0078588423423709
0.09121815803657116,0.002496074441185298,0.9994065497925716
0.09122336636990416,0.0024960727839390385,0.9903658744384597
0.09122749867422413,0.0024960753431845007,0.9832187115172605
0.09123172420453426,0.002496077607632766,0.9759372854547499
0.09123554571024824,0.0024960823686455214,0.9693801466181103
0.09123994720677242,0.0024960855718339434,0.9618639505648752
0.09124515554010543,0.002496089857805965,0.9530236076931611
0.09124951873135848,0.0024960895119765392,0.9456609585371044
0.09125337833568059,0.002496089386398769,0.939178921746033
0.09125726016647594,0.002496086174034374,0.9326844025333256
0.09126125870182125,0.002496084478401084,0.9260180292667046
0.09126646703515426,0.0024960809973732945,0.9173651896267644
0.09127167536848727,0.0024960818395229575,0.908747304132526
0.09127576234303941,0.0024960827985198797,0.9020108627634938
0.09127991203412021,0.002496087188191052,0.8951991941700189
0.09128378022063971,0.002496090048111191,0.8888779070706014
0.0912884604857828,0.0024960951841074253,0.881270803994347
0.09129366881911581,0.002496096920864628,0.8728589585198565
0.09129789783160595,0.0024960979752680613,0.8660694118096085
0.09130174954305442,0.0024960955797572815,0.8599134446666464
0.09130561016291114,0.0024960941537072157,0.8537670249637355
0.09130979668289885,0.0024960905154443936,0.8471241070517007
0.09131500501623185,0.0024960894156662258,0.8388900350066487
0.09131963987260514,0.0024960888065417982,0.8315900595312553
0.09132360305898689,0.002496091822888486,0.8253714469026135
0.09132760638609878,0.0024960942760082136,0.819114669161843
0.09133155285855875,0.002496099062596753,0.8129753677991617
0.09133645426738117,0.0024961022923664575,0.8053928479878805
0.09134166260071418,0.0024961055271746765,0.7973887513908211
0.09134584323781471,0.0024961044104880948,0.7910011036838371
0.09135011403854318,0.0024961034830412888,0.784506356693641
0.09135398864100402,0.002496100093300639,0.7786364653112224
0.09135846411810626,0.002496098329905068,0.7718794919897944
0.09136367245143927,0.0024960959674228986,0.7640439935519383
0.09136806467314842,0.0024960977482836907,0.7574610950553737
0.09137197628239478,0.0024960992568259515,0.7516197301658056
0.09137590682077938,0.002496103654259157,0.7457743864067918
0.09138000126276205,0.0024961066828248783,0.7397138728509463
0.09138520959609506,0.0024961115185450663,0.7320510851490601
0.09139041792942806,0.0024961121659010533,0.7244394048929417
0.09139452838015391,0.0024961123073705964,0.7184662234335107
0.09139868911919946,0.0024961092796348372,0.7124456303796386
0.09140263402552631,0.0024961076210528385,0.7067581331109501
0.09140755139786028,0.0024961041912182,0.6996919855821347
0.09141275973119328,0.0024961044674318375,0.6922355521140149
0.09141696834911392,0.0024961051177614054,0.686232342877759
0.0914212635031246,0.002496109191443484,0.6801304371903473
0.09142517647707209,0.002496111987945867,0.6745961759173066
0.09142971918728555,0.0024961169128849096,0.6682053005728992
0.09143492752061856,0.002496118981063871,0.6609240879430421
0.09143932049690887,0.0024961202666360857,0.6548203526733394
0.09144325728099813,0.0024961181502668644,0.6493761331972316
0.09144721008323985,0.0024961167544390473,0.6439310760235593
0.09145137167249087,0.0024961132657881032,0.638217113013096
0.09145658000582388,0.002496111989542893,0.6310902396670551
0.09146178833915689,0.0024961113779163858,0.6239896124705481
0.09146591538857847,0.002496114381447103,0.6183847487336979
0.09147008435164528,0.0024961169758566386,0.6127457977114834
0.09147408914034265,0.002496121605774421,0.6073546263584749
0.09147921227129961,0.0024961247576419155,0.6004976600282843
0.09148442060463262,0.0024961275116060833,0.59357351570092
0.0914886104639625,0.002496126193211114,0.5880348998566289
0.0914928745696526,0.0024961250799972697,0.5824233730262554
0.09149683476279077,0.0024961217472576503,0.5772302591541952
0.09150157977017868,0.0024961200433394315,0.5710280456559316
0.09150678810351169,0.0024961182445640403,0.5642428882211046
0.09151111463323214,0.0024961203412399643,0.5586263967322862
0.0915150730039418,0.002496122151468214,0.5535061642115967
0.09151903894652963,0.002496126539308366,0.548397750978389
0.09152337334971218,0.002496129606070806,0.5428423503333537
0.09152858168304519,0.0024961337820810104,0.5362083218748083
0.09153321000995567,0.002496133819452813,0.5303498071976109
0.09153724182015177,0.0024961337031389453,0.5252722549618127
0.09154130415158895,0.002496130727432153,0.5201762899859684
0.09154540231174299,0.0024961290205869424,0.5150526232771171
0.091550610645076,0.00249612584859381,0.5085612961450887
0.091555818978409,0.002496126563748937,0.5020927217626947
0.0915600179975838,0.0024961275844940013,0.49689593263880383
0.0915642806965476,0.002496131719712472,0.49164144703661705
0.09156829286247842,0.0024961345660282205,0.4867182641238788
0.09157321059691362,0.002496139342498349,0.4807180463991846
0.09157841893024662,0.002496140730069054,0.47440465904329526
0.09158271634159681,0.002496141389869107,0.4692260946863662
0.09158709580817219,0.002496138764742647,0.4639725344002186
0.09159108984989074,0.0024961371864732533,0.4591990058796211
0.0915957180009521,0.0024961338155268624,0.453684074345991
0.09160092633428511,0.0024961334398268258,0.4474974308338066
0.0916053761604286,0.0024961336231338117,0.4422288271179846
0.09160939155761792,0.002496136931842916,0.4374913940178605
0.09161342007110115,0.002496139563058485,0.4327575713352629
0.0916177128485977,0.0024961442059355174,0.4277383197724773
0.0916229211819307,0.0024961468005108597,0.4216855633925775
0.09162812951526371,0.00249614866442461,0.41567319777715794
0.09163230737722441,0.0024961468168504357,0.41087620136172065
0.09163651615310128,0.0024961454216877433,0.4060631502381772
0.09164065299323654,0.0024961421132123104,0.40134716670249004
0.09164586132656954,0.002496140793869534,0.3954275034634201
0.09165106965990255,0.0024961400779991002,0.38952692591409444
0.0916552869315532,0.0024961428831940047,0.3847658789189006
0.09165955411443577,0.0024961454013212874,0.37996728233971
0.09166364131783895,0.0024961498772097957,0.3753928445861022
0.09166881623368309,0.0024961529247216952,0.3696347589987377
0.0916740245670161,0.0024961555404894994,0.3638786145327409
0.09167829766778847,0.002496154263280171,0.3591827617217782
0.09168263960685558,0.002496153141063589,0.35443218800273807
0.09168670070581438,0.0024961499094877737,0.35000374918592003
0.09169160930006318,0.002496148295366735,0.3446668405357971
0.09169681763339618,0.0024961467788497623,0.3390208338824326
0.0917011856171066,0.0024961489756452756,0.33430110652466194
0.09170563220066627,0.002496151208032076,0.32951423136567787
0.0917096867350947,0.0024961555587145975,0.3251691540230021
0.09171437127483793,0.0024961585909893925,0.32017570743463036
0.09171957960817094,0.0024961620323403545,0.31465994506330486
0.09172407402481718,0.002496161489251629,0.30992895790052
0.09172814750500885,0.0024961609805034335,0.30566130175506295
0.09173223238223217,0.002496157930138463,0.3013968503113128
0.09173661943271884,0.002496156245533442,0.2968305804367836
0.09174182776605184,0.0024961537508642433,0.2914243676689633
0.09174703609938485,0.0024961552080958716,0.2860354556338043
0.09175125596206873,0.002496156743673113,0.2816844971366116
0.09175550033616936,0.002496160999052515,0.2773264612554254
0.09175974247420987,0.002496163860702543,0.2729920862778563
0.09176495080754288,0.002496168061607581,0.2677033058114885
0.09177015914087588,0.0024961684064152383,0.2624497393552204
0.09177440652631629,0.0024961682957914456,0.2581890839135159
0.09177869076105194,0.0024961653628600526,0.2539083656766686
0.09178288395252265,0.0024961637373564017,0.24973172911714625
0.09178809228585566,0.0024961608559322924,0.24455786559628215
0.09179330061918867,0.002496161722310817,0.23939961232593107
0.0917975814031847,0.0024961628513745686,0.23517366684202323
0.09180191504998729,0.0024961669211617426,0.23091248225241287
0.0918060753087882,0.0024961697142121394,0.2268410476181911
0.09181128364212121,0.0024961742322025253,0.22177473997388197
0.09181649197545422,0.0024961751109665365,0.21674270016011957
0.09182081903187364,0.0024961754029255994,0.2125862459072585
0.09182520845929083,0.0024961726740095162,0.2083877552779846
0.0918293528928242,0.002496171097583335,0.20443671748190342
0.09183443529935663,0.002496167991882305,0.1996043637286773
0.09183964363268964,0.0024961683351114672,0.19466637952519344
0.09184403098831335,0.002496169078156648,0.19051931285273174
0.09184848639247584,0.0024961729600627984,0.18632396802522497
0.09185262414832611,0.0024961756779856145,0.1824455403148463
0.0918575423784775,0.002496180222055664,0.17786215493799196
0.0918627507118105,0.0024961816264966316,0.17304072849557514
0.09186721310673276,0.00249618236360979,0.16893489671069292
0.09187174775694186,0.0024961798730105075,0.16478187423008706
0.09187588977486631,0.0024961783682061456,0.1610019052439199
0.09188067176041433,0.002496175188982675,0.15664943751234564
0.09188588009374733,0.0024961750116158673,0.15192157962863795
0.09189042750398656,0.0024961753267701134,0.1478053874450598
0.09189458427356735,0.0024961786601967392,0.1440557350790174
0.09189874931655492,0.0024961812588934714,0.14031430936815356
0.09190329215907896,0.002496185736628422,0.13625543669369902
0.09190850049241196,0.0024961878022123686,0.13163197114359
0.09191370882574497,0.0024961891639575092,0.12703967628788662
0.09191843870895887,0.0024961869119194784,0.12289187309172861
0.09192272291369669,0.00249618542941873,0.11914941153424707
0.09192726196813861,0.002496182273178774,0.11519500156667814
0.09193247030147161,0.002496181756537297,0.11066908779768102
0.09193767863480462,0.002496181945792575,0.10615636890451188
0.0919423831167009,0.002496185555695537,0.1020957640578477
0.09194667645251853,0.002496188245546465,0.09840686226158414
0.09195125667076567,0.002496192658300627,0.09449337703628401
0.09195646500409868,0.002496194536315381,0.09007234717165499
0.09196114509747601,0.0024961957670177493,0.0861253774991013
0.09196535472804294,0.002496193773061517,0.0825925917883624
0.09196957920709545,0.0024961924200984018,0.07906043290744076
0.09197405660055233,0.0024961892513986343,0.07532700760454941
0.09197926493388534,0.0024961885002941627,0.07099496904888453
0.09198447326721834,0.00249618836124208,0.06667493081757869
0.09198879563619537,0.0024961914621515887,0.06310207012765652
0.09199314116554744,0.0024961940275425995,0.05952507988922433
0.09199753772819283,0.0024961983824759427,0.05592538057264928
0.09200274606152584,0.0024962006606648935,0.051688517346101644
0.09200795439485884,0.0024962023700775856,0.04748115394245193
0.09201229356479527,0.002496200559787728,0.04399522329040667
0.0920166608068398,0.002496199243976107,0.04050059856256579
0.09202103901840523,0.002496196116770057,0.037007059643847186
0.09202624735173824,0.002496195212010275,0.0328613334665897
0.09203145568507125,0.0024961948308350624,0.028726629080800613
0.0920358116326558,0.0024961977600990856,0.025280035577875188
0.092040200976873,0.0024962002456348224,0.021821287370101864
0.09204456501848518,0.002496204567268863,0.018400664041563052
0.09204977335181819,0.002496206968060711,0.01434464612139517
0.0920549816851512,0.002496208887311651,0.010317394371461232
0.09205935569500523,0.002496207237837074,0.00695450261678909
0.09206376848719414,0.002496206002652513,0.0035757437899457466
0.09206812441354804,0.002496202894817231,0.00025017404554044694
0.09207333274688105,0.00249620188188519,-0.003716492030574776
0.09207854108021406,0.0024962013096001827,-0.007672976137877681
0.09208293214101781,0.002496204096809313,-0.010997939796011567
0.0920873671016888,0.002496206512374798,-0.014342502223502567
0.09209171863864767,0.0024962108015126106,-0.017606829608963072
0.09209692697198067,0.002496213276297755,-0.021488479777767043
0.09210213530531368,0.002496215345705148,-0.025342120843527452
0.09210654647886468,0.0024962138187153,-0.028586854498204018
0.0921110031345336,0.002496212649750658,-0.03185109271579995
0.09211535618816796,0.002496209563925527,-0.03503001063651836
0.09212056452150097,0.0024962084937172413,-0.038824316268481235
0.09212577285483398,0.0024962077974480983,-0.042609156516315264
0.09213020197616004,0.0024962104900732108,-0.045817661196947954
0.09213467729724138,0.002496212853612878,-0.049046496355653356
0.09213903486335986,0.0024962171152358922,-0.05217367719657572
0.09214424319669287,0.0024962196126290933,-0.05588682767533292
0.09214945153002588,0.002496221760129251,-0.05957274448531458
0.09215389752129394,0.002496220304200096,-0.06270032590011004
0.09215838986938425,0.0024962191789429963,-0.06584672616517938
0.09216275640232789,0.0024962161141971655,-0.06889582535822598
0.0921679647356609,0.0024962150366472373,-0.07252402494979708
0.0921731730689939,0.002496214289460319,-0.07614337258583552
0.0921776326368915,0.0024962169382431684,-0.07923277346829907
0.09218213830268192,0.0024962192706964696,-0.0823413772726952
0.09218651578485319,0.0024962235104984743,-0.08534527132920776
0.0921917241181862,0.002496225984508683,-0.08889542528237002
0.0921969324515192,0.0024962281405666413,-0.09241912883055399
0.09220140419509584,0.0024962267041613436,-0.09542607376171992
0.09220592133930615,0.0024962255993902006,-0.09845009584540688
0.09221031352707351,0.002496222553569312,-0.10138160609981266
0.09221552186040652,0.0024962215112051774,-0.10484961730455107
0.09222073019373953,0.002496220778205537,-0.10830930563263144
0.0922252108868861,0.0024962234296392358,-0.1112764018909728
0.09222973597472227,0.002496225750326716,-0.11426048319652725
0.092234144483257,0.0024962299733385152,-0.1171516736681682
0.09223935281659,0.0024962323851272636,-0.12054410344936212
0.09224456114992301,0.0024962344897276768,-0.12391086827316485
0.09224904972956284,0.0024962330274523256,-0.12679449603603732
0.09225358133774575,0.002496231922613075,-0.129692813448978
0.09225800987000288,0.0024962288944929767,-0.13251672997387703
0.09226321820333588,0.0024962279237723014,-0.13583017686653293
0.09226842653666889,0.0024962272609656434,-0.13913575452312615
0.09227292033207848,0.002496229954907763,-0.14197885992381712
0.09227745552458336,0.0024962322801855515,-0.14483597966639708
0.09228190601292814,0.0024962364899090306,-0.1476238342104128
0.09228711434626115,0.0024962388045238738,-0.1508635945912744
0.09229232267959415,0.002496240805337651,-0.1540784808548801
0.09229682124818606,0.0024962392781439262,-0.15683803656786688
0.09230135923751807,0.0024962381564272267,-0.1596094474280277
0.09230583604885244,0.002496235146592179,-0.16233545291922447
0.09231104438218544,0.00249623428277504,-0.1654996792491662
0.09231625271551845,0.002496233740751765,-0.16865641298894105
0.09232075413595553,0.0024962365128671105,-0.17137589087667393
0.0923252927092172,0.0024962388564141237,-0.1741057851789607
0.09232979893537507,0.0024962430545675445,-0.17680027273345025
0.09233500726870808,0.00249624523543818,-0.17989215856829044
0.09234021560204109,0.00249624708201711,-0.18295997976853168
0.09234472018525026,0.0024962454539221583,-0.18559680116718766
0.09234925925546213,0.002496244301202784,-0.18824221758780982
0.09235380099822872,0.0024962413134478516,-0.19088161884206412
0.09235900933156173,0.0024962405969554103,-0.19390168475515074
0.09236421766489473,0.0024962402287302832,-0.19691454397162236
0.09236872444033174,0.002496243115053383,-0.19951282834389492
0.09237326263760409,0.0024962454892740816,-0.20211723619745392
0.09237784567215372,0.002496249675339879,-0.20473117539360924
0.09238305400548673,0.0024962516757701244,-0.20767963765908928
0.09238826233881973,0.002496253310153743,-0.2106048917034014
0.09239277420462699,0.002496251541914208,-0.21312333795850605
0.09239731231827099,0.002496250345281153,-0.2156456810634878
0.09240194720292241,0.002496247389107302,-0.21821473736718575
0.09240715553625542,0.0024962468775959834,-0.22109539726972444
0.09241236386958843,0.002496246751038593,-0.22396900888819773
0.09241688166418009,0.0024962497981649017,-0.22645275502309148
0.0924214196968099,0.0024962522161578993,-0.2289355038448942
0.09242611913288323,0.002496256385711733,-0.23148977563363501
0.09243132746621624,0.0024962581308203965,-0.23429873471931478
0.09243653579954925,0.0024962594691751165,-0.23708545346972904
0.09244155049865958,0.0024962573324233714,-0.23975174942827934
0.0924460771401225,0.002496256044997973,-0.2421484815734213
0.09245100309088174,0.0024962531633491137,-0.2447501101671269
0.09245621142421474,0.0024962531617484145,-0.2474949655400085
0.09246141975754775,0.0024962536178718764,-0.25023235507530533
0.09246626452204415,0.0024962572391215203,-0.25276773798777286
0.09247081469662789,0.0024962597646520928,-0.2551353731955908
0.09247597081172908,0.002496263874226067,-0.2577983043316249
0.09248117914506208,0.002496264810797776,-0.2604658982589956
0.09248638747839509,0.0024962652771883787,-0.26311329706481484
0.09249110101348657,0.0024962627325211947,-0.26549619371881533
0.09249571432316356,0.0024962613757762964,-0.26782050355134857
0.09249835716158178,0.0024962595028680036,-0.26914981678715544
0.092501,0.002496259609267095,-0.2704777482406889
0.0925011,0.0020084468337017917,-0.27053322446205763
0.09250130000000001,0.001014842404471285,-0.27065873482737124
0.09250146517954802,0.00018726336266424514,-0.2708130856981177
0.0925016402694207,-0.0006853222136909627,-0.27110423666751243
0.09250182013471035,-0.0015841143851693014,-0.2716345991146692
0.092502,-0.00248172095468566,-0.2725035624268316
0.09250203597305794,-0.0024899688028146095,-0.27273323380885617
0.09250210791917379,-0.002497494949910652,-0.2732317681450055
0.0925022518114055,-0.00249586623633844,-0.27447843167379976
0.09250253959586895,-0.0024965149208341342,-0.27802270038115817
0.0925030452471955,-0.0024961507548442456,-0.2876450711653258
0.09250405654984863,-0.002496394037194511,-0.3188788946127334
0.09250547000351347,-0.0024961984125566484,-0.3859855522677954
0.09250712997425625,-0.0024963449237464953,-0.4934049610831014
0.09250920375533533,-0.002496214358879133,-0.6599191742953734
0.09251166965649969,-0.0024963060863500046,-0.888298453413993
0.09251470838963118,-0.0024962128626862664,-1.1898766808048973
0.09251827774273944,-0.0024962721091611843,-1.5392159806580803
0.09252261252218737,-0.0024962061152871825,-1.9147897467079047
0.09252782085552037,-0.0024965156065589445,-2.2534727876657987
0.09253302918885338,-0.002496718528648258,-2.474274635239079
0.09253823752218639,-0.002497039692084306,-2.6109999163200386
0.09253994227681044,-0.002497024052828234,-2.642529633684579
0.0925410692284656,-0.0024971311486410176,-2.6607874991293867
0.09254181715762515,-0.0024970972323888675,-2.6718842058287784
0.09254239926839587,-0.0024970412486256663,-2.6728364550861228
0.09254306530602388,-0.002497175134605262,-2.672735621374526
0.09254376825627804,-0.00249698782984992,-2.672759273660506
0.09254499452065916,-0.002497212059446992,-2.6726274326140804
0.09254628558481634,-0.0024969692916732697,-2.672610633462022
0.09254802661909006,-0.0024972308496944507,-2.67244338234293
0.09255001123223672,-0.0024969617155149427,-2.6723749055106922
0.09255292101517304,-0.0024972443079143225,-2.6721233882204323
0.09255678708887342,-0.0024969641038759265,-2.6719160358762637
0.09256199542220643,-0.0024972596814425508,-2.6714908033221656
0.09256720375553944,-0.0024969750345466787,-2.671174317291135
0.09257241208887244,-0.0024972771020357614,-2.6707394343476953
0.09257762042220545,-0.002496985832054294,-2.6704177071500323
0.09258282875553846,-0.0024972924273698135,-2.669981178182211
0.09258803708887146,-0.0024969943446423427,-2.6696584908198173
0.09259324542220447,-0.002497305570368947,-2.6692224966269475
0.09259845375553748,-0.0024970025460793266,-2.668899837901345
0.09260366208887048,-0.0024973197018418277,-2.6684646944985766
0.09260887042220349,-0.0024970133401498937,-2.6681420324822205
0.0926140787555365,-0.002497336182482761,-2.667707569653134
0.0926192870888695,-0.002497025902507351,-2.6673846020471585
0.09262449542220251,-0.0024973524096123805,-2.666950453532639
0.09262970375553552,-0.0024970369962414034,-2.666626842529901
0.09263491208886852,-0.0024973659980857977,-2.6661926969079772
0.09264012042220153,-0.0024970461289380227,-2.6658681682816745
0.09264532875553454,-0.0024973785926025,-2.665433786957929
0.09265053708886754,-0.0024970563079020377,-2.6651081333663984
0.09265574542220055,-0.0024973932333645166,-2.6646733258162536
0.09266095375553356,-0.0024970692107007053,-2.6643463873973463
0.09266616208886656,-0.0024974095097479096,-2.663910976115014
0.09267137042219957,-0.0024970825022563193,-2.6635825354839424
0.09267657875553258,-0.0024974242441132334,-2.6631463694923725
0.09268178708886558,-0.002497093567761074,-2.6628163452034914
0.09268699542219859,-0.0024974365833570823,-2.662379309039133
0.0926922037555316,-0.0024971036716511623,-2.6620475960474876
0.0926974120888646,-0.002497449358356201,-2.661609608751758
0.09270262042219761,-0.00249711590939055,-2.6612761324095464
0.09270782875553062,-0.0024974645586215306,-2.660837106895885
0.09271303708886362,-0.0024971302495449877,-2.6605017720002255
0.09271824542219663,-0.002497480173068438,-2.660061595579696
0.09272345375552964,-0.0024971435895119773,-2.659724286255321
0.09272866208886264,-0.0024974934273209615,-2.659282834755427
0.09273387042219565,-0.0024971547094173375,-2.658943430314859
0.09273907875552866,-0.002497505221080143,-2.658500571480111
0.09274428708886166,-0.0024971661977993003,-2.6581589396100958
0.09274949542219467,-0.002497518681545693,-2.65771448910393
0.09275470375552768,-0.0024971802924553285,-2.657370376738082
0.09275991208886068,-0.002497534171431108,-2.656924027274483
0.09276512042219369,-0.0024971953030520537,-2.656577082120324
0.09276559849229161,-0.002497369257638385,-2.6565157342455112
0.09276655463248745,-0.0024973707251746595,-2.656442144803683
0.09276679366753642,-0.002497370591917133,-2.6564241074058925
0.09276685342629866,-0.002497370794768606,-2.6564195377538216
0.09276692546482355,-0.0024973710335124593,-2.65641629064127
0.0927669623239106,-0.002497368787729546,-2.656412437320325
0.09276697811817192,-0.002449918794061855,-2.6300052932335136
0.09276699095191562,-0.0024684226798070774,-2.5976234367696898
0.0927670017117707,-0.002476128685461026,-2.572856507822687
0.09276701353943213,-0.002480238488669848,-2.5456153986314725
0.09276702261730094,-0.002494484572029496,-2.527623149608743
0.09276703327866664,-0.002497266868818619,-2.509082949423856
0.09276704132063131,-0.0025078168611954573,-2.4986809501746636
0.09276704835369866,-0.002507122866111633,-2.4911021324927294
0.09276705552876763,-0.0025121670817564476,-2.4855546579861523
0.09276706037572634,-0.002510447356333694,-2.4823687970980086
0.09276706543901087,-0.0025120208293441253,-2.479869005828459
0.09276706906839428,-0.002510813454885128,-2.47826504242491
0.09276707285519653,-0.002510913021062532,-2.4769168919866407
0.09276707674941204,-0.002510028690401711,-2.475698819681118
0.09276708037323272,-0.0025094954127974135,-2.4747502721984747
0.09276708504317645,-0.002508521424895809,-2.4737224897811934
0.09276708948286895,-0.002507553484141473,-2.4729140370772433
0.0927670957156042,-0.0025062524926074544,-2.472019652155083
0.09276710174765151,-0.0025049161802696996,-2.471342185211585
0.09276711132748523,-0.00250315877430531,-2.4705771184753083
0.09276712044820076,-0.002501590818400601,-2.47007178237302
0.09276713868963182,-0.002499503931153752,-2.4694788467598436
0.09276715545157431,-0.0024982122949011314,-2.4691851618129013
0.09276718897545927,-0.002497223787612138,-2.4688855986544413
0.09276722591734358,-0.002496896358483681,-2.468675866514629
0.09276729980111222,-0.0024969825452047945,-2.4683244093531758
0.09276742318439143,-0.0024968986782692567,-2.467720089597189
0.09276766995094989,-0.002496981969163721,-2.466539766479694
0.09276816348406677,-0.0024968915224856145,-2.4641753638820574
0.09276915055030056,-0.0024969710163012253,-2.4595625093595
0.09277112468276814,-0.0024968689761747354,-2.450655526069371
0.09277507294770329,-0.0024969298247116516,-2.4340890755600273
0.0927802812810363,-0.002496811356834608,-2.4143039669500523
0.0927854896143693,-0.0024968726940137013,-2.396406659368154
0.09279069794770231,-0.0024967621937653562,-2.3798991452021236
0.09279590628103532,-0.0024968303133321513,-2.3644575493158726
0.09280111461436832,-0.002496724591522905,-2.3497765327952935
0.09280632294770133,-0.002496795915651044,-2.335684719932273
0.09281153128103434,-0.002496691425536059,-2.3219948453858037
0.09281673961436734,-0.002496763158114805,-2.3086250552678167
0.09282194794770035,-0.0024966584734406635,-2.2954560259780727
0.09282715628103336,-0.0024967307298966335,-2.282457309406066
0.09283236461436636,-0.0024966271152482167,-2.2695491779146297
0.09283757294769937,-0.0024967014921396906,-2.2567313771030473
0.09284278128103238,-0.002496599981192649,-2.2439472821563005
0.09284798961436538,-0.002496676358617074,-2.231213317771146
0.09285319794769839,-0.0024965756443485936,-2.21848458168825
0.0928584062810314,-0.0024966520549598863,-2.205784846450003
0.0928636146143644,-0.002496550350875742,-2.1930739899394673
0.09286882294769741,-0.0024966259612796194,-2.1803788373522583
0.09287403128103042,-0.002496523736929786,-2.16766223528326
0.09287923961436342,-0.002496600091494921,-2.154953991509162
0.09288444794769643,-0.0024964992575017254,-2.1422204843219994
0.09288965628102944,-0.0024965777685687467,-2.1294945814945296
0.09289486461436244,-0.002496478599545693,-2.116745113401539
0.09290007294769545,-0.002496558284761129,-2.10400576499536
0.09290528128102846,-0.0024964589842091053,-2.091245072291104
0.09291048961436146,-0.002496538047697589,-2.078495259165456
0.09291569794769447,-0.0024964376269795852,-2.0657236116746764
0.09292090628102748,-0.0024965163361423282,-2.0529615630405798
0.09292611461436048,-0.002496416193545366,-2.0401770663956293
0.09293132294769349,-0.002496496452816595,-2.0274029947935195
0.0929365312810265,-0.002496398138345162,-2.014609457358541
0.0929417396143595,-0.002496480454890217,-2.0018307837084546
0.09294694794769251,-0.002496383204275262,-1.9890377321425132
0.09295215628102552,-0.0024964658983772526,-1.976263690297542
0.09295736461435852,-0.0024963678706199873,-1.9634778344399024
0.09296257294769153,-0.002496449778288716,-1.9507115353030813
0.09296778128102454,-0.002496351003243643,-1.9379329585856726
0.09297298961435754,-0.0024964333415102725,-1.9251734215544078
0.09297819794769055,-0.002496335666250796,-1.9124025590991303
0.09298340628102356,-0.002496420090004723,-1.8996535071012317
0.09298861461435656,-0.002496324225047175,-1.8868977824924134
0.09299382294768957,-0.0024964101940774938,-1.8741690843758516
0.09299903128102258,-0.0024963145857477154,-1.8614384390830647
0.09300423961435558,-0.0024964002461642936,-1.8487376720659472
0.09300944794768859,-0.002496303564880305,-1.8360359169664224
0.0930146562810216,-0.0024963887203910285,-1.8233633940306162
0.0930198646143546,-0.0024962919767764547,-1.8106891761404484
0.09302507294768761,-0.002496378399594932,-1.7980444564266225
0.09303028128102062,-0.0024962833147031335,-1.7854004148892533
0.09303548961435362,-0.0024963719134247853,-1.7727899900692603
0.09304069794768663,-0.0024962781619149573,-1.7601854879416055
0.09304590628101964,-0.002496367540404496,-1.7476192825859282
0.09305111461435264,-0.0024962732703532964,-1.7350621995487336
0.09305632294768565,-0.0024963619696972876,-1.7225443155776745
0.09306153128101866,-0.00249626675338084,-1.7100349040276597
0.09306673961435166,-0.0024963555815797375,-1.697563375771519
0.09307194794768467,-0.002496261077262356,-1.685100062221051
0.09307715628101768,-0.002496351809771175,-1.672676126069745
0.09308236461435068,-0.002496259090689187,-1.6602640905288704
0.09308757294768369,-0.0024963516332466022,-1.6478961988696688
0.0930927812810167,-0.0024962594615495397,-1.635544981357176
0.0930979896143497,-0.0024963520092958547,-1.623241037648355
0.09310319794768271,-0.002496258804101585,-1.610954865854247
0.09310840628101572,-0.00249635072818815,-1.598714991101588
0.09311361461434872,-0.0024962570693464574,-1.5864912588957947
0.09311882294768173,-0.0024963499121104797,-1.5743126991436465
0.09312403128101474,-0.002496257581695449,-1.5621511564271637
0.09312923961434774,-0.0024963523712991306,-1.550043875005901
0.09313444794768075,-0.002496261051589276,-1.537968502932405
0.09313965628101376,-0.0024963564522252324,-1.5259553175488205
0.09314486461434676,-0.0024962643342405174,-1.5139753200013066
0.09315007294767977,-0.0024963587000555584,-1.5020565053140595
0.09315528128101278,-0.0024962649585389485,-1.4901678334193174
0.09316048961434578,-0.0024963586679521074,-1.4783364837667223
0.09316569794767879,-0.0024962646985696503,-1.4665320144811904
0.0931709062810118,-0.002496359546085592,-1.4547835797898865
0.0931761146143448,-0.002496266722167505,-1.443063097646919
0.09318132294767781,-0.0024963630540578083,-1.431401657608904
0.09318653128101081,-0.00249627053155526,-1.4197717093190818
0.09319173961434382,-0.0024963667055531162,-1.4082034624696116
0.09319694794767683,-0.0024962727764717145,-1.3966673409536556
0.09320215628100983,-0.0024963677953515092,-1.3851915026994128
0.09320736461434284,-0.0024962726126320656,-1.3737450697089915
0.09321257294767585,-0.0024963677143548858,-1.3623564254846503
0.09321778128100885,-0.002496273035100429,-1.3509961848982375
0.09322298961434186,-0.002496369709392879,-1.3396949990080418
0.09322819794767487,-0.0024962760814612895,-1.32842533663656
0.09323340628100787,-0.002496373694555947,-1.3172186229454963
0.09323861461434088,-0.0024962795870601714,-1.3060464975107724
0.09324382294767389,-0.002496376405184194,-1.294938486394455
0.0932490312810069,-0.0024962806593628625,-1.2838639368635032
0.0932542396143399,-0.0024963766208821185,-1.2728508781460357
0.09325944794767291,-0.002496280295213223,-1.2618684528723665
0.09326465628100591,-0.0024963771007216404,-1.2509460258695493
0.09326986461433892,-0.0024962817704170604,-1.2400548390183341
0.09327507294767193,-0.0024963801615980005,-1.2292263296292307
0.09328028128100493,-0.002496285403373582,-1.2184326773624303
0.09328548961433794,-0.002496383984903915,-1.2077048521239402
0.09329069794767095,-0.002496288062684051,-1.197013196117573
0.09329590628100395,-0.0024963855383123876,-1.1863864484474116
0.09330111461433696,-0.002496288179525981,-1.1757931574911402
0.09330632294766997,-0.0024963854180749512,-1.1652616621389584
0.09331153128100297,-0.0024962882415514366,-1.154761513232565
0.09331673961433598,-0.0024963868787698297,-1.144323153102536
0.09332194794766899,-0.0024962908041757715,-1.1339182215375623
0.093327156281002,-0.0024963906283218115,-1.1235784440114949
0.093332364614335,-0.0024962944145351363,-1.1132751927828017
0.09333757294766801,-0.002496393712065577,-1.1030386426971535
0.09334278128100101,-0.002496295949713747,-1.09283786391971
0.09334798961433402,-0.002496394244055948,-1.0827011597634502
0.09335319794766703,-0.0024962956062309694,-1.0725968369320418
0.09335840628100003,-0.0024963944091377145,-1.0625540323696614
0.09336361461433304,-0.0024962965693125436,-1.0525429458312974
0.09336882294766605,-0.002496396956858496,-1.0425949601343112
0.09337403128099905,-0.0024962999171032345,-1.0326817027949133
0.09337923961433206,-0.0024964008130658093,-1.022834668707172
0.09338444794766507,-0.0024963029122529387,-1.0130240728901863
0.09338965628099807,-0.00249640281294926,-1.0032792526339014
0.09339486461433108,-0.002496303387781969,-0.9935683337408192
0.09340007294766409,-0.0024964027594871767,-0.9839197151172522
0.0934052812809971,-0.0024963032002024007,-0.9743020007697931
0.0934104896143301,-0.002496403721943756,-0.9647454105519107
0.0934156979476631,-0.0024963052475681525,-0.9552207385581444
0.09342090628099611,-0.0024964071235320595,-0.945759919663014
0.09342611461432912,-0.002496308842015115,-0.9363340645828734
0.09343132294766213,-0.002496410480073973,-0.9269740252854316
0.09343653128099513,-0.002496310825562179,-0.9176487673251702
0.09344173961432814,-0.002496411382372976,-0.9083870402970119
0.09344694794766115,-0.0024963106198427776,-0.8991565467453682
0.09345215628099415,-0.0024964113381607867,-0.8899863185710324
0.09345736461432716,-0.0024963111349687803,-0.8808456102498083
0.09346257294766017,-0.002496413346772286,-0.8717657137109656
0.09346778128099317,-0.0024963141099235272,-0.8627176888317843
0.09347298961432618,-0.0024964171076542756,-0.8537335032713921
0.09347819794765919,-0.002496317345162594,-0.8447833158581824
0.09348340628099219,-0.002496419516771787,-0.8358971587608607
0.0934886146143252,-0.0024963182312407947,-0.8270429501298211
0.0934938229476582,-0.0024964196318472917,-0.8182493188131768
0.09349903128099121,-0.0024963179126404563,-0.8094841066837862
0.09350423961432422,-0.002496420163700601,-0.8007773596245715
0.09350944794765723,-0.0024963194427778065,-0.7920990521562877
0.09351465628099023,-0.002496423133497292,-0.783481250479966
0.09351986461432324,-0.0024963229039441097,-0.7748947915403117
0.09352507294765625,-0.002496426652728744,-0.7663711903691156
0.09353028128098925,-0.0024963252916627788,-0.757879433458711
0.09353548961432226,-0.002496427955540219,-0.7494488494396349
0.09354069794765527,-0.002496325322573487,-0.7410467530240379
0.09354590628098827,-0.0024964278145604654,-0.7327021951602262
0.09355111461432128,-0.002496325472276404,-0.724383598721268
0.09355632294765429,-0.0024964292900783148,-0.7161221352832186
0.09356153128098729,-0.002496328007307377,-0.7078882762502404
0.0935667396143203,-0.002496432837187628,-0.6997143735878248
0.0935719479476533,-0.0024963313713925895,-0.6915705534887578
0.09357715628098631,-0.002496435593670105,-0.6834875782016476
0.09358236461431932,-0.0024963326876090183,-0.6754333306426253
0.09358757294765233,-0.0024964359623763422,-0.667436808486281
0.09359278128098533,-0.002496332353782355,-0.6594652779468878
0.09359798961431834,-0.002496436151951405,-0.6515486644451765
0.09360319794765135,-0.002496333390938938,-0.643656164944608
0.09360840628098435,-0.0024964386344153767,-0.635819887971793
0.09361361461431736,-0.0024963366113646417,-0.6280103634990637
0.09361882294765037,-0.0024964422012776974,-0.6202597024458911
0.09362403128098337,-0.002496339334810151,-0.6125369890305791
0.09362923961431638,-0.0024964439103138825,-0.604872208960409
0.09363444794764939,-0.00249633968151197,-0.5972324821578164
0.09363965628098239,-0.002496443787330118,-0.589646989002155
0.0936448646143154,-0.0024963395662112716,-0.5820834488692785
0.0936500729476484,-0.0024964447694856466,-0.5745728876498977
0.09365528128098141,-0.002496341624412033,-0.5670851712590742
0.09366048961431442,-0.0024964480057560095,-0.5596529190246814
0.09366569794764742,-0.002496345005448938,-0.552246210020469
0.09367090628098043,-0.002496451033821121,-0.5448965129742688
0.09367611461431344,-0.0024963467474301637,-0.5375718027752151
0.09368132294764644,-0.0024964517263069475,-0.530301547244008
0.09368653128097945,-0.002496346512345283,-0.5230526156759475
0.09369173961431246,-0.0024964516819852294,-0.5158548686271621
0.09369694794764546,-0.002496347111451462,-0.5086767812063344
0.09370215628097847,-0.0024964536565617317,-0.5015504144129963
0.09370736461431148,-0.0024963500051458773,-0.4944459430051656
0.09371257294764448,-0.002496457161612365,-0.48739596764485976
0.09371778128097749,-0.0024963529809456453,-0.48036969907828486
0.0937229896143105,-0.002496459260605022,-0.4733978093981698
0.0937281979476435,-0.0024963537014545505,-0.46644738402551383
0.09373340628097651,-0.0024964592654024773,-0.45954783098562096
0.09373861461430952,-0.002496353432999232,-0.4526663001904898
0.09374382294764252,-0.0024964598220034648,-0.445833661456256
0.09374903128097553,-0.0024963550070712564,-0.4390191655225278
0.09375423961430854,-0.002496462673100601,-0.4322555747721081
0.09375944794764154,-0.0024963582963590477,-0.4255128766578521
0.09376465628097455,-0.002496465883507127,-0.4188231824820877
0.09376986461430756,-0.002496360433216567,-0.41215464082003184
0.09377507294764056,-0.002496466945952572,-0.40553726185624084
0.09378028128097357,-0.0024963603977519256,-0.3989376825890782
0.09378548961430658,-0.0024964667829904435,-0.3923857646559652
0.09379069794763958,-0.002496360634833795,-0.3858493315904386
0.09379590628097259,-0.0024964682577896754,-0.37936032384702256
0.0938011146143056,-0.0024963631365682104,-0.37288850827773284
0.0938063229476386,-0.0024964715975730346,-0.3664668513250759
0.09381153128097161,-0.0024963662676347684,-0.3600646792643287
0.09381673961430462,-0.0024964740451605813,-0.35371334312450087
0.09382194794763762,-0.0024963673924351423,-0.34738001955453296
0.09382715628097063,-0.002496474272110313,-0.34109443331997014
0.09383236461430364,-0.0024963670838839373,-0.3348233018524064
0.09383757294763664,-0.0024964744900484656,-0.32859735026152076
0.09384278128096965,-0.002496368192956246,-0.32238521763205086
0.09384798961430266,-0.0024964769049583536,-0.31621969279037376
0.09385319794763566,-0.0024963712897190116,-0.3100706078092487
0.09385840628096867,-0.002496480198947435,-0.303970624600998
0.09386361461430168,-0.0024963737661729624,-0.29788810517829334
0.09386882294763468,-0.0024964816507385265,-0.2918536466668301
0.09387403128096769,-0.002496374012424467,-0.2858337999112375
0.0938792396143007,-0.0024964814832794295,-0.2798585020771826
0.0938844479476337,-0.00249637397910191,-0.27389500936543226
0.09388965628096671,-0.0024964824928476563,-0.267975091671637
0.09389486461429972,-0.0024963760477121626,-0.2620680594797585
0.09390007294763272,-0.002496485575854395,-0.25620711493495857
0.09390528128096573,-0.002496379230134892,-0.2503616577227969
0.09391048961429874,-0.0024964883092582824,-0.24456367849915692
0.09391569794763174,-0.002496380762317596,-0.2387805355517853
0.09392090628096475,-0.002496488832551247,-0.23304234691326628
0.09392611461429776,-0.002496380521933964,-0.22731553339249766
0.09393132294763076,-0.002496488812215796,-0.22163070795447357
0.09393653128096377,-0.0024963812097430057,-0.21595591870029704
0.09394173961429678,-0.002496490765498261,-0.2103238801941291
0.09394694794762978,-0.0024963840273876286,-0.20470419677111906
0.09395215628096279,-0.00249649404129216,-0.19912997015332473
0.0939573646142958,-0.0024963867687502403,-0.19356977881104032
0.0939625729476288,-0.0024964958752584318,-0.18805482419682606
0.09396778128096181,-0.0024963873564729996,-0.1825516955584672
0.09397298961429482,-0.0024964958098814757,-0.17709048425226218
0.09397819794762782,-0.002496387154368646,-0.1716379759843388
0.09398340628096083,-0.002496496412124741,-0.16622574601927737
0.09398861461429384,-0.0024963887743965963,-0.16082261226397626
0.09399382294762684,-0.002496499163635033,-0.15546188594287877
0.09399903128095985,-0.0024963919042908793,-0.1501129764874176
0.09400423961429286,-0.00249650210349014,-0.14480844850283658
0.09400944794762586,-0.002496393820975993,-0.13951589838723444
0.09401465628095887,-0.0024965029737609046,-0.1342658980970789
0.09401986461429188,-0.0024963937462393316,-0.129024702582181
0.09402507294762488,-0.0024965028223552692,-0.1238228634764703
0.09403028128095789,-0.0024963940777937114,-0.11862787794045229
0.0940354896142909,-0.0024965043144522603,-0.1134723075789427
0.0940406979476239,-0.002496396548490046,-0.10832545756834887
0.09404590628095691,-0.002496507473452191,-0.10322074853785203
0.09405111461428992,-0.0024963994661868776,-0.09812694834277524
0.09405632294762292,-0.002496509657582199,-0.09307585363260108
0.09406153128095593,-0.0024964004304897777,-0.08803419253719805
0.09406673961428894,-0.0024965097872827724,-0.08303228859922536
0.09407194794762194,-0.002496400164896251,-0.07803656383051863
0.09407715628095495,-0.0024965100589294372,-0.0730784008011261
0.09408236461428796,-0.002496401346521957,-0.06812610612826266
0.09408757294762096,-0.002496512424747322,-0.06321298497302597
0.09409278128095397,-0.002496404326236372,-0.058308380363962416
0.09409798961428698,-0.002496515480576932,-0.053445344492967624
0.09410319794761998,-0.0024964065811945717,-0.04859173639355301
0.09410840628095299,-0.002496516723046655,-0.043778623765523064
0.094113614614286,-0.0024964067536813643,-0.038972216998578314
0.094118822947619,-0.0024965165480006165,-0.03420307121879997
0.09412403128095201,-0.0024964068104494897,-0.029438191836173057
0.09412923961428502,-0.0024965176041029736,-0.024709934349368155
0.09413444794761802,-0.002496408888472092,-0.019987241986001367
0.09413965628095103,-0.0024965205567071148,-0.015303731035129789
0.09414486461428404,-0.002496411885982857,-0.01062830802265138
0.09415007294761704,-0.0024965230372367953,-0.005993331124967779
0.09415528128095005,-0.0024964132365364253,-0.001365741979163627
0.09416048961428305,-0.0024965234366890244,0.003223831589297562
0.09416569794761606,-0.0024964130100289255,0.007809219042249021
0.09417090628094907,-0.002496523468060253,0.012359204713509628
0.09417611461428207,-0.002496413787361992,0.016905991247704425
0.09418132294761508,-0.00249652541683493,0.02141637733345446
0.09418653128094809,-0.0024964165310909533,0.025921166681278238
0.0941917396142811,-0.0024965284930198936,0.030386920501135818
0.0941969479476141,-0.0024964190587490765,0.03484552146373208
0.09420215628094711,-0.002496530107294264,0.03926538526671802
0.09420736461428011,-0.0024964195401349976,0.04368023867551629
0.09421257294761312,-0.002496530010164122,0.048059449802871725
0.09421778128094613,-0.0024964194145161286,0.052436428908931874
0.09422298961427913,-0.002496530677715792,0.05677905323442256
0.09422819794761214,-0.002496421078031636,0.06111878965106191
0.09423340628094515,-0.0024965333483011613,0.06542194458938541
0.09423861461427815,-0.002496424057080078,0.06971954034417073
0.09424382294761116,-0.0024965360539986052,0.07397871305996602
0.09424903128094417,-0.002496425778772079,0.07823225979098125
0.09425423961427717,-0.002496536776212934,0.08244918726476134
0.09425944794761018,-0.0024964256854202883,0.08666346357799604
0.09426465628094319,-0.0024965366653311657,0.0908439939976068
0.0942698646142762,-0.0024964261134945106,0.09502346680275002
0.0942750729476092,-0.0024965381895672564,0.0991688604288891
0.09428028128094221,-0.002496428551987272,0.10331120257077832
0.09428548961427521,-0.0024965411914654612,0.10741677736255599
0.09429069794760822,-0.002496431272173934,0.11151723872918137
0.09429590628094123,-0.002496543152888243,0.11558048712561227
0.09430111461427423,-0.0024964321015802553,0.11964009697820463
0.09430632294760724,-0.0024965432236485697,0.12366528375148847
0.09431153128094025,-0.0024964318912184262,0.12768978411583176
0.09431673961427325,-0.0024965435686851753,0.13168170845516777
0.09432194794760626,-0.002496433142479743,0.13567296338270415
0.09432715628093927,-0.002496545899608912,0.13962988561003017
0.09433236461427227,-0.002496436009080195,0.14358350378375936
0.09433757294760528,-0.0024965487471894673,0.14750052235467648
0.09434278128093829,-0.0024964380641740273,0.15141345593191338
0.0943479896142713,-0.002496549821394273,0.1552908997213642
0.0943531979476043,-0.0024964381845112627,0.15916685269184622
0.09435840628093731,-0.002496549668116075,0.16301027958926323
0.09436361461427031,-0.002496438335083908,0.16685431013802293
0.09436882294760332,-0.002496550783716495,0.17066615413282551
0.09437403128093633,-0.002496440418999857,0.17447713130978895
0.09437923961426933,-0.002496553623399166,0.1782533604531994
0.09438444794760234,-0.0024964432425827595,0.1820263168345955
0.09438965628093535,-0.0024965558859522197,0.185763408750475
0.09439486461426835,-0.0024964444353981416,0.18949798994142472
0.09440007294760136,-0.002496556198495262,0.1931990505664045
0.09440528128093437,-0.002496444237036572,0.19690055605061374
0.09441048961426737,-0.0024965563011658206,0.20057082673512613
0.09441569794760038,-0.002496445101370752,0.2042422177797123
0.09442090628093339,-0.002496558255605179,0.20788118762165503
0.0944261146142664,-0.0024964477712359698,0.21151885222727915
0.0944313229475994,-0.002496561155183776,0.21512157225696266
0.0944365312809324,-0.002496450102741625,0.2187215841902523
0.09444173961426541,-0.0024965625865961383,0.22228704376630246
0.09444694794759842,-0.002496450499641673,0.225851882864306
0.09445215628093143,-0.0024965624867498656,0.22938505444843962
0.09445736461426443,-0.0024964504563834275,0.23292006748020788
0.09446257294759744,-0.002496563231168292,0.2364243894646764
0.09446778128093045,-0.0024964521583817276,0.2399296861176227
0.09447298961426345,-0.002496565832473362,0.24340201908320527
0.09447819794759646,-0.0024964549929926976,0.2468727503397887
0.09448340628092947,-0.0024965683326244785,0.25030883943386995
0.09448861461426247,-0.0024964565411916403,0.25374337405949765
0.09449382294759548,-0.0024965689413320273,0.257145055010754
0.09449903128092849,-0.0024964564452637688,0.2605479756239974
0.09450423961426149,-0.0024965688905756586,0.263920622847257
0.0945094479475945,-0.002496456968460608,0.26729578779972385
0.0945146562809275,-0.0024965704539196584,0.27064012240652346
0.09451986461426051,-0.0024964593716489633,0.2739849081125153
0.09452507294759352,-0.0024965733150084787,0.27729625865402874
0.09453028128092653,-0.0024964619076514017,0.28060615939389016
0.09453548961425953,-0.002496575085699063,0.2838823185900427
0.09454069794759254,-0.002496462623577831,0.28715851764228173
0.09454590628092555,-0.002496575125854134,0.2904036225785727
0.09455111461425855,-0.00249646247659056,0.2936514448905166
0.09455632294759156,-0.0024965755551098357,0.2968697115223838
0.09456153128092457,-0.002496463792109567,0.3000904704532238
0.09456673961425757,-0.0024965778578897014,0.3032798252098962
0.09457194794759058,-0.002496466547792118,0.3064690994679994
0.09457715628092359,-0.0024965805192467758,0.3096248653928058
0.09458236461425659,-0.0024964684215958563,0.312779923017453
0.0945875729475896,-0.0024965814568139308,0.3159026326125797
0.0945927812809226,-0.00249646850714177,0.3190271169131946
0.09459798961425561,-0.0024965813449542374,0.3221219707485273
0.09460319794758862,-0.0024964687519702104,0.3252203880969339
0.09460840628092163,-0.0024965825248769425,0.328289263885672
0.09461361461425463,-0.0024964708364470845,0.33136011494466405
0.09461882294758764,-0.0024965852618362887,0.3343989083533915
0.09462403128092065,-0.0024964734952141496,0.3374374246548547
0.09462923961425365,-0.0024965873331023562,0.34044293714736457
0.09463444794758666,-0.002496474550704148,0.343449011301833
0.09463965628091967,-0.002496587585987302,0.3464243527274903
0.09464486461425267,-0.002496474390942207,0.34940298911261053
0.09465007294758568,-0.0024965877706727,0.35235288601791853
0.09465528128091868,-0.0024964753373082228,0.35530649014863475
0.09466048961425169,-0.0024965897337506427,0.3582300322849813
0.0946656979475847,-0.0024964779319694764,0.3611548765525942
0.0946709062809177,-0.002496592472514444,0.3640472830066872
0.09467611461425071,-0.002496480082595618,0.36693976568541226
0.09468132294758372,-0.0024965937492431064,0.36980030964176036
0.09468653128091672,-0.002496480413210507,0.3726629759499203
0.09469173961424973,-0.002496593666565928,0.37549639826419867
0.09469694794758274,-0.0024964804549671656,0.3783341221246905
0.09470215628091574,-0.002496594491567248,0.3811433118093636
0.09470736461424875,-0.0024964821889444104,0.38395577665084446
0.09471257294758176,-0.002496597028701589,0.3867374354548628
0.09471778128091476,-0.002496484884134421,0.3895199250970717
0.09472298961424777,-0.0024965993444725576,0.39227011601623357
0.09472819794758078,-0.002496486277609171,0.39502131280115005
0.09473340628091378,-0.002496599865524527,0.39774199425230033
0.09473861461424679,-0.0024964861916299064,0.40046631302240554
0.0947438229475798,-0.002496599886113593,0.4031624330098682
0.0947490312809128,-0.002496486806293984,0.4058631956265912
0.09475423961424581,-0.002496601488930139,0.4085350269560129
0.09475944794757882,-0.0024964891700877505,0.4112094087059053
0.09476465628091182,-0.0024966042192781676,0.41385237380632567
0.09476986461424483,-0.0024964915336429605,0.41649617321212035
0.09477507294757784,-0.0024966058236188683,0.41910840061558646
0.09478028128091084,-0.0024964921544851264,0.4217229762757129
0.09478548961424385,-0.0024966058531729245,0.42430849882864524
0.09479069794757686,-0.0024964920760349105,0.42689879939098896
0.09479590628090986,-0.002496606370232047,0.4294613150707013
0.09480111461424287,-0.002496493448931535,0.4320281886723092
0.09480632294757588,-0.0024966086458844813,0.4345653821643488
0.09481153128090888,-0.0024964960951242544,0.43710445967837563
0.09481673961424189,-0.0024966111369667714,0.43961193838687934
0.0948219479475749,-0.0024964978041532937,0.4421208386897817
0.0948271562809079,-0.0024966119619462095,0.44459935754091123
0.09483236461424091,-0.0024964978691657336,0.44708168186372943
0.09483757294757392,-0.002496611903669917,0.44953611838747215
0.09484278128090692,-0.0024964982065219777,0.45199587946301933
0.09484798961423993,-0.0024966131467382318,0.45442763457355756
0.09485319794757294,-0.0024965002855676407,0.45686305324125687
0.09485840628090594,-0.002496615786078251,0.4592680310746336
0.09486361461423895,-0.0024965027875748077,0.46167459749631173
0.09486882294757196,-0.0024966176864472042,0.464049958067903
0.09487403128090496,-0.002496503723622532,0.46642782877028366
0.09487923961423797,-0.0024966178996613775,0.4687766999661368
0.09488444794757098,-0.0024965036101780055,0.4711306117006107
0.09488965628090398,-0.0024966181706516785,0.4734572559908208
0.09489486461423699,-0.002496504632368015,0.4757891316897143
0.09490007294757,-0.002496620140357935,0.47809232394118156
0.094905281280903,-0.00249650715007422,0.48039839970295495
0.09491048961423601,-0.0024966227292165175,0.4826735868743158
0.09491569794756902,-0.002496509133682205,0.48495061997831507
0.09492090628090202,-0.002496623873185235,0.4871973740258041
0.09492611461423503,-0.002496509413513797,0.48944798487381275
0.09493132294756804,-0.0024966238208411263,0.4916708360894308
0.09493653128090104,-0.0024965095408977997,0.4938994693683233
0.09494173961423405,-0.0024966247249101478,0.49610082447655596
0.09494694794756706,-0.002496511299759462,0.4983068177564536
0.09495215628090006,-0.002496627198796496,0.5004832971682194
0.09495736461423307,-0.0024965138601055386,0.5026621267084824
0.09496257294756608,-0.002496629346483373,0.5048101458985871
0.09496778128089908,-0.002496515115677266,0.5069608213817961
0.09497298961423209,-0.0024966297995459704,0.5090824677479476
0.0949781979475651,-0.0024965150497337726,0.5112092514173471
0.0949834062808981,-0.0024966298970057884,0.5133090827226284
0.09498861461423111,-0.002496515750929803,0.5154148198545383
0.09499382294756412,-0.0024966315354542764,0.5174927362033784
0.09499691147378206,-0.0024965175269152226,0.5187321894815424
0.095,-0.002496633153763965,0.5199504712356378
