time_s,input_V,output_V
0.08,-0.0024967437051538256,0.4019761752471463
0.0800001,-0.0020089313768217563,0.402026897742879
0.08000030000000001,-0.0010153251998512773,0.4021248309672976
0.08000047071496708,-0.00016008957444200295,0.40220610769277626
0.08000064792005343,0.0007230158658919232,0.4022918732672189
0.080001,0.00248174623951747,0.40246286600983167
0.08000103544101728,0.0024896939895280583,0.40247870361098115
0.08000110632305182,0.002496948936675138,0.4025113453180483
0.0800012480871209,0.002495407492137793,0.40258170151435907
0.08000153161525908,0.0024960154022446524,0.4027262946685336
0.08000204089695556,0.002495674148714653,0.4030034724935228
0.08000305946034854,0.0024959029572661526,0.40367494146353655
0.08000469402473347,0.00249571386035901,0.40526258569747714
0.0800064511161526,0.0024958581892642407,0.4079594577804876
0.08000880222979605,0.00249572433842175,0.41370135203063146
0.08001124964813686,0.0024958203548228024,0.42276596278237
0.08001257505582456,0.002495736407475426,0.4291230534985284
0.0800131877159372,0.0024957690964285462,0.4324189505085702
0.08001350274819356,0.002495812265258713,0.4341920009431143
0.08001378663965718,0.002495717355379727,0.4358176126908666
0.08001397347633067,0.002495853793558381,0.4368936914347978
0.08001419866050205,0.002495711103220129,0.43819410161854416
0.08001464902884481,0.0024958477916548006,0.4407985123026617
0.08001506142112562,0.002495721444510377,0.44318476820372854
0.08001556452542409,0.0024958382145272248,0.4460940368219097
0.08001606622710171,0.00249573101364681,0.44899242656606675
0.08001690033231447,0.002495830723815134,0.4538027589592496
0.08001777537242886,0.0024957365739259156,0.4588376792747091
0.08001952545265766,0.0024958268799208806,0.4688683825409379
0.08002302561311524,0.0024957388603184458,0.4887573844770429
0.08002823394644824,0.0024958265031326636,0.5178739467432645
0.08003344227978125,0.002495740781865569,0.5463587281277532
0.08003865061311426,0.0024958268784045176,0.5741625547536476
0.08004385894644726,0.002495742991657474,0.6012564510231179
0.08004906727978027,0.00249582742653846,0.6276244175266182
0.08005427561311328,0.002495745255663951,0.6532605543005681
0.08005948394644628,0.002495827983626129,0.6781652604338971
0.08006469227977929,0.0024957474963175534,0.7023444277599162
0.0800699006131123,0.0024958285568716203,0.7258069573075454
0.0800751089464453,0.002495749774960121,0.7485648396513098
0.08008031727977831,0.002495829218024773,0.7706313390513992
0.08008552561311132,0.0024957521286899783,0.7920215114808009
0.08009073394644432,0.0024958299462923203,0.812750745037953
0.08009594227977733,0.0024957544820062272,0.8328354950367761
0.08010115061311034,0.002495830642957793,0.8522920263040353
0.08010635894644334,0.002495756754093473,0.8711372539118862
0.08011156727977635,0.0024958312807913364,0.8893876078947484
0.08011677561310936,0.00249575898128116,0.9070599216980573
0.08012198394644236,0.0024958319431463557,0.9241703770547564
0.08012719227977537,0.0024957612550416527,0.9407354091018278
0.08013240061310838,0.002495832688774521,0.956770707496053
0.08013760894644138,0.0024957635740442186,0.9722921228727623
0.08014281727977439,0.0024958334574904806,0.9873147149229563
0.0801480256131074,0.0024957658456266152,1.0018536486798162
0.0801532339464404,0.002495834166460656,1.015923275817151
0.08015844227977341,0.002495768033363355,1.029538017143519
0.08016365061310642,0.0024958348422530075,1.042711475294899
0.08016885894643942,0.0024957702142249065,1.0554573000560188
0.08017406727977243,0.0024958355779663563,1.0677883290118344
0.08017927561310544,0.0024957724549388646,1.0797174346576128
0.08018448394643844,0.0024958363842674833,1.0912566915893145
0.08018969227977145,0.0024957747051064724,1.102418205660513
0.08019490061310446,0.0024958371728716956,1.113213307361276
0.08020010894643746,0.002495776878018504,1.1236533641997444
0.08020531727977047,0.0024958378978782955,1.1337490003929205
0.08021052561310348,0.002495778988869917,1.1435108936332592
0.08021573394643648,0.002495838628723498,1.1529490202622874
0.08022094227976949,0.0024957811297404283,1.1620734357693352
0.0802261506131025,0.0024958394388444787,1.1708935419473938
0.0802313589464355,0.0024957833222381673,1.1794188473794982
0.08023656727976851,0.002495840288515196,1.1876582503639468
0.08024177561310152,0.002495785483218895,1.1956207745248224
0.08024698394643452,0.002495841088717323,1.2033148621986716
0.08025219227976753,0.0024957875578545097,1.2107490834593528
0.08025740061310054,0.0024958418433582382,1.2179314395780545
0.08026260894643354,0.0024957896068595158,1.224870048976735
0.08026781727976655,0.0024958426425086004,1.2315724647088389
0.08027302561309956,0.002495791708984899,1.2380463431179904
0.08027823394643256,0.002495843518172021,1.2442987793787714
0.08028344227976557,0.002495793835346612,1.2503369628347523
0.08028865061309857,0.0024958443935595006,1.256167531998387
0.08029385894643158,0.0024957958960368162,1.2617972174466687
0.08029906727976459,0.0024958452060356074,1.2672322153445068
0.0803042756130976,0.0024957978839051102,1.272478817182855
0.0803094839464306,0.002495846006874235,1.2775428001446476
0.08031469227976361,0.0024957998856284225,1.2824300427393254
0.08031990061309661,0.002495846878828017,1.2871459306199469
0.08032510894642962,0.002495801943039876,1.2916959575625042
0.08033031727976263,0.002495847803904154,1.2960851458480707
0.08033552561309563,0.0024958039867949804,1.3003186322996725
0.08034073394642864,0.0024958486925228274,1.3044011026600406
0.08034594227976165,0.0024958059476714923,1.308337362712041
0.08035115061309465,0.002495849526621032,1.312131786273633
0.08035635894642766,0.0024958078671512996,1.3157888716241561
0.08036156727976067,0.0024958503881196215,1.3193127029219176
0.08036677561309367,0.0024958098308162876,1.3227074922619615
0.08037198394642668,0.0024958513275609544,1.325977054411496
0.08037719227975969,0.0024958118318524325,1.3291253348423735
0.0803824006130927,0.0024958522835775536,1.3321558975655587
0.0803876089464257,0.00249581378256782,1.3350724393780669
0.08039281727975871,0.002495853181279951,1.3378782906113358
0.08039802561309171,0.002495815654911837,1.3405769158218976
0.08040323394642472,0.0024958540516489803,1.3431714272045452
0.08040844227975773,0.0024958175251062202,1.3456650720647163
0.08041365061309073,0.0024958549814348046,1.3480607587540476
0.08041885894642374,0.002495819451804738,1.3503615312261077
0.08042406727975675,0.002495855974441128,1.3525701073295215
0.08042927561308975,0.0024958213828267066,1.354689340693593
0.08043448394642276,0.0024958569457601935,1.3567217711499762
0.08043969227975577,0.0024958232392691005,1.3586700741794
0.08044490061308877,0.0024958578575432467,1.3605366231601281
0.08045010894642178,0.0024958250417136374,1.3623239266042249
0.08045531727975479,0.0024958587789989262,1.3640342020830138
0.0804605256130878,0.0024958268771529935,1.3656698015148458
0.0804657339464208,0.0024958597752951436,1.3672327965647193
0.08047094227975381,0.002495828760205132,1.3687253923572373
0.08047615061308681,0.002495860803605106,1.370149524034484
0.08048135894641982,0.002495830610409485,1.371507259121424
0.08048656727975283,0.0024958617817272145,1.372800405064585
0.08049177561308583,0.0024958323813829945,1.3740309003884204
0.08049698394641884,0.0024958627193648586,1.375200432954913
0.08050219227975185,0.0024958341348629014,1.376310820198807
0.08050740061308485,0.0024958637020154662,1.377363637920515
0.08051260894641786,0.0024958359420178522,1.3783605898640339
0.08051781727975087,0.0024958647540569098,1.3793031468356647
0.08052302561308387,0.0024958377701291713,1.3801929059135116
0.08052823394641688,0.0024958658000506662,1.3810312396285003
0.08053344227974989,0.0024958395356871337,1.381819645013969
0.0805386506130829,0.0024958667854865606,1.3825594025761252
0.0805438589464159,0.0024958412380585494,1.38325191539558
0.0805490672797489,0.002495867763412745,1.3838983777119505
0.08055427561308191,0.002495842960464767,1.3845001043115932
0.08055948394641492,0.002495868809185224,1.3850582085070298
0.08056469227974793,0.002495844737040502,1.3855739221149939
0.08056990061308093,0.002495869899988833,1.3860482826136562
0.08057510894641394,0.0024958464989512405,1.386482443880451
0.08058031727974695,0.002495870951632736,1.3868773723597516
0.08058552561307995,0.002495848185089742,1.3872341487144668
0.08059073394641296,0.002495871952982487,1.3875536727380535
0.08059594227974597,0.002495849839705984,1.3878369562211503
0.08060115061307897,0.002495872983216607,1.3880848363787766
0.08060635894641198,0.002495851541690194,1.3882982601651623
0.08061156727974499,0.002495874084920184,1.3884780060281758
0.08061677561307799,0.0024958532788109445,1.388624959897813
0.080621983946411,0.0024958751962278762,1.3887398450569457
0.080627192279744,0.002495854968017941,1.388823489983685
0.08063240061307701,0.002495876249896463,1.3888765661315345
0.08063760894641002,0.002495856588608431,1.3888998478425754
0.08064281727974303,0.0024958772804545663,1.3888939578275676
0.08064802561307603,0.002495858215178461,1.3888596193323812
0.08065323394640904,0.002495878368454842,1.3887974091483282
0.08065844227974205,0.002495859898483714,1.3887080022754916
0.08066365061307505,0.0024958795116306184,1.3885919322447828
0.08066885894640806,0.0024958615849205628,1.3884498284607156
0.08067406727974107,0.0024958806288143376,1.3882821836392505
0.08067927561307407,0.002495863202826776,1.3880895840057847
0.08068448394640708,0.0024958816896735766,1.3878724836993026
0.08068969227974009,0.0024958647772491864,1.3876314280217068
0.08069490061307309,0.0024958827627050584,1.3873668345806918
0.0807001089464061,0.0024958663896953227,1.3870792098075835
0.0807053172797391,0.002495883905333434,1.3867689366850628
0.08071052561307211,0.0024958680482714273,1.38643648464925
0.08071573394640512,0.0024958850723394007,1.386082203719287
0.08072094227973813,0.0024958696752807423,1.3857065279889325
0.08072615061307113,0.0024958861882754717,1.3853097759710935
0.08073135894640414,0.0024958712320803204,1.3848923478766404
0.08073656727973715,0.002495887267957997,1.3844545320326804
0.08074177561307015,0.0024958727806849994,1.3839966960962407
0.08074698394640316,0.002495888392211576,1.3835190994054605
0.08075219227973617,0.002495874384673497,1.3830220782530327
0.08075740061306917,0.0024958895785043775,1.3825058639383392
0.08076260894640218,0.002495876008145036,1.3819707622924515
0.08076781727973519,0.002495890753354655,1.3814169772288893
0.08077302561306819,0.0024958775737177175,1.3808447847249299
0.0807782339464012,0.002495891869926379,1.3802543617618632
0.0807834422797342,0.0024958790865393836,1.3796459548857742
0.08078865061306721,0.0024958929825069118,1.379019714476763
0.08079385894640022,0.002495880625981291,1.3783758580167444
0.08079906727973322,0.002495894159317722,1.3777145094009746
0.08080427561306623,0.0024958822189323953,1.3770358570285968
0.08080948394639924,0.0024958953736167674,1.3763399979982438
0.08081469227973224,0.00249588379757656,1.3756270911108326
0.08081990061306525,0.0024958965467975925,1.3748972058439086
0.08082510894639826,0.00249588530839284,1.3741504704736736
0.08083031727973126,0.002495897673987651,1.3733869257235978
0.08083552561306427,0.002495886797780524,1.3726066681704507
0.08084073394639728,0.0024958988314813476,1.371809708389253
0.08084594227973028,0.00249588833791731,1.3709961096668843
0.08085115061306329,0.0024959000546512363,1.3701658503742664
0.0808563589463963,0.002495889911926475,1.3693189580144594
0.0808615672797293,0.002495901281755069,1.3684553756473987
0.08086677561306231,0.0024958914416637413,1.3675750913577471
0.08087198394639532,0.002495902453079763,1.3666780086583923
0.08087719227972832,0.002495892913138401,1.36576407161645
0.08088240061306133,0.002495903606225059,1.364833139080639
0.08088760894639434,0.00249589439900914,1.3638851054311156
0.08089281727972734,0.002495904815885189,1.3629197783425824
0.08089802561306035,0.0024958959427784145,1.3619369950134037
0.08090323394639336,0.0024959060747045004,1.3609365030185574
0.08090844227972636,0.002495897490227896,1.3599180718546282
0.08091365061305937,0.002495907305850877,1.3588813766465502
0.08091885894639238,0.0024958989770667503,1.3578261050028062
0.08092406727972538,0.002495908486317874,1.3567518433310783
0.08092927561305839,0.002495900432415319,1.3556581788972346
0.0809344839463914,0.002495909683970114,1.3545445882148288
0.0809396922797244,0.0024959019328314336,1.353410533754933
0.08094490061305741,0.002495910949579146,1.3522553533838348
0.08095010894639042,0.0024959034811645317,1.3510783507763318
0.08095531727972342,0.002495912236977051,1.3498786846809416
0.08096052561305643,0.002495905003937349,1.3486554519070106
0.08096573394638944,0.0024959134786252495,1.3474075750858685
0.08097094227972244,0.002495906470785244,1.3461338769374196
0.08097615061305545,0.002495914695221447,1.344832964661233
0.08098135894638846,0.0024959079451710698,1.3435032932845792
0.08098656727972146,0.00249591596485098,1.3421430437806219
0.08099177561305447,0.0024959094859303074,1.340750172185072
0.08099698394638748,0.0024959173015800507,1.3393222776057092
0.08100219227972048,0.0024959110577714694,1.337856633604748
0.08100740061305349,0.0024959186380309603,1.3363500434976847
0.0810126089463865,0.002495912593870233,1.3347988533367907
0.0810178172797195,0.002495919939783242,1.3331987973604986
0.08102302561305251,0.0024959141101733562,1.3315450013295813
0.08102823394638552,0.002495921268245996,1.329831835285041
0.08103344227971852,0.0024959156890127588,1.3280529362070075
0.08103865061305153,0.002495922692234196,1.3262011111885987
0.08104385894638454,0.0024959173580806327,1.324268436934847
0.08104906727971754,0.0024959241885180203,1.322246279890092
0.08105427561305055,0.0024959190566167322,1.3201255356232406
0.08105948394638356,0.0024959256879309778,1.3178968053917999
0.08106469227971656,0.002495920739673376,1.3155507699876898
0.08106990061304957,0.0024959271900787173,1.3130784571427419
0.08107510894638258,0.00249592245136792,1.3104716285770903
0.08108031727971558,0.0024959287621305797,1.3077229850220642
0.08108552561304859,0.0024959242498677333,1.3048264204498266
0.0810907339463816,0.002495930424187375,1.3017770615036242
0.0810959422797146,0.002495926105407455,1.2985713508372525
0.08110115061304761,0.002495932106529479,1.2952069423517025
0.08110635894638062,0.0024959279365701515,1.2916826680391034
0.08111156727971362,0.0024959337490747303,1.2879983589866306
0.08111677561304663,0.002495929728795671,1.28415477270289
0.08112198394637964,0.0024959353860830773,1.2801534067761953
0.08112719227971264,0.0024959315472688815,1.2759964330560514
0.08113240061304565,0.00249593708178613,1.2716865319817818
0.08113760894637866,0.002495933424701192,1.2672268482408684
0.08114281727971166,0.002495938820960914,1.262620851083698
0.08114802561304467,0.0024959353036691227,1.257872311422686
0.08115323394637768,0.0024959405284337034,1.2529851854246308
0.08115844227971068,0.0024959371243435217,1.2479636097197007
0.08116365061304369,0.00249594218551565,1.242811804811972
0.0811688589463767,0.0024959389170342047,1.2375340850674403
0.0811740672797097,0.0024959438569124083,1.2321347784044123
0.08117927561304271,0.0024959407512204217,1.2266182471750342
0.08118448394637572,0.0024959455849494347,1.220988819735333
0.08118969227970872,0.0024959426230383545,1.2152508179144152
0.08119490061304173,0.002495947320864281,1.2094084965471041
0.08120010894637474,0.002495944460810915,1.2034660746631007
0.08120531727970774,0.002495949001951187,1.1974276812277935
0.08121052561304075,0.002495946238969505,1.1912973891043275
0.08121573394637376,0.0024959506508567242,1.1850791666299985
0.08122094227970676,0.0024959480181336344,1.1787769149240466
0.08122615061303977,0.0024959523384752943,1.172394424670064
0.08123135894637278,0.0024959498476386666,1.1659354141699292
0.08123656727970578,0.002495954070147595,1.1594034888751237
0.08124177561303879,0.002495951686662307,1.1528021788479321
0.0812469839463718,0.002495955777193776,1.1461348999741516
0.0812521922797048,0.0024959534697737836,1.1394049905550871
0.08125740061303781,0.0024959574265350456,1.1326156746154012
0.08126260894637082,0.0024959552112486672,1.1257700985463996
0.08126781727970382,0.0024959590731529584,1.1188712972367532
0.08127302561303683,0.002495956981975061,1.111922230852989
0.08127823394636984,0.0024959607716746454,1.1049257530472714
0.08128344227970284,0.002495958796035155,1.0978846466391823
0.08128865061303585,0.002495962489234356,1.0908015925058487
0.08129385894636885,0.002495960588654945,1.0836792032812217
0.08129906727970186,0.002495964158184546,1.0765199927925273
0.08130427561303487,0.00249596231994004,1.069326408552461
0.08130948394636787,0.0024959657841270378,1.0621008027907846
0.08131469227970088,0.0024959640384806226,1.0548454647918502
0.08131990061303389,0.0024959674365129026,1.047562593955502
0.0813251089463669,0.002495965803460704,1.0402543316091755
0.0813303172796999,0.002495969137516523,1.032922734976831
0.08133552561303291,0.0024959675903423366,1.0255698072736354
0.08134073394636591,0.002495970826829859,1.0181974716918007
0.08134594227969892,0.0024959693304787353,1.0108075995881367
0.08135115061303193,0.002495972458323587,1.0034019851138318
0.08135635894636493,0.0024959710209975306,0.9959823727161022
0.08136156727969794,0.002495974073454444,0.9885504334459045
0.08136677561303095,0.002495972729112877,0.981107792425379
0.08137198394636395,0.0024959757347029973,0.9736560066274076
0.08137719227969696,0.002495974484698816,0.9661965913592074
0.08138240061302997,0.0024959774258520766,0.9587309983052843
0.08138760894636297,0.0024959762328853816,0.9512606401297837
0.08139281727969598,0.0024959790781462973,0.9437868683919317
0.08139802561302899,0.002495977922227906,0.9363109968813547
0.081403233946362,0.002495980680355531,0.9288342804850994
0.081408442279695,0.0024959795868011525,0.921357938357116
0.08141365061302801,0.0024959822962783208,0.9138831345178094
0.08141885894636101,0.0024959812914888972,0.906411000816604
0.08142406727969402,0.0024959839626819418,0.8989426184114488
0.08142927561302703,0.0024959830285794494,0.8914790393981185
0.08143448394636003,0.0024959856307615554,0.8840212680894732
0.08143969227969304,0.002495984730400275,0.8765702809459913
0.08144490061302605,0.0024959872444539678,0.8691270080180492
0.08145010894635905,0.0024959863778247346,0.8616923521873863
0.08145531727969206,0.002495988829935653,0.8542671719568206
0.08146052561302507,0.002495988030561995,0.8468523008536137
0.08146573394635807,0.002495990453417285,0.8394485315966447
0.08147094227969108,0.0024959897316689673,0.8320566350434893
0.08147615061302409,0.0024959921153964856,0.8246773445865767
0.0814813589463571,0.002495991439043492,0.817311373547513
0.0814865672796901,0.0024959937501933894,0.8099593992777655
0.0814917756130231,0.002495993093166997,0.8026220792515922
0.08149698394635611,0.0024959953310951023,0.7953000357496346
0.08150219227968912,0.0024959947122259844,0.7879938718733606
0.08150740061302213,0.0024959969127701354,0.7807041576957265
0.08151260894635513,0.0024959963627822824,0.7734314464432259
0.08151781727968814,0.0024959985436832774,0.7661762615465768
0.08152302561302115,0.0024959980535466594,0.7589391119413933
0.08152823394635415,0.0024960001888758654,0.7517204788785986
0.08153344227968716,0.0024959997218448457,0.744520829727796
0.08153865061302017,0.0024960017861320517,0.7373406045974784
0.08154385894635317,0.0024960013340446737,0.7301802294619009
0.08154906727968618,0.0024960033454636244,0.723040103778346
0.08155427561301919,0.002496002939227085,0.7159206138974504
0.0815594839463522,0.002496004932725502,0.7088221220360152
0.0815646922796852,0.00249600459048896,0.7017449795725463
0.0815699006130182,0.002496006564328597,0.6946895163588671
0.08157510894635121,0.00249600626041332,0.6876560528013808
0.08158031727968422,0.0024960081814105806,0.6806448887047138
0.08158552561301723,0.002496007885289675,0.6736563141201539
0.08159073394635023,0.0024960097440389103,0.6666905984282282
0.08159594227968324,0.002496009467029626,0.6597480010557797
0.08160115061301625,0.002496011294935251,0.6528287618203892
0.08160635894634925,0.002496011069858849,0.6459331120435229
0.08161156727968226,0.002496012890859169,0.6390612658364927
0.08161677561301527,0.002496012717664458,0.6322134307348004
0.08162198394634827,0.0024960145121063057,0.6253897987796898
0.08162719227968128,0.0024960143562174687,0.6185905558132673
0.08163240061301429,0.0024960160943129947,0.6118158721836343
0.08163760894634729,0.0024960159401370093,0.6050659112844948
0.0816428172796803,0.002496017631425048,0.5983408209093201
0.0816480256130133,0.0024960175053316096,0.5916407421403672
0.08165323394634631,0.0024960191850264173,0.5849658019583779
0.08165844227967932,0.002496019111427149,0.5783161223293466
0.08166365061301233,0.0024960207858510212,0.5716918132561453
0.08166885894634533,0.0024960207465764177,0.5650929809768275
0.08167406727967834,0.0024960223849141657,0.5585197204806477
0.08167927561301135,0.002496022346859233,0.5519721225432827
0.08168448394634435,0.0024960239321206905,0.5454502661570357
0.08168969227967736,0.0024960238985766944,0.5389542253398014
0.08169490061301037,0.0024960254561830616,0.532484062625258
0.08170010894634337,0.0024960254599205164,0.526039836378528
0.08170531727967638,0.0024960270184596726,0.5196215952632853
0.08171052561300939,0.0024960270678526875,0.513229385423799
0.08171573394634239,0.0024960286149413266,0.5068632448300344
0.0817209422796754,0.002496028679383879,0.5005232093380798
0.0817261506130084,0.00249603018299356,0.49420930649253886
0.08173135894634141,0.00249603024060271,0.4879215607400764
0.08173656727967442,0.0024960317016728033,0.48165998760440976
0.08174177561300743,0.002496031772792923,0.4754245992022583
0.08174698394634043,0.002496033224825155,0.4692153995509418
0.08175219227967344,0.002496033338186273,0.4630323905100224
0.08175740061300645,0.0024960347949999732,0.45687556764489873
0.08176260894633945,0.002496034940567087,0.45074492559143825
0.08176781727967246,0.0024960363755057603,0.44464045341120595
0.08177302561300547,0.0024960365195634956,0.43856213883131645
0.08177823394633847,0.0024960379095581202,0.43250996326584223
0.08178344227967148,0.002496038047467925,0.42648390576849227
0.08178865061300448,0.0024960394107649154,0.4204839387928792
0.08179385894633749,0.002496039573178473,0.4145100327156458
0.0817990672796705,0.002496040941305135,0.40856215264357515
0.0818042756130035,0.002496041144014217,0.40264026299974987
0.08180948394633651,0.002496042512333291,0.39674432442676505
0.08181469227966952,0.0024960427301984113,0.39087429741000873
0.08181990061300252,0.00249604406664165,0.3850301385365579
0.08182510894633553,0.002496044272914144,0.3792118032803997
0.08183031727966854,0.0024960455702112017,0.37341924229994317
0.08183552561300154,0.002496045778256702,0.36765240443443387
0.08184073394633455,0.002496047066394783,0.36191123399649033
0.08184594227966756,0.002496047307285242,0.35619567434934646
0.08185115061300056,0.002496048606384696,0.3505056658778062
0.08185635894633357,0.0024960488783836447,0.3448411492361024
0.08186156727966658,0.0024960501675884684,0.3392020629242769
0.08186677561299958,0.002496050438237467,0.33358834548223704
0.08187198394633259,0.002496051690018731,0.32799993254884396
0.0818771922796656,0.0024960519472535707,0.3224367586405
0.0818824006129986,0.0024960531722294085,0.31689875470743656
0.08188760894633161,0.0024960534427727133,0.3113858504327049
0.08189281727966462,0.0024960546733515444,0.3058979728379407
0.08189802561299762,0.0024960549790910185,0.3004350488928374
0.08190323394633063,0.0024960562184450116,0.29499700432008397
0.08190844227966364,0.002496056540876588,0.28958376549650644
0.08191365061299664,0.002496057758819062,0.28419525759866954
0.08191885894632965,0.002496058068036764,0.2788314056181356
0.08192406727966266,0.0024960592499689324,0.27349213230508385
0.08192927561299566,0.002496059551801027,0.268177359247904
0.08193448394632867,0.002496060722723497,0.2628870056734708
0.08193969227966168,0.0024960610485549803,0.25762099014910017
0.08194490061299468,0.002496062233553665,0.2523792301671748
0.08195010894632769,0.0024960625895564478,0.2471616437899303
0.0819553172796607,0.0024960637744948578,0.24196814895084573
0.0819605256129937,0.0024960641313258266,0.23679866416123288
0.08196573394632671,0.0024960652861777985,0.2316531071905928
0.08197094227965972,0.002496065625360985,0.22653139519471818
0.08197615061299272,0.002496066752825652,0.22143344367431284
0.08198135894632573,0.002496067095658485,0.21635916705611755
0.08198656727965874,0.0024960682271554418,0.21130847859525442
0.08199177561299174,0.002496068599990094,0.206281291490428
0.08199698394632475,0.0024960697460727163,0.20127751911721375
0.08200219227965776,0.0024960701377277883,0.1962970756692548
0.08200740061299076,0.0024960712717704663,0.19133987579041084
0.08201260894632377,0.0024960716511461486,0.18640583428243085
0.08201781727965678,0.0024960727525896106,0.1814948653816381
0.08202302561298978,0.002496073117832436,0.1766068823494096
0.08202823394632279,0.0024960742053862814,0.17174179739798856
0.0820334422796558,0.0024960745862989565,0.16689952195570612
0.0820386506129888,0.002496075688417918,0.16207996742668285
0.08204385894632181,0.002496076098303135,0.1572830456161996
0.08204906727965482,0.0024960772081004394,0.15250866935707402
0.08205427561298782,0.0024960776222568253,0.147756752152045
0.08205948394632083,0.0024960787092411056,0.14302720813658892
0.08206469227965384,0.0024960791040735957,0.13831995099407318
0.08206990061298684,0.0024960801631955577,0.13363489399018083
0.08207510894631985,0.002496080553611459,0.12897194921814092
0.08208031727965286,0.0024960816136692784,0.12433102848415305
0.08208552561298586,0.0024960820285615604,0.11971204319586301
0.08209073394631887,0.0024960831064572728,0.11511490573070358
0.08209594227965188,0.002496083542328208,0.11053952906583828
0.08210115061298488,0.002496084616546821,0.10598582765543317
0.08210635894631789,0.002496085042859584,0.10145371614957131
0.0821115672796509,0.002496086088323542,0.09694310975251784
0.0821167756129839,0.0024960864960314696,0.09245392266364384
0.08212198394631691,0.002496087524491938,0.0879860689159334
0.08212719227964992,0.0024960879400262523,0.08353946141252284
0.08213240061298292,0.002496088981429983,0.07911401361619592
0.08213760894631593,0.0024960894241417494,0.07470963897110366
0.08214281727964894,0.0024960904790853563,0.07032625261884494
0.08214802561298194,0.0024960909300213723,0.06596377020061185
0.08215323394631495,0.0024960919692880654,0.06162210887746371
0.08215844227964796,0.0024960924014370486,0.057301185377504726
0.08216365061298096,0.002496093413007472,0.05300091685505211
0.08216885894631397,0.0024960938341302046,0.04872121909749693
0.08217406727964698,0.0024960948425433553,0.04446200814845468
0.08217927561297998,0.002496095282373548,0.04022319918348263
0.08218448394631299,0.002496096309686086,0.036004708762683094
0.082189692279646,0.002496096772127686,0.03180645365379959
0.082194900612979,0.002496097802984379,0.02762835271743234
0.08220010894631201,0.00249609825984507,0.023470324896887742
0.08220531727964502,0.0024960992664211853,0.019332290487032642
0.08221052561297802,0.0024960997022724996,0.015214168693897226
0.08221573394631103,0.002496100688935251,0.011115879147127994
0.08222094227964404,0.0024961011254905283,0.007037339992528307
0.08222615061297704,0.002496102121931599,0.0029784702567291843
0.08223135894631005,0.0024961025829767004,-0.0010608115728655792
0.08223656727964306,0.0024961035968899363,-0.0050805849470254025
0.08224177561297606,0.0024961040701843504,-0.00908092913762584
0.08224698394630907,0.0024961050753376035,-0.013061921269835615
0.08225219227964208,0.002496105532130591,-0.017023638981870263
0.08225740061297508,0.0024961065105959805,-0.02096615883560351
0.08226260894630809,0.002496106951364251,-0.02488955896434026
0.0822678172796411,0.002496107922226712,-0.028793916877601577
0.0822730256129741,0.002496108375674335,-0.032679311415906874
0.08227823394630711,0.002496109364614699,-0.03654581985723504
0.08228344227964011,0.0024961098414728075,-0.04039351972290899
0.08228865061297312,0.0024961108399229382,-0.04422248609377248
0.08229385894630613,0.0024961113158858436,-0.048032794134069745
0.08229906727963913,0.0024961122950780054,-0.051824517090798765
0.08230427561297214,0.002496112749519661,-0.05559772937684611
0.08230948394630515,0.002496113706575268,-0.0593525045142314
0.08231469227963815,0.002496114155358218,-0.06308891782630394
0.08231990061297116,0.0024961151179755977,-0.06680704358063905
0.08232510894630417,0.002496115587752825,-0.07050695708236816
0.08233031727963717,0.0024961165699354834,-0.07418873143890285
0.08233552561297018,0.0024961170555603167,-0.07785243990035326
0.08234073394630319,0.0024961180355604785,-0.0814981531896217
0.0823459422796362,0.0024961185082490738,-0.08512594261939682
0.0823511506129692,0.0024961194635270316,-0.08873587793042817
0.08235635894630221,0.0024961199168183753,-0.09232803057440038
0.08236156727963521,0.0024961208601517464,-0.09590247108617697
0.08236677561296822,0.0024961213200077785,-0.09945927176923854
0.08237198394630123,0.0024961222790444667,-0.10299850328705346
0.08237719227963423,0.0024961227621296345,-0.10652023701990249
0.08238240061296724,0.0024961237352955057,-0.11002454170695075
0.08238760894630025,0.0024961242223918894,-0.11351148640459963
0.08239281727963325,0.002496125181708273,-0.11698113779395487
0.08239802561296626,0.002496125648449868,-0.12043356380142911
0.08240323394629927,0.002496126584358875,-0.12386883104313713
0.08240844227963227,0.0024961270400430118,-0.12728700819933456
0.08241365061296528,0.0024961279766638534,-0.1306881627612887
0.08241885894629829,0.0024961284491651237,-0.13407236373529077
0.0824240672796313,0.002496129405748098,-0.1374396778764044
0.0824292756129643,0.002496129896900752,-0.14079017247806655
0.08243448394629731,0.00249613085722756,-0.1441239120193832
0.08243969227963031,0.002496131339963633,-0.14744096169351462
0.08244490061296332,0.002496132278462528,-0.15074138466404546
0.08245010894629633,0.0024961327400883767,-0.15402524591826625
0.08245531727962933,0.00249613366277168,-0.15729260926143732
0.08246052561296234,0.0024961341250297506,-0.16054354060663717
0.08246573394629535,0.0024961350598133947,-0.16377810422125666
0.08247094227962835,0.0024961355440213818,-0.16699636554329556
0.08247615061296136,0.002496136496143076,-0.17019838728268746
0.08248135894629437,0.00249613698907459,-0.1733842327237712
0.08248656727962737,0.0024961379329716316,-0.1765539624241543
0.08249177561296038,0.002496138408103646,-0.17970763823406377
0.08249638780648019,0.0024961392494375575,-0.18248699241443286
0.082501,0.0024961396308620255,-0.18525384805084705
0.08250110000000001,0.002008327401615634,-0.18531641247490435
0.08250130000000001,0.0010147231805562238,-0.1854378933793713
0.08250147081971737,0.00015896256976660994,-0.18553924743515682
0.08250164488077287,-0.0007084523752905852,-0.1856439367433021
0.08250182244038644,-0.001595748093806161,-0.18575057269023362
0.082502,-0.002481839159637545,-0.1858578278048309
0.08250203551192271,-0.0024900386005980413,-0.18587785260000406
0.08250210653576814,-0.0024975801047290407,-0.18591875151488998
0.082502248583459,-0.00249601110506608,-0.18600578338028126
0.08250253267884071,-0.002496612321116196,-0.18618380892098885
0.08250303131256896,-0.0024962875170119374,-0.18651250644848774
0.08250402858002548,-0.0024964952199639464,-0.1872786133680154
0.08250544597433604,-0.002496332366084353,-0.18874175328320286
0.08250709267678594,-0.0024964485097741297,-0.19121756098966275
0.08250916843455916,-0.002496347763174703,-0.19587227050680797
0.08251162062705616,-0.00249641292949472,-0.20397372505510047
0.08251464338568011,-0.0024963482501098415,-0.21821482187355637
0.08251818866431208,-0.0024963835424482266,-0.24095036199288036
0.08252250303808265,-0.0024963441153263363,-0.27655999673261655
0.08252771137141565,-0.0024963643808343958,-0.3285850620625487
0.08253291970474866,-0.00249634564067483,-0.3871007616075398
0.08253812803808167,-0.0024963552511916972,-0.44896878861680956
0.08254333637141467,-0.0024963521940833933,-0.5120743166948898
0.08254854470474768,-0.002496348881630738,-0.575181184327805
0.08255375303808068,-0.002496359236359489,-0.6376040047371445
0.08255896137141369,-0.0024963431744407447,-0.6989682627269753
0.0825641697047467,-0.0024963659598367387,-0.7590621045286414
0.0825693780380797,-0.0024963379207940148,-0.8177672329247062
0.08257458637141271,-0.00249637249936598,-0.8750146094393657
0.08257979470474572,-0.0024963333135417784,-0.9307687337729315
0.08258500303807872,-0.002496378994421625,-0.9850107089639218
0.08259021137141173,-0.002496329277455283,-1.0377369587185858
0.08259541970474474,-0.0024963852231698895,-1.0889498049940043
0.08260062803807774,-0.0024963254786932914,-1.1386601757675487
0.08260583637141075,-0.0024963909355768007,-1.1868805617663605
0.08261104470474376,-0.002496321807096164,-1.2336290742097287
0.08261625303807676,-0.00249639625822159,-1.2789233577474228
0.08262146137140977,-0.002496318516429193,-1.322785183895506
0.08262666970474278,-0.0024964015047163842,-1.3652348329735324
0.08263187803807578,-0.0024963157895841804,-1.4062959122361605
0.08263708637140879,-0.002496406691396924,-1.445990004665331
0.0826422947047418,-0.0024963134221033427,-1.4843415716584265
0.0826475030380748,-0.0024964115301591636,-1.5213727741277305
0.08265271137140781,-0.002496311126920955,-1.5571083909286452
0.08265791970474082,-0.002496415906984934,-1.5915707659929546
0.08266312803807382,-0.002496308970282693,-1.6247847069298667
0.08266833637140683,-0.002496420079786351,-1.6567725339185388
0.08267354470473984,-0.0024963072432843507,-1.687558937263044
0.08267875303807284,-0.0024964242816137225,-1.7171661127755375
0.08268396137140585,-0.002496305976012851,-1.7456185635106554
0.08268916970473886,-0.0024964283652336695,-1.7729383116769575
0.08269437803807186,-0.002496304871663229,-1.7991496355512602
0.08269958637140487,-0.002496432055337528,-1.8242743537161032
0.08270479470473788,-0.0024963037630431647,-1.8483364937501667
0.08271000303807088,-0.0024964363275963176,-1.8713302064320048
0.08271521137140389,-0.0024963066025910745,-1.8932318787751434
0.0827204197047369,-0.002496446523662733,-1.914071506519694
0.0827256280380699,-0.002496315837661076,-1.9338816876874776
0.08273083637140291,-0.0024964619245485924,-1.9526921550878442
0.08273604470473592,-0.002496329771226408,-1.970533912885234
0.08274125303806892,-0.002496480820962723,-1.9874350206034006
0.08274646137140193,-0.002496346782546962,-2.003424832215282
0.08275166970473494,-0.0024965018365290604,-2.0185298954815445
0.08275687803806794,-0.002496365777975102,-2.0327779839674127
0.08276208637140095,-0.002496524182337779,-2.046194198996041
0.08276729470473396,-0.0024963861463046704,-2.058804809649791
0.08277250303806696,-0.002496547318480518,-2.0706335427903553
0.08277771137139997,-0.0024964072643171805,-2.081705240933134
0.08278291970473298,-0.0024965705133548222,-2.092042324373756
0.08278812803806598,-0.0024964282955542154,-2.1016682771653667
0.08279333637139899,-0.0024965929607170135,-2.1106042688716657
0.082798544704732,-0.002496448561792842,-2.1188724822355467
0.082803753038065,-0.002496614227815722,-2.1264928857689465
0.08280896137139801,-0.002496467856969652,-2.1334864172148915
0.08281416970473102,-0.0024966342859440516,-2.1398718972423745
0.08281937803806402,-0.002496486173335248,-2.145669079165418
0.08282458637139703,-0.002496653048991693,-2.150895691126406
0.08282979470473004,-0.0024965032539065487,-2.155570359732036
0.08283500303806304,-0.002496670134745595,-2.1597097687108398
0.08284021137139605,-0.002496518663396354,-2.163331465991906
0.08284541970472906,-0.0024966852075752866,-2.1664511310199868
0.08285062803806206,-0.00249653224284168,-2.1690852774203657
0.08285583637139507,-0.0024966983352659386,-2.1712486229212296
0.08286104470472808,-0.0024965442039796186,-2.172956698033899
0.08286625303806108,-0.0024967097752940956,-2.174223309869164
0.08287146137139409,-0.00249655470058809,-2.175063062796633
0.0828766697047271,-0.002496719521312391,-2.1754889051071453
0.0828818780380601,-0.0024965635510609293,-2.175514566697836
0.08288708637139311,-0.002496727323145187,-2.1751521801703104
0.08289229470472612,-0.002496570543365604,-2.1744146439396355
0.08289750303805912,-0.0024967331362559875,-2.1733133135469673
0.08290271137139213,-0.0024965758239797317,-2.171860299931002
0.08290791970472514,-0.0024967372734661583,-2.170066226492111
0.08291312803805814,-0.0024965797427962755,-2.167942468835864
0.08291833637139115,-0.002496740011519619,-2.165498969454393
0.08292354470472416,-0.0024965823974169607,-2.1627464215205805
0.08292875303805716,-0.002496741277049764,-2.15969413253355
0.08293396137139017,-0.0024965836001857138,-2.156352156125058
0.08293916970472318,-0.0024967409074746058,-2.152729200231954
0.08294437803805618,-0.002496583313644499,-2.148834714611383
0.08294958637138919,-0.0024967390636491094,-2.14467684196105
0.0829547947047222,-0.0024965818537861636,-2.1402644682601353
0.0829600030380552,-0.0024967361318671407,-2.1356052128829117
0.08296521137138821,-0.002496579534983357,-2.130707444332369
0.08297041970472122,-0.0024967322714783643,-2.1255783019982517
0.08297562803805422,-0.0024965763232540103,-2.120225677943058
0.08298083637138723,-0.0024967273290121303,-2.1146562646424174
0.08298604470472024,-0.0024965720487856754,-2.1088775069020795
0.08299125303805324,-0.0024967212521765703,-2.1028956745389227
0.08299646137138625,-0.002496566834022872,-2.0967177912623565
0.08300166970471926,-0.002496714339111177,-2.090349731995457
0.08300687803805226,-0.0024965610521040897,-2.083798132783583
0.08301208637138527,-0.0024967069250697157,-2.0770685085231255
0.08301729470471828,-0.0024965548832400035,-2.0701671435531614
0.08302250303805128,-0.002496699008210588,-2.063099223643329
0.08302771137138429,-0.0024965481777172,-2.0558707075530855
0.0830329197047173,-0.0024966904107819603,-2.0484864708543586
0.0830381280380503,-0.0024965408419263565,-2.040952162962136
0.08304333637138331,-0.0024966812153770783,-2.0332723641611685
0.08304854470471632,-0.002496533128123023,-2.0254524334393005
0.08305375303804932,-0.0024966717783178635,-2.017496678252791
0.08305896137138233,-0.0024965253661754535,-2.009410194104589
0.08306416970471533,-0.0024966623009832697,-2.001197042392075
0.08306937803804834,-0.002496517567515554,-1.9928620797522263
0.08307458637138135,-0.0024966526445598107,-1.9844091397273593
0.08307979470471435,-0.0024965095335373437,-1.975842852851283
0.08308500303804736,-0.0024966426823709994,-1.9671668327054148
0.08309021137138037,-0.0024965012926488873,-1.9583854915011478
0.08309541970471337,-0.0024966326249402726,-1.9495022328700689
0.08310062803804638,-0.002496493167197545,-1.9405212660291873
0.08310583637137939,-0.00249662279929872,-1.9314458037952407
0.0831110447047124,-0.0024964853654462597,-1.922279873630436
0.0831162530380454,-0.002496613237494846,-1.9130265162727202
0.08312146137137841,-0.002496477751521335,-1.9036895914255707
0.08312666970471141,-0.0024966037314753187,-1.8942719752600974
0.08313187803804442,-0.0024964701598994585,-1.884777362922811
0.08313708637137743,-0.002496594264605001,-1.8752084677098604
0.08314229470471043,-0.0024964627494754666,-1.8655688246811055
0.08314750303804344,-0.0024965851294494194,-1.855860993411533
0.08315271137137645,-0.002496455832726515,-1.8460883631460023
0.08315791970470945,-0.002496576545953364,-1.8362533563733807
0.08316312803804246,-0.0024964494552092535,-1.8263592321303617
0.08316833637137547,-0.002496568391440905,-1.816408286738789
0.08317354470470847,-0.0024964433972993224,-1.8064036539744122
0.08317875303804148,-0.0024965604728735273,-1.796347503891646
0.08318396137137449,-0.0024964375934993363,-1.7862428431534003
0.0831891697047075,-0.0024965529041344778,-1.7760917157345188
0.0831943780380405,-0.0024964322984792776,-1.7658970062659378
0.08319958637137351,-0.0024965459865313004,-1.7556606431164612
0.08320479470470651,-0.0024964277362992298,-1.7453854026755975
0.08321000303803952,-0.0024965397854824142,-1.735073111242774
0.08321521137137253,-0.0024964237953838376,-1.7247264464639447
0.08322041970470553,-0.0024965340806262304,-1.7143471362087674
0.08322562803803854,-0.0024964202553751473,-1.703937757603042
0.08323083637137155,-0.0024965287668798986,-1.693499936008928
0.08323604470470455,-0.0024964171817553646,-1.683036145320741
0.08324125303803756,-0.0024965240646534926,-1.6725479105324899
0.08324646137137057,-0.0024964148576710455,-1.6620376099724365
0.08325166970470357,-0.0024965202053488997,-1.65150668014832
0.08325687803803658,-0.0024964133648367045,-1.6409574160496516
0.08326208637136959,-0.002496517096151717,-1.6303911748158784
0.0832672947047026,-0.002496412483426487,-1.6198101712443511
0.0832725030380356,-0.0024965144995950503,-1.6092156808313094
0.0832777113713686,-0.0024964120694322745,-1.598609832651387
0.08328291970470161,-0.00249651243863597,-1.587993816100451
0.08328812803803462,-0.0024964123052461074,-1.577369674188978
0.08329333637136763,-0.002496511180260142,-1.5667385159870195
0.08329854470470063,-0.0024964134245210024,-1.5561023086064594
0.08330375303803364,-0.002496510826209374,-1.545462092552278
0.08330896137136665,-0.0024964153532540546,-1.5348197678770041
0.08331416970469965,-0.002496511165800436,-1.5241763101556631
0.08331937803803266,-0.0024964178342063467,-1.5135337235440982
0.08332458637136567,-0.0024965118370136627,-1.5028981577077012
0.08332979470469867,-0.0024964203519998356,-1.4922738434281204
0.08333500303803168,-0.0024965124899221777,-1.4816616067863118
0.08334021137136469,-0.0024964229347747184,-1.4710630987289786
0.08334541970469769,-0.002496513326160206,-1.4604790399814762
0.0833506280380307,-0.0024964257024733543,-1.4499109641267265
0.0833558363713637,-0.0024965142966916994,-1.4393595002877932
0.08336104470469671,-0.002496428458244804,-1.4288260790719554
0.08336625303802972,-0.0024965151471420762,-1.4183112481322475
0.08337146137136273,-0.002496431003398629,-1.4078163415579479
0.08337666970469573,-0.0024965158250683976,-1.397341830361942
0.08338187803802874,-0.0024964334538030335,-1.3868889594077771
0.08338708637136175,-0.0024965165630954915,-1.376458134389087
0.08339229470469475,-0.002496436052766825,-1.366050526719687
0.08339750303802776,-0.0024965175067482434,-1.3556664937550575
0.08340271137136077,-0.0024964387818477863,-1.3453071484381431
0.08340791970469377,-0.0024965184831997286,-1.3349728088159303
0.08341312803802678,-0.0024964413910435954,-1.324664531888758
0.08341833637135979,-0.0024965192788301994,-1.3143825932505226
0.08342354470469279,-0.0024964437983092547,-1.3041279893247366
0.0834287530380258,-0.002496519980416665,-1.293900950602876
0.0834339613713588,-0.002496446219052174,-1.2837024157039705
0.08343916970469181,-0.002496520835406562,-1.273532577929532
0.08344437803802482,-0.002496448820650747,-1.2633923294927358
0.08344958637135783,-0.0024965218566040726,-1.2532818369408274
0.08345479470469083,-0.002496451455383058,-1.243201952524813
0.08346000303802384,-0.0024965228030807475,-1.2331528160958598
0.08346521137135685,-0.002496453897357519,-1.2231352350964064
0.08347041970468985,-0.002496523566009013,-1.2131493155000819
0.08347562803802286,-0.002496456202988236,-1.2031958150281237
0.08348083637135587,-0.0024965243415721824,-1.1932748056330393
0.08348604470468887,-0.002496458619286468,-1.183387001211667
0.08349125303802188,-0.002496525316653491,-1.1735324493060917
0.08349646137135489,-0.0024964611887150975,-1.163711830369346
0.08350166970468789,-0.002496526370829995,-1.1539251739825944
0.0835068780380209,-0.0024964636823830767,-1.1441731279367418
0.0835120863713539,-0.0024965272701919536,-1.1344556989345116
0.08351729470468691,-0.0024964659664506784,-1.124773494834411
0.08352250303801992,-0.0024965280409938,-1.1151264932244564
0.08352771137135293,-0.0024964682149682927,-1.1055152607520118
0.08353291970468593,-0.002496528926463114,-1.0959397502600121
0.08353812803801894,-0.0024964706306569925,-1.0864004963030036
0.08354333637135195,-0.0024965299978119016,-1.0768974368660742
0.08354854470468495,-0.0024964731214655216,-1.0674310816590797
0.08355375303801796,-0.0024965310415040647,-1.0580013552530623
0.08355896137135096,-0.0024964754488512805,-1.0486087385410607
0.08356416970468397,-0.002496531901393921,-1.039253135162146
0.08356937803801698,-0.0024964776091424587,-1.0299349905156236
0.08357458637134998,-0.002496532727403525,-1.0206541845410586
0.08357979470468299,-0.0024964798381660507,-1.0114111305106697
0.083585003038016,-0.002496533734843798,-1.0022056926794978
0.083590211371349,-0.00249648223401567,-0.993038262197104
0.08359541970468201,-0.0024965348605611353,-0.983908695189612
0.08360062803801502,-0.002496484601397113,-0.9748173632890537
0.08360583637134802,-0.0024965358651193093,-0.9657641110203785
0.08361104470468103,-0.0024964867647343392,-0.9567492834349663
0.08361625303801404,-0.0024965367154909206,-0.9477727059985245
0.08362146137134704,-0.0024964888482501635,-0.9388346935546827
0.08362666970468005,-0.002496537636545749,-0.9299350543654812
0.08363187803801306,-0.0024964910763151287,-0.9210740804176379
0.08363708637134606,-0.002496538750901791,-0.912251572308748
0.08364229470467907,-0.0024964934152255274,-0.9034678074307853
0.08364750303801208,-0.002496539883727059,-0.8947225820132253
0.08365271137134508,-0.0024964956283746254,-0.8860161565014408
0.08365791970467809,-0.002496540842886114,-0.8773483158271952
0.0836631280380111,-0.0024964976547635813,-0.8687192959276315
0.0836683363713441,-0.002496541725311358,-0.8601288656204534
0.08367354470467711,-0.0024964997054943987,-0.8515772372014264
0.08367875303801012,-0.0024965427605841144,-0.8430641695361318
0.08368396137134312,-0.0024965019257262356,-0.8345898606907053
0.08368916970467613,-0.0024965439439049095,-0.8261540679969027
0.08369437803800914,-0.0024965041636118295,-0.817756979666199
0.08369958637134214,-0.0024965450446831254,-0.80939834982537
0.08370479470467515,-0.002496506214184874,-0.8010783505998278
0.08371000303800816,-0.0024965459752861138,-0.7927967248984167
0.08371521137134116,-0.0024965081467573196,-0.7845536232356203
0.08372041970467417,-0.002496546929869516,-0.776348776720768
0.08372562803800718,-0.0024965101930761514,-0.7681823195464009
0.08373083637134018,-0.00249654807304178,-0.7600539797220579
0.08373604470467319,-0.0024965123771932807,-0.751963883941375
0.0837412530380062,-0.0024965492772839,-0.7439117620559923
0.0837464613713392,-0.0024965144783524467,-0.7358977327137208
0.08375166970467221,-0.002496550327774746,-0.7279215217525451
0.08375687803800522,-0.002496516384694965,-0.71998323186789
0.08376208637133822,-0.0024965512652559093,-0.712082578416042
0.08376729470467123,-0.0024965182714497174,-0.7042196465949099
0.08377250303800424,-0.0024965523196552653,-0.6963941452713691
0.08377771137133724,-0.002496520320132597,-0.6886061504430221
0.08378291970467025,-0.002496553542170405,-0.6808553732579843
0.08378812803800326,-0.0024965224295001465,-0.6731418863621985
0.08379333637133626,-0.0024965547244914336,-0.6654654034218858
0.08379854470466927,-0.002496524378683507,-0.657825988770722
0.08380375303800228,-0.002496555732178095,-0.6502233505994984
0.08380896137133528,-0.0024965261804945705,-0.6426575380251591
0.08381416970466829,-0.00249655671856971,-0.6351282509605349
0.0838193780380013,-0.0024965280600597207,-0.627635526356783
0.0838245863713343,-0.0024965578785965323,-0.6201790632780116
0.08382979470466731,-0.0024965300949952537,-0.6127588954565004
0.08383500303800032,-0.0024965591375079314,-0.6053747274556328
0.08384021137133332,-0.002496532092720956,-0.5980265911396714
0.08384541970466633,-0.0024965602712842365,-0.5907141922425049
0.08385062803799934,-0.0024965338992893053,-0.5834375531569728
0.08385583637133234,-0.002496561264655642,-0.5761963732445152
0.08386104470466535,-0.002496535645133623,-0.5689906617765326
0.08386625303799836,-0.0024965623341157584,-0.56182011351007
0.08387146137133136,-0.0024965375357610753,-0.5546847314017442
0.08387666970466437,-0.00249656358129424,-0.5475842142847637
0.08388187803799738,-0.0024965395239907777,-0.5405185658468435
0.08388708637133038,-0.0024965648312674157,-0.5334874911345144
0.08389229470466339,-0.002496541386813441,-0.5264909912513259
0.0838975030379964,-0.0024965659128488257,-0.5195287700709912
0.0839027113713294,-0.002496543082264534,-0.5126008183804664
0.08390791970466241,-0.002496566931418822,-0.5057068341794918
0.08391312803799542,-0.0024965448158421793,-0.49884679871899046
0.08391833637132842,-0.0024965680992058608,-0.4920204099482108
0.08392354470466143,-0.0024965467116039894,-0.4852276481741427
0.08392875303799444,-0.002496569396120921,-0.4784682186422367
0.08393396137132744,-0.0024965486152085763,-0.4717421038862726
0.08393916970466045,-0.0024965706027821563,-0.4650490139235914
0.08394437803799346,-0.0024965503416957318,-0.4583889267538944
0.08394958637132646,-0.0024965716513095223,-0.4517615491105173
0.08395479470465947,-0.002496551971050605,-0.4451668490627541
0.08396000303799248,-0.0024965727326517703,-0.4386045296346826
0.08396521137132548,-0.002496553719477786,-0.43207455400207806
0.08397041970465849,-0.0024965739904491114,-0.4255766295868411
0.0839756280379915,-0.0024965555941925933,-0.4191107224883332
0.0839808363713245,-0.002496575292104743,-0.4126765484350872
0.08398604470465751,-0.0024965573833224475,-0.40627407498743084
0.08399125303799052,-0.0024965764414389873,-0.39990301989827154
0.08399646137132352,-0.0024965589952191647,-0.3935633442169211
0.08400166970465653,-0.00249657749182418,-0.3872547615030236
0.08400687803798954,-0.0024965606043484793,-0.3809772249128848
0.08401208637132254,-0.0024965786595598258,-0.3747304477972375
0.08401729470465555,-0.0024965623718836887,-0.36851438317910246
0.08402250303798856,-0.0024965799778682374,-0.3623287521284071
0.08402771137132156,-0.002496564189046069,-0.35617351233841876
0.08403291970465457,-0.0024965812447300855,-0.3500483920003283
0.08403812803798758,-0.0024965658522601605,-0.3439533480014405
0.08404333637132058,-0.0024965823461188838,-0.337888107649033
0.08404854470465359,-0.0024965673886312312,-0.3318526203395959
0.0840537530379866,-0.0024965834373001706,-0.3258466100394327
0.0840589613713196,-0.0024965690117997805,-0.319870021722398
0.08406416970465261,-0.0024965846935451775,-0.3139225831066995
0.08406937803798561,-0.0024965707805087575,-0.3080042428971357
0.08407458637131862,-0.002496586030435695,-0.30211473797488814
0.08407979470465163,-0.0024965725059367195,-0.29625402123055466
0.08408500303798463,-0.0024965872396134226,-0.2904218339204205
0.08409021137131764,-0.0024965740544941233,-0.2846181254309138
0.08409541970465065,-0.002496588321644009,-0.27884263416344457
0.08410062803798365,-0.0024965755607979723,-0.273095302692153
0.08410583637131666,-0.00249658948387097,-0.26737586853263295
0.08411104470464967,-0.0024965772118559293,-0.26168427399173005
0.08411625303798267,-0.0024965908084405956,-0.25602026375405806
0.08412146137131568,-0.0024965789488184224,-0.25038378596856437
0.08412666970464869,-0.0024965921218660855,-0.2447745938103955
0.0841318780379817,-0.0024965805623009016,-0.2391926374035406
0.0841370863713147,-0.002496593272866673,-0.233637670985338
0.08414229470464771,-0.0024965820274784967,-0.22810963918447175
0.08414750303798071,-0.0024965943734182824,-0.22260829305663746
0.08415271137131372,-0.0024965835428877093,-0.2171335727768328
0.08415791970464673,-0.002496595618644467,-0.21168523195025046
0.08416312803797973,-0.0024965852128888163,-0.20626321429551642
0.08416833637131274,-0.0024965969750329236,-0.20086728252109934
0.08417354470464575,-0.0024965868819421966,-0.1954973862140227
0.08417875303797875,-0.0024965982349425546,-0.19015329412992382
0.08418396137131176,-0.0024965883842370104,-0.1848349548123975
0.08418916970464477,-0.0024965993485650015,-0.17954213534314598
0.08419437803797777,-0.0024965898085300576,-0.17427477827608356
0.08419958637131078,-0.0024966005024054994,-0.16903264898147033
0.08420479470464379,-0.0024965913553831273,-0.16381568904362348
0.0842100030379768,-0.002496601820459771,-0.1586236697914354
0.0842152113713098,-0.0024965930169686228,-0.15345653887564928
0.08422041970464281,-0.0024966031666693797,-0.1483140767187886
0.08422562803797581,-0.0024965945908977313,-0.14319623496650769
0.08423083637130882,-0.0024966043631279885,-0.13810279672036238
0.08423604470464183,-0.0024965960041849556,-0.1330337098887061
0.08424125303797483,-0.0024966054739469002,-0.1279887545807298
0.08424646137130784,-0.0024965974292294017,-0.12296787400985403
0.08425166970464085,-0.0024966067016337816,-0.11797084938681944
0.08425687803797385,-0.002496599007785314,-0.11299762663509326
0.08426208637130686,-0.002496608063242345,-0.10804799533723555
0.08426729470463987,-0.002496600625215383,-0.10312190811058773
0.08427250303797287,-0.002496609364032043,-0.09821916173604371
0.08427771137130588,-0.002496602094915098,-0.09333970981848663
0.08428291970463889,-0.0024966105090849034,-0.08848334858888199
0.0842881280379719,-0.0024966034564377505,-0.08365002646976444
0.0842933363713049,-0.002496611654040872,-0.07883953719115941
0.0842985447046379,-0.0024966049115226112,-0.0740518272416813
0.08430375303797091,-0.0024966129554474504,-0.06928669475504355
0.08430896137130392,-0.002496606501601225,-0.06454409179715656
0.08431416970463693,-0.0024966143209901597,-0.05982382556881847
0.08431937803796993,-0.0024966080427732233,-0.05512585352207323
0.08432458637130294,-0.002496615557876107,-0.05044998690494264
0.08432979470463595,-0.002496609420502871,-0.04579618104164271
0.08433500303796895,-0.0024966166808216414,-0.041164244534290434
0.08434021137130196,-0.0024966107720441337,-0.036554127804403536
0.08434541970463497,-0.0024966178873313616,-0.03196563907030743
0.08435062803796797,-0.002496612266488056,-0.027398730265212817
0.08435583637130098,-0.00249661924168706,-0.02285321677737189
0.08436104470463399,-0.0024966138349716213,-0.01832905738648409
0.08436625303796699,-0.0024966205730323162,-0.01382607535056151
0.0843714613713,-0.002496615282037886,-0.00934423210588029
0.084376669704633,-0.0024966217489580168,-0.004883351509780861
0.08438187803796601,-0.0024966165981132557,-0.00044339067394850187
0.08438708637129902,-0.0024966228864910338,0.003975829601672624
0.08439229470463203,-0.0024966179740438174,0.008374355146577896
0.08439750303796503,-0.002496624163928099,0.01275236247696047
0.08440271137129804,-0.0024966194957575217,0.0171098928182814
0.08440791970463105,-0.0024966255361611738,0.02144711414447914
0.08441312803796405,-0.002496621008006797,0.025764061436214528
0.08441833637129706,-0.0024966268076613315,0.030060897519780805
0.08442354470463007,-0.002496622363288502,0.034337657961747745
0.08442875303796307,-0.0024966279450303183,0.03859450769833456
0.08443396137129608,-0.00249662365729938,0.042831487247429745
0.08443916970462909,-0.0024966291293528975,0.04704876322270213
0.08444437803796209,-0.0024966250751666183,0.051246376031946914
0.0844495863712951,-0.002496630466230456,0.05542448663031874
0.0844547947046281,-0.0024966265957868136,0.059583128938560825
0.08446000303796111,-0.0024966318175747046,0.06372245580035295
0.08446521137129412,-0.0024966280268145544,0.06784249715556452
0.08447041970462713,-0.0024966330231549864,0.07194340409948281
0.08447562803796013,-0.0024966293124040477,0.07602520990868522
0.08448083637129314,-0.0024966341561117856,0.08008806898912053
0.08448604470462615,-0.0024966306216995075,0.08413201841965486
0.08449125303795915,-0.0024966354050757885,0.08815721164899494
0.08449646137129216,-0.0024966320780635065,0.09216368245739433
0.08450166970462517,-0.002496636772604788,0.09615157665107546
0.08450687803795817,-0.0024966335626843772,0.10012092140608156
0.08451208637129118,-0.0024966380720264085,0.10407185652650097
0.08451729470462419,-0.0024966349054247206,0.10800440834348145
0.08452250303795719,-0.0024966392260814822,0.111918718005223
0.0845277113712902,-0.0024966361566089675,0.11581481660192053
0.0845329197046232,-0.00249664038952222,0.11969284800824669
0.08453812803795621,-0.002496637505732205,0.1235528445836641
0.08454333637128922,-0.0024966417010081295,0.12739494622218858
0.08454854470462222,-0.002496638978603565,0.1312191795989471
0.08455375303795523,-0.0024966430620275886,0.13502567661800796
0.08455896137128824,-0.0024966403971183257,0.1388144589689162
0.08456416970462124,-0.0024966442950825397,0.14258565571424042
0.08456937803795425,-0.002496641664626525,0.14633929076755595
0.08457458637128726,-0.002496645427317815,0.15007549643257675
0.08457979470462026,-0.0024966429195844805,0.15379430106108663
0.08458500303795327,-0.0024966466459141095,0.15749583757699745
0.08459021137128628,-0.002496644313779866,0.16118013248259763
0.08459541970461928,-0.002496647998793534,0.1648473122785402
0.08460062803795229,-0.00249664577018024,0.16849739693716279
0.0846058363712853,-0.0024966493188046243,0.17213050636671617
0.0846110447046183,-0.0024966471071274396,0.1757466583830892
0.08461625303795131,-0.002496650491415441,0.17934597331285437
0.08462146137128432,-0.002496648328712616,0.182928473270012
0.08462666970461732,-0.002496651637020062,0.18649428202184642
0.08463187803795033,-0.0024966496173932933,0.19004342419874795
0.08463708637128334,-0.002496652917704469,0.19357602130461576
0.08464229470461634,-0.002496651042107781,0.1970920933977922
0.08464750303794935,-0.0024966542784185157,0.2005917544688996
0.08465271137128236,-0.002496652449070166,0.20407501894264485
0.08465791970461536,-0.002496655535862523,0.2075419969401377
0.08466312803794837,-0.0024966537082476556,0.21099270391185437
0.08466833637128138,-0.0024966566715545484,0.21442725283278913
0.08467354470461438,-0.0024966549207709496,0.2178456639193712
0.08467875303794739,-0.0024966578602631548,0.22124805212023732
0.0846839613712804,-0.0024966562564859227,0.22463443730988134
0.0846891697046134,-0.0024966591903280615,0.22800492942144568
0.08469437803794641,-0.002496657682794973,0.2313595422385255
0.08469958637127942,-0.002496660523130334,0.23469837881353395
0.08470479470461242,-0.0024966590177991207,0.2380214496448406
0.08471000303794543,-0.002496661715316845,0.2413288571630334
0.08471521137127844,-0.0024966602212639637,0.24462061544272973
0.08472041970461144,-0.0024966628474423496,0.24789683070971014
0.08472562803794445,-0.0024966614581345293,0.25115752058576185
0.08473083637127746,-0.0024966640943098477,0.25440279067965516
0.08473604470461046,-0.002496662834474137,0.25763265535498253
0.08474125303794347,-0.002496665445600402,0.2608472134873274
0.08474646137127648,-0.002496664228718009,0.26404647349544186
0.08475166970460948,-0.002496666723265527,0.2672305295223086
0.08475687803794249,-0.0024966654867238703,0.27039938978329586
0.0847620863712755,-0.002496667866398671,0.2735531506076406
0.0847672947046085,-0.002496666667989864,0.2766918249842016
0.08477250303794151,-0.0024966690276518656,0.2798155122704747
0.08477771137127452,-0.0024966679495958773,0.28292422653776506
0.08478291970460752,-0.002496670328713225,0.2860180636640955
0.08478812803794053,-0.002496669343344509,0.2890970323902303
0.08479333637127354,-0.0024966716662655564,0.29216122171529446
0.08479854470460654,-0.0024966706777414657,0.29521063618773963
0.08480375303793955,-0.002496672878030225,0.2982453631027492
0.08480896137127256,-0.0024966718726452375,0.3012654096579246
0.08481416970460556,-0.0024966740017242114,0.30427086693683936
0.08481937803793857,-0.0024966730666576013,0.3072617464308143
0.08482458637127158,-0.0024966752140022064,0.31023814010176876
0.08482979470460458,-0.0024966743949025095,0.31320005759655206
0.08483500303793759,-0.0024966765477953227,0.31614758518125535
0.0848402113712706,-0.0024966757736897757,0.31908072659007525
0.0848454197046036,-0.002496677840616163,0.3219995626901187
0.08485062803793661,-0.0024966770351586443,0.32490409581645574
0.08485583637126962,-0.002496678994673417,0.32779440815332184
0.08486104470460262,-0.002496678195479817,0.33067050648916774
0.08486625303793563,-0.002496680132484636,0.33353247674342656
0.08487146137126864,-0.002496679428210744,0.33638032806417095
0.08487666970460164,-0.0024966814003182314,0.33921414444619497
0.08488187803793465,-0.002496680786678345,0.3420339307220943
0.08488708637126766,-0.002496682734709617,0.3448397643258504
0.08489229470460066,-0.0024966821196163074,0.34763164523614304
0.08489750303793367,-0.00249668396485756,0.3504096481407145
0.08490271137126668,-0.002496683313564924,0.35317377460485233
0.08490791970459968,-0.002496685085459232,0.3559241027511306
0.08491312803793269,-0.0024966844736737815,0.3586606388608517
0.0849183363712657,-0.002496686264389196,0.36138346321193526
0.0849235447045987,-0.0024966857548578696,0.36409258166621455
0.08492875303793171,-0.002496687573943035,0.3667880700322714
0.08493396137126472,-0.0024966871146395305,0.36946992861521766
0.08493916970459772,-0.0024966888760935032,0.37213822740813207
0.08494437803793073,-0.0024966883818136943,0.3747929642157836
0.08494958637126374,-0.0024966900436348394,0.3774342093325392
0.08495479470459674,-0.002496689530353745,0.3800619644265659
0.08496000303792975,-0.002496691163064237,0.38267630388299856
0.08496521137126276,-0.002496690720149159,0.38527723276199327
0.08497041970459576,-0.0024966923954793364,0.3878648250381405
0.08497562803792877,-0.002496692041066393,0.39043908264798105
0.08498083637126178,-0.002496693719217304,0.39300007359845546
0.08498604470459478,-0.002496693370052203,0.3955477946064579
0.08499125303792779,-0.0024966949653522164,0.39808231000488786
0.08499562651896389,-0.002496694478614496,0.40020035688023653
0.085,-0.0024966959060921065,0.40230913863157164
0.08500010000000001,-0.0020088835770863027,0.4023598598193809
0.08500030000000001,-0.001015277391462059,0.40245779098584217
0.08500047072468517,-0.00015999320665741073,0.4025390707960687
0.08500064790956632,0.0007230113336176215,0.4026248248549165
0.08500100000000001,0.0024817940383671426,0.4027958193108282
0.08500103543697624,0.0024897413844958472,0.40281165474612
0.08500110631092869,0.0024969964691836533,0.4028442917662195
0.08500124805883362,0.0024954555160145472,0.4029146380737758
0.08500153155464348,0.002496063024992701,0.4030592114496428
0.08500204076056861,0.0024957221090688864,0.4033363372398967
0.08500305917241888,0.0024959506098803305,0.40400765679852657
0.08500469378767789,0.002495761797237759,0.405595221780525
0.08500645073300019,0.0024959058533764534,0.40829164296783643
0.08500880186041247,0.0024957722572005133,0.41403313523293894
0.08501124896110443,0.002495868022671622,0.4230958256037727
0.08501257402475261,0.002495784313534061,0.42945057458113356
0.08501318666227778,0.0024958167846796317,0.4327459580360797
0.08501350168411527,0.0024958601209287257,0.4345187493904556
0.08501378556920766,0.0024957650941519753,0.43614414966476023
0.08501397233263384,0.002495901599141913,0.43721969337039956
0.08501419749222278,0.0024957588862925366,0.4385198262112984
0.08501464781140064,0.0024958955743540527,0.4411236849239742
0.0850150599384615,0.0024957692383905843,0.44350816376544483
0.08501556316329713,0.0024958859881120303,0.4464178354131443
0.08501606461348916,0.0024957788107802126,0.4493144813128634
0.08501689831298406,0.002495878490257693,0.45412199625105276
0.08501777307219277,0.0024957843711161617,0.4591548063059426
0.0850195225906102,0.0024958746408341656,0.4691813229377813
0.08502302162744506,0.0024957866499591753,0.48906210008035106
0.08502822996077807,0.0024958742505796702,0.5181760760186324
0.08503343829411107,0.0024957885555662814,0.5466583776415997
0.08503864662744408,0.002495874610127536,0.5744598202350879
0.08504385496077708,0.002495790749538316,0.6015514200580939
0.08504906329411009,0.0024958751426387834,0.627917172056795
0.0850542716274431,0.0024957929977942003,0.6535511712910079
0.0850594799607761,0.002495875684193867,0.6784538131837312
0.08506468829410911,0.0024957952226817475,0.7026309859768886
0.08506989662744212,0.002495876241857237,0.7260915880465311
0.08507510496077512,0.0024957974855181705,0.7488476070941567
0.08508031329410813,0.0024958768874208397,0.7709123052601485
0.08508552162744114,0.0024957998234494336,0.7923007360672331
0.08509072996077414,0.0024958776001241098,0.8130282857952558
0.08509593829410715,0.002495802160979401,0.8331114075686683
0.08510114662744016,0.002495878281317757,0.8525663646071725
0.08510635496077316,0.0024958044173225133,0.8714100699600811
0.08511156329410617,0.0024958789036653444,0.8896589521937422
0.08511677162743918,0.002495806628705025,0.9073298428654539
0.08512197996077218,0.0024958795504738903,0.9244389223228194
0.08512718829410519,0.0024958088866183963,0.9410026238771644
0.0851323966274382,0.0024958802806110936,0.9570366358190302
0.0851376049607712,0.0024958111897837717,0.9725568070427725
0.08514281329410421,0.0024958810338767054,0.9875781959617326
0.08514802162743722,0.0024958134456134363,1.0021159658502616
0.08515322996077022,0.0024958817273996814,1.0161844670585685
0.08515843829410323,0.0024958156175474222,1.0297981185887093
0.08516364662743624,0.0024958823877508493,1.0429705216773208
0.08516885496076924,0.002495817782585228,1.0557153242042159
0.08517406329410225,0.002495883107977233,1.068045362233928
0.08517927162743526,0.0024958200074610267,1.079973506247451
0.08518447996076826,0.0024958838988119437,1.0915118291982069
0.08518968829410127,0.002495822241813447,1.1026724348607666
0.08519489662743428,0.002495884672013527,1.1134666520779286
0.08520010496076728,0.0024958243989695976,1.123905846375363
0.08520531329410029,0.002495885381649231,1.1340006405684768
0.0852105216274333,0.0024958264940285525,1.1437617107725808
0.0852157299607663,0.0024958860970519985,1.1531990325240942
0.08522093829409931,0.0024958286190376907,1.162322660516537
0.08522614662743232,0.0024958868917300593,1.1711419965969037
0.08523135496076532,0.0024958307957099876,1.1796665494589529
0.08523656329409833,0.0024958877259790924,1.1879052182997833
0.08524177162743134,0.0024958329409194924,1.1958670274951517
0.08524697996076434,0.002495888510836847,1.2035604206778985
0.08525218829409735,0.002495834999772984,1.2109939687903624
0.08525739662743036,0.002495889250127819,1.218175674220273
0.08526260496076336,0.0024958370329732187,1.2251136558864977
0.08526781329409637,0.002495890033846727,1.2318154673976005
0.08527302162742938,0.0024958391192593525,1.2382887649984302
0.08527822996076238,0.002495890894089311,1.2445406438469524
0.08528343829409539,0.0024958412298162536,1.2505782926833238
0.0852886466274284,0.0024958917541475175,1.2564083495898193
0.0852938549607614,0.0024958432747632935,1.262037544223416
0.08529906329409441,0.0024958925512945933,1.2674720721210062
0.08530427162742742,0.0024958452468606474,1.2727182237491377
0.08530947996076042,0.002495893336763253,1.2777817756062053
0.08531468829409343,0.002495847232773859,1.2826686051753782
0.08531989662742644,0.00249589419330286,1.2873840974740907
0.08532510496075944,0.002495849274362293,1.291933745325909
0.08533031329409245,0.002495895103042134,1.296322570448209
0.08533552162742546,0.002495851302383236,1.3005557087966377
0.08534072996075846,0.0024958959763501454,1.3046378456296421
0.08534593829409147,0.00249585324751731,1.3085737859589381
0.08535114662742448,0.0024958967951525454,1.3123679031910003
0.08535635496075748,0.0024958551512332425,1.3160246949065522
0.08536156329409049,0.0024958976412711546,1.31954824491452
0.0853667716274235,0.0024958570990958003,1.3229427646935803
0.0853719799607565,0.0024958985653126447,1.3262120687272603
0.08537718829408951,0.0024958590843642756,1.3293601018950214
0.08538239662742252,0.0024958995060234265,1.3323904279778713
0.08538760496075552,0.0024958610193719444,1.3353067432420502
0.08539281329408853,0.0024959003884315123,1.3381123778189796
0.08539802162742154,0.0024958628760064273,1.340810795769012
0.08540322996075454,0.00249590124349202,1.3434051091186383
0.08540843829408755,0.0024958647304511865,1.3458985647096615
0.08541364662742056,0.00249590215792027,1.3482940707666722
0.08541885496075356,0.00249586664138914,1.350594670794889
0.08542406329408657,0.0024959031355633677,1.3528030825290227
0.08542927162741958,0.002495868556708518,1.3549221591940288
0.08543447996075258,0.002495904091620137,1.3569544405287157
0.08543968829408559,0.0024958703974710095,1.3589026016185146
0.0854448966274186,0.002495904988103913,1.3607690157639682
0.0854501049607516,0.002495872184216468,1.36255619111407
0.08545531329408461,0.0024959058942315305,1.3642663451649726
0.08546052162741762,0.002495874003947097,1.3659018295003054
0.08546572996075062,0.002495906875207033,1.3674647157342383
0.08547093829408363,0.0024958758712722603,1.3689572086460315
0.08547614662741664,0.0024959078882110576,1.3703812433505609
0.08548135496074964,0.002495877705831795,1.3717388870534666
0.08548656329408265,0.0024959088510601306,1.3730319471745018
0.08549177162741566,0.0024958794611443366,1.3742623619270713
0.08549697996074866,0.0024959097734097214,1.3754318191707255
0.08550218829408167,0.0024958811989556455,1.3765421360366368
0.08550739662741468,0.0024959107407327916,1.3775948883221785
0.08551260496074768,0.0024958829903993663,1.378591779488749
0.08551781329408069,0.0024959117774342233,1.3795342803578459
0.0855230216274137,0.0024958848028611025,1.380423987732215
0.0855282299607467,0.0024959128081846575,1.381262274155548
0.08553343829407971,0.002495886552769644,1.382050636399463
0.08553864662741271,0.0024959137783793703,1.3827903549905358
0.08554385496074572,0.002495888239495756,1.3834828327621984
0.08554906329407873,0.0024959147410197214,1.38412926398274
0.08555427162741173,0.002495889946259739,1.3847309631902132
0.08555947996074474,0.0024959157714433467,1.385289043739521
0.08556468829407775,0.0024958917071718012,1.3858047372118574
0.08556989662741075,0.0024959168469829637,1.38627908112961
0.08557510496074376,0.0024958934534745807,1.3867132291564965
0.08558031329407677,0.0024959178833835046,1.3871081477611324
0.08558552162740977,0.0024958951240379047,1.3874649174064395
0.08559072996074278,0.0024959188694777816,1.3877844379278317
0.08559593829407579,0.0024958967630624974,1.388067720921032
0.0856011466274088,0.0024959198844151684,1.3883156036519806
0.0856063549607418,0.0024958984494278073,1.3885290328724589
0.08561156329407481,0.002495920970804894,1.388708787089468
0.08561677162740781,0.0024959001709048694,1.3888557520525573
0.08562197996074082,0.002495922066855175,1.3889706510923885
0.08562718829407383,0.002495901844589939,1.3890543125211086
0.08563239662740683,0.0024959231053035325,1.38910740784913
0.08563760496073984,0.0024959034496249526,1.389130711253739
0.08564281329407285,0.002495924120577458,1.389124845505744
0.08564802162740585,0.002495905060588598,1.3890905336823547
0.08565322996073886,0.002495925193276398,1.389028352654631
0.08565843829407187,0.0024959067283057946,1.388938977267431
0.08566364662740487,0.0024959263211894334,1.3888229411203936
0.08566885496073788,0.002495908399176388,1.3886808734724434
0.08567406329407089,0.002495927423168063,1.3885132671046605
0.0856792716274039,0.002495910001586633,1.3883207081165874
0.0856844799607369,0.0024959284687937097,1.3881036507190236
0.08568968829406991,0.002495911560470362,1.3878626400769138
0.08569489662740291,0.002495929526562209,1.3875980938785808
0.08570010496073592,0.0024959131573539977,1.3873105184419208
0.08570531329406893,0.0024959306539130677,1.3870002968180426
0.08571052162740193,0.002495914800383306,1.3866678983319316
0.08571572996073494,0.0024959318056588776,1.3863136730957712
0.08572093829406795,0.0024959164119276183,1.385938055088654
0.08572614662740095,0.002495932906393492,1.3855413629118796
0.08573135496073396,0.002495917953223477,1.3851239966733573
0.08573656329406697,0.0024959339708479156,1.3846862448000503
0.08574177162739997,0.0024959194862873347,1.3842284748524352
0.08574697996073298,0.002495935079834273,1.3837509462649362
0.08575218829406599,0.002495921074765088,1.3832539952501424
0.085757396627399,0.0024959362508586414,1.3827378532113732
0.085762604960732,0.0024959226827543854,1.3822028258990608
0.085767813294065,0.0024959374105009632,1.381649117351883
0.08577302162739801,0.0024959242328689672,1.3810770034568636
0.08577822996073102,0.002495938511875591,1.3804866613242779
0.08578343829406403,0.002495925730233745,1.3798783374472765
0.08578864662739703,0.0024959396091980258,1.3792521823244668
0.08579385496073004,0.0024959272541657156,1.3786084133919534
0.08579906329406305,0.0024959407707418565,1.377947154689171
0.08580427162739605,0.0024959288316434196,1.3772685945709204
0.08580947996072906,0.0024959419698216416,1.3765728302943154
0.08581468829406207,0.002495930394881363,1.3758600206347027
0.08581989662739507,0.002495943127791685,1.3751302352385526
0.08582510496072808,0.0024959318902783405,1.374383602371371
0.08583031329406109,0.0024959442398071745,1.3736201629477645
0.08583552162739409,0.0024959333641839444,1.3728400135566219
0.0858407299607271,0.0024959453820584377,1.3720431649721474
0.0858459382940601,0.002495934888845109,1.3712296805098305
0.08585114662739311,0.002495946589975275,1.3703995387797547
0.08585635496072612,0.002495936447434286,1.3695527673463894
0.08586156329405913,0.0024959478018747043,1.3686893095266859
0.08586677162739213,0.002495937961785153,1.367809153504024
0.08587197996072514,0.002495948958019985,1.3669122031003138
0.08587718829405815,0.002495939417879267,1.3659984025167777
0.08588239662739115,0.00249595009595676,1.3650676109420408
0.08588760496072416,0.0024959408883072887,1.3641197229642112
0.08589281329405717,0.00249595129036513,1.363154546663661
0.08589802162739017,0.002495942416648177,1.3621719194976598
0.08590322996072318,0.0024959525339664328,1.361171589523758
0.08590843829405619,0.0024959439486872785,1.3601533266083745
0.08591364662738919,0.002495953749918297,1.3591168064515387
0.0859188549607222,0.00249594542017082,1.3580617171490523
0.0859240632940552,0.0024959549152332528,1.3569876458194956
0.08592927162738821,0.002495946860124148,1.3558941803792965
0.08593447996072122,0.0024959560976368423,1.3547807982383138
0.08593968829405423,0.0024959483450918926,1.353646962716409
0.08594489662738723,0.002495957347995043,1.3524920128371571
0.08595010496072024,0.002495949878037017,1.3513152534202144
0.08595531329405325,0.002495958620184387,1.350115844702464
0.08596052162738625,0.0024959513854457605,1.3488928850581876
0.08596572996071926,0.002495959846627334,1.3476452990877636
0.08597093829405227,0.002495952836908791,1.3463719116423016
0.08597614662738527,0.0024959610479978523,1.3450713325864296
0.08598135496071828,0.0024959542958778174,1.343742019880942
0.08598656329405129,0.0024959623023451047,1.3423821581326798
0.08599177162738429,0.0024959558211977684,1.3409897074471013
0.0859969799607173,0.002495963623774535,1.3395622719179248
0.0860021882940503,0.0024959573775965764,1.3380971307802525
0.08600739662738331,0.002495964944982446,1.3365910941394274
0.08601260496071632,0.002495958898245597,1.3350405157575191
0.08601781329404933,0.00249596623139306,1.3334411389086378
0.08602302162738233,0.0024959603990459297,1.3317880993911548
0.08602822996071534,0.002495967544441276,1.3300757784681008
0.08603343829404834,0.0024959619623181888,1.3282978249235582
0.08603864662738135,0.002495968952927856,1.326447058006765
0.08604385496071436,0.0024959636157557774,1.3245155658101686
0.08604906329404736,0.002495970433741267,1.3224947246344898
0.08605427162738037,0.002495965298661996,1.3203754369632363
0.08605947996071338,0.0024959719176730726,1.3181483071897422
0.08606468829404638,0.002495966966111084,1.315804014466243
0.08606989662737939,0.002495973404357101,1.3133335802046762
0.0860751049607124,0.002495968662206025,1.3107287552319566
0.0860803132940454,0.002495974960953125,1.307982226010016
0.08608552162737841,0.0024959704451423693,1.3050878697945238
0.08609072996071142,0.002495976607599944,1.3020407955883375
0.08609593829404442,0.002495972285206551,1.2988374282066704
0.08610114662737743,0.0024959782746265414,1.2954754046854833
0.08610635496071044,0.0024959741010223318,1.2919535414038812
0.08611156329404344,0.002495979901954107,1.2882716556287475
0.08611677162737645,0.0024959758779034384,1.2844304927036123
0.08612197996070946,0.0024959815237379857,1.2804315398884307
0.08612718829404246,0.002495977680994004,1.2762769601998005
0.08613239662737547,0.002495983204239098,1.2719694268145307
0.08613760496070848,0.0024959795431090726,1.2675120783249691
0.08614281329404148,0.0024959849282048356,1.2629083791276545
0.08614802162737449,0.0024959814067769593,1.2581620961264648
0.0861532299607075,0.0024959866205111307,1.2532771824493876
0.0861584382940405,0.0024959832122172817,1.2482577722631438
0.08616364662737351,0.0024959882624932365,1.2431080843349642
0.08616885496070652,0.002495984989693226,1.2378324316901301
0.08617406329403952,0.0024959899187364195,1.2324351414529124
0.08617927162737253,0.0024959868086190844,1.2269205754189456
0.08618447996070554,0.002495991631596011,1.2212930617948279
0.08618968829403854,0.002495988665196239,1.215556922402556
0.08619489662737155,0.0024959933524068586,1.2097164123922057
0.08620010496070456,0.0024959904877706537,1.203775751163219
0.08620531329403756,0.0024959950184107993,1.1977390683034963
0.08621052162737057,0.0024959922507444207,1.1916104372961458
0.08621572996070358,0.002495996652221139,1.1853938273095457
0.08622093829403658,0.0024959940147189223,1.1790931402441818
0.08622614662736959,0.002495998324682218,1.1727121677268173
0.0862313549607026,0.002495995828979099,1.1662546289379176
0.0862365632940356,0.0024960000412339264,1.1597241303462473
0.08624177162736861,0.002495997652847145,1.1531242029393765
0.08624697996070162,0.002496001733209133,1.146458263673067
0.08625218829403462,0.002495999420802624,1.139729651783883
0.08625739662736763,0.002496003367506719,1.1329415923735597
0.08626260496070064,0.002496001147124942,1.1260972327819978
0.08626781329403364,0.002496004999012357,1.1191996089523182
0.08627302162736665,0.0024960029026431774,1.112251681990599
0.08627822996069966,0.0024960066824419543,1.1052563065744534
0.08628343829403266,0.0024960047015410163,1.0982162664353887
0.08628864662736567,0.0024960083849177713,1.091134243445083
0.08629385496069868,0.0024960064790242676,1.0840128511254223
0.08629906329403168,0.002496010038830051,1.0768546042602527
0.08630427162736469,0.0024960081951986624,1.0696619512162249
0.0863094799606977,0.002496011649700155,1.0624372451398862
0.0863146882940307,0.00249600989857812,1.0551827761256496
0.08631989662736371,0.002496013287007415,1.047900744465306
0.08632510496069672,0.002496011648426507,1.040593292241398
0.08633031329402972,0.0024960149729140613,1.0332624775253498
0.08633552162736273,0.0024960134201711575,1.025910304268481
0.08634072996069574,0.002496016647218554,1.0185386964628216
0.08634593829402874,0.0024960151452091284,1.0111495261587664
0.08635114662736175,0.0024960182636830923,1.0037445882746463
0.08635635496069476,0.002496016820638257,0.9963256279014242
0.08636156329402776,0.002496019863757872,0.9888943168405376
0.08636677162736077,0.0024960185136393906,0.9814522808191052
0.08637197996069378,0.00249602150992891,0.9740010775028941
0.08637718829402678,0.0024960202541028003,0.966542222783675
0.08638239662735979,0.0024960231860314394,0.9590771690102877
0.0863876049606928,0.002496021987218754,0.9516073293833762
0.0863928132940258,0.0024960248233343385,0.9441340561093293
0.08639802162735881,0.0024960236615336226,0.9366586634755731
0.08640322996069182,0.002496026410514746,0.9291824069772936
0.08640843829402482,0.0024960253109844207,0.921706506250665
0.08641364662735783,0.002496028011391026,0.9142321258828625
0.08641885496069084,0.0024960270005970724,0.9067603981848494
0.08642406329402384,0.0024960296627568176,0.8992924048431549
0.08642927162735685,0.0024960287225820514,0.8918291983893147
0.08643447996068986,0.0024960313158217348,0.884371783653051
0.08643968829402286,0.0024960304093821248,0.8769211374942957
0.08644489662735587,0.0024960329145484214,0.8694781904469987
0.08645010496068888,0.0024960320417725898,0.8620438457813081
0.08645531329402188,0.0024960344850117363,0.8546189624574014
0.08646052162735489,0.002496033679437664,0.84720437436577
0.0864657299606879,0.0024960360934460513,0.8398008746612123
0.0864709382940209,0.0024960353654504886,0.8324092345351404
0.08647614662735391,0.002496037740424645,0.8250301877988511
0.08648135496068692,0.0024960370577970744,0.8176644480931023
0.08648656329401992,0.0024960393602760094,0.8103126931617067
0.08649177162735293,0.0024960386969456088,0.8029755807779446
0.08649697996068594,0.0024960409262046084,0.7956537336040712
0.08650218829401894,0.0024960403009606303,0.7883477550200045
0.08650739662735195,0.0024960424928956275,0.7810582154593578
0.08651260496068496,0.0024960419364679154,0.7737856684064517
0.08651781329401796,0.0024960441087805486,0.7665306376329403
0.08652302162735097,0.0024960436122015684,0.7592936323180317
0.08652822996068397,0.002496045739010762,0.7520751340383788
0.08653343829401698,0.002496045265483807,0.7448756103863584
0.08653864662734999,0.0024960473213282712,0.7376955017849044
0.086543854960683,0.0024960468627450794,0.7305352344176569
0.086549063294016,0.00249604886570623,0.7233952080422269
0.08655427162734901,0.002496048452887683,0.7162758092135645
0.08655947996068201,0.002496050437969923,0.709177400419004
0.08656468829401502,0.0024960500891316314,0.7021003332319071
0.08656989662734803,0.0024960520546014387,0.6950449377701814
0.08657510496068103,0.0024960517440626114,0.6880115346058818
0.08658031329401404,0.0024960536567347332,0.6810004238104912
0.08658552162734705,0.002496053353964157,0.6740118955982958
0.08659072996068005,0.0024960552044668172,0.6670462195775507
0.08659593829401306,0.0024960549207525126,0.6601036553502
0.08660114662734607,0.0024960567404095435,0.6531844429539279
0.08660635496067907,0.002496056508593119,0.6462888138597083
0.08661156329401208,0.0024960583213645875,0.6394169823941279
0.08661677162734509,0.0024960581414110805,0.6325691562337455
0.0866219799606781,0.0024960599276359456,0.62574552761772
0.0866271882940111,0.0024960597650061167,0.6189462825144955
0.08663239662734411,0.0024960614949590654,0.6121715914731125
0.08663760496067711,0.002496061334002767,0.605421617998339
0.08664281329401012,0.0024960630171547682,0.5986965100802416
0.08664802162734313,0.0024960628842665223,0.5919964089082131
0.08665322996067613,0.002496064555839463,0.5853214416463336
0.08665843829400914,0.0024960644753755042,0.5786717303674592
0.08666364662734215,0.002496066141726723,0.5720473852399552
0.08666885496067515,0.002496066095573581,0.565448512597506
0.08667406329400816,0.0024960677258896655,0.5588752075989263
0.08667927162734117,0.002496067680962815,0.5523275611018227
0.08668447996067417,0.002496069258206807,0.5458056522513823
0.08668968829400718,0.0024960692177688915,0.5393095551644693
0.08669489662734019,0.002496070767354523,0.5328393325098868
0.0867001049606732,0.0024960707641523572,0.5263950427420249
0.0867053132940062,0.0024960723147040443,0.5199767346513717
0.08671052162733921,0.0024960723571572367,0.513584454458703
0.08671572996067221,0.0024960738962664405,0.5072182402688682
0.08672093829400522,0.0024960739537791825,0.500878128001846
0.08672614662733823,0.0024960754494712375,0.4945641453290624
0.08673135496067123,0.002496075500103786,0.4882763167600292
0.08673656329400424,0.0024960769532954945,0.4820146579447903
0.08674177162733725,0.0024960770174229452,0.4757791810591934
0.08674697996067025,0.0024960784615608456,0.46956989023839224
0.08675218829400326,0.002496078567881051,0.4633867873920529
0.08675739662733627,0.0024960800168030836,0.4572298682016599
0.08676260496066927,0.0024960801553511255,0.4510991273469401
0.08676781329400228,0.0024960815824531177,0.44499455399195265
0.08677302162733529,0.002496081719502197,0.43891613590963774
0.0867782299606683,0.0024960831016364823,0.43286385462401294
0.0867834382940013,0.0024960832325121966,0.4268376892160927
0.0867886466273343,0.0024960845880389985,0.4208376122557333
0.08679385496066731,0.0024960847433293247,0.41486359414484525
0.08679906329400032,0.002496086103684305,0.4089156000891038
0.08680427162733333,0.002496086299268823,0.402993594558666
0.08680947996066633,0.002496087659848795,0.3970975382707995
0.08681468829399934,0.002496087870599606,0.39122739174676907
0.08681989662733235,0.0024960891993429032,0.3853831116569275
0.08682510496066535,0.0024960893984760577,0.3795646535044673
0.08683031329399836,0.0024960906880831858,0.3737719680339617
0.08683552162733137,0.002496090888957977,0.3680050041046949
0.08684072996066437,0.002496092169409116,0.36226370611994796
0.08684593829399738,0.002496092403110417,0.3565480174514297
0.08685114662733039,0.0024960936945728693,0.3508578785732939
0.08685635496066339,0.0024960939593395423,0.34519323014788333
0.0868615632939964,0.002496095240940065,0.3395540107501368
0.0868667716273294,0.002496095504373623,0.33394015893641527
0.08687197996066241,0.002496096748556198,0.3283516104255677
0.08687718829399542,0.0024960969986032922,0.32278829974124473
0.08688239662732843,0.002496098215964615,0.3172501579057149
0.08688760496066143,0.0024960984792771384,0.3117371146238451
0.08689281329399444,0.0024960997022579257,0.30624909697349384
0.08689802162732745,0.002496100000754224,0.3007860319434127
0.08690322996066045,0.0024961012325272914,0.29534784531596314
0.08690843829399346,0.0024961015477068505,0.28993446347327945
0.08691364662732647,0.0024961027580737683,0.2845458116561458
0.08691885496065947,0.0024961030600660176,0.27918181485891286
0.08692406329399248,0.0024961042344839542,0.2738423959015578
0.08692927162732549,0.0024961045290517185,0.268527476372062
0.08693447996065849,0.002496105692440417,0.2632369755558979
0.0869396882939915,0.002496106010998607,0.25797081202633837
0.0869448966273245,0.002496107188443173,0.25272890333305875
0.08695010496065751,0.0024961075371607126,0.24751116754279195
0.08695531329399052,0.002496108714594903,0.242317522635437
0.08696052162732353,0.002496109064149874,0.2371478871258606
0.08696572996065653,0.0024961102115170853,0.23200217883346863
0.08697093829398954,0.0024961105434354973,0.22688031491738334
0.08697614662732255,0.0024961116633708744,0.221782210925079
0.08698135496065555,0.002496111998945836,0.2167077812786926
0.08698656329398856,0.002496113122945517,0.21165693929460183
0.08699177162732157,0.002496113488474054,0.20662959815889878
0.08699697996065457,0.0024961146270624695,0.20162567130300812
0.08700218829398758,0.0024961150114255967,0.19664507291394806
0.08700739662732059,0.0024961161380299014,0.19168771767961892
0.08701260496065359,0.002496116510091192,0.18675352039821924
0.0870178132939866,0.0024961176040858243,0.18184239535222915
0.0870230216273196,0.002496117962028591,0.17695425579192212
0.08702822996065261,0.0024961190421568602,0.17208901398274995
0.08703343829398562,0.0024961194157366133,0.16724658134331644
0.08703864662731862,0.002496120510391243,0.16242686932007613
0.08704385496065163,0.0024961209129525,0.1576297897007961
0.08704906329398464,0.002496122015365772,0.15285525537137754
0.08705427162731764,0.002496122422136066,0.14810317982181823
0.08705947996065065,0.002496123501755046,0.14337347722322552
0.08706468829398366,0.0024961238892571573,0.1386660612543591
0.08706989662731666,0.002496124941017089,0.13398084522018242
0.08707510496064967,0.0024961253240615537,0.12931774120392384
0.08708031329398268,0.0024961263767469674,0.1246766610536627
0.08708552162731568,0.0024961267842492016,0.12005751616224562
0.08709072996064869,0.0024961278547981436,0.11546021895151523
0.0870959382939817,0.0024961282832756397,0.11088468238342862
0.0871011466273147,0.0024961293501554365,0.10633082094526823
0.08710635496064771,0.00249612976907694,0.10179854927440445
0.08711156329398072,0.0024961308072377294,0.09728778260976356
0.08711677162731372,0.0024961312075736557,0.09279843514347193
0.08712197996064673,0.002496132228682792,0.08833042094076043
0.08712718829397974,0.0024961326368769577,0.08388365289123735
0.08713239662731274,0.002496133670926127,0.0794580444954504
0.08713760496064575,0.0024961341062426775,0.07505350918651582
0.08714281329397876,0.002496135153850779,0.07066996213521283
0.08714802162731176,0.0024961355974284787,0.06630731897041396
0.08715322996064477,0.0024961366293584143,0.06196549687934025
0.08715843829397778,0.0024961370541653916,0.057644412590998326
0.08716364662731078,0.0024961380584259452,0.053343983277018205
0.08716885496064379,0.0024961384721669463,0.04906412471833239
0.0871740632939768,0.0024961394732819753,0.04480475298517196
0.0871792716273098,0.0024961399056999153,0.04056578324585347
0.08718447996064281,0.002496140925728623,0.0363471320857688
0.08718968829397582,0.002496141380743437,0.03214871625749678
0.08719489662730882,0.002496142404344439,0.027970454649699546
0.08720010496064183,0.0024961428537897683,0.023812266193825735
0.08720531329397484,0.0024961438531312667,0.019674071203769704
0.08721052162730784,0.002496144281556441,0.015555788874995783
0.08721572996064085,0.002496145260997696,0.011457338869338727
0.08722093829397386,0.002496145690116578,0.0073786393198927835
0.08722614662730686,0.0024961466792892007,0.0033196092765816966
0.08723135496063987,0.0024961471329105027,-0.0007198327858475047
0.08723656329397288,0.0024961481395863365,-0.004739766302192111
0.08724177162730588,0.0024961486054644604,-0.008740270552210815
0.08724697996063889,0.0024961496033955315,-0.012721422634112887
0.0872521882939719,0.0024961500527631857,-0.016683300206935477
0.0872573966273049,0.002496151024006958,-0.020625979803008183
0.08726260496063791,0.0024961514574032262,-0.02454953957647128
0.08726781329397092,0.0024961524210166176,-0.028454057004639818
0.08727302162730392,0.0024961528670288144,-0.032339610948776305
0.08727822996063693,0.002496153848745502,-0.03620627866618886
0.08728343829396994,0.00249615431818615,-0.04005413768872943
0.08728864662730294,0.0024961553094004526,-0.0438832630749295
0.08729385496063595,0.002496155777947149,-0.0476937300060906
0.08729906329396896,0.0024961567499305315,-0.051485611704890064
0.08730427162730196,0.002496157196996835,-0.05525898260559239
0.08730947996063497,0.002496158146843218,-0.05901391620110076
0.08731468829396798,0.002496158588225543,-0.06275048783426447
0.08731989662730098,0.0024961595435896537,-0.06646877174273894
0.08732510496063399,0.002496160005997584,-0.0701688432533725
0.087330313293967,0.002496160980914943,-0.07385077544729647
0.0873355216273,0.002496161459181339,-0.07751464159341297
0.08734072996063301,0.002496162431912003,-0.0811605123910893
0.08734593829396602,0.0024961628972477727,-0.08478845917981348
0.08735114662729902,0.002496163845290589,-0.0883985516694768
0.08735635496063203,0.0024961642912787645,-0.09199086132896138
0.08736156329396504,0.0024961652273180106,-0.09556545867897934
0.08736677162729804,0.002496165679865263,-0.09912241602952351
0.08737197996063105,0.002496166631585864,-0.10266180402780006
0.08737718829396406,0.0024961671073476777,-0.10618369406767991
0.08738239662729706,0.0024961680732342403,-0.10968815487530628
0.08738760496063007,0.0024961685530594303,-0.11317525551741929
0.08739281329396308,0.0024961695050684874,-0.11664506265864459
0.08739802162729608,0.002496169964551848,-0.12009764423908394
0.08740322996062909,0.002496170893167416,-0.12353306686219134
0.0874084382939621,0.0024961713416038153,-0.1269513992146411
0.0874136466272951,0.002496172270860527,-0.1303527087671722
0.08741885496062811,0.002496172736121529,-0.13373706453896367
0.08742406329396112,0.0024961736853659697,-0.13710453327145397
0.08742927162729412,0.0024961741692582896,-0.14045518227399714
0.08743447996062713,0.00249617512227115,-0.14378907599864169
0.08743968829396014,0.0024961755977546815,-0.1471062796645051
0.08744489662729314,0.0024961765289910624,-0.15040685641397114
0.08745010496062615,0.0024961769833404287,-0.15369087125110675
0.08745531329395916,0.002496177898754436,-0.15695838795449413
0.08746052162729216,0.0024961783537453494,-0.16020947245987716
0.08746572996062517,0.002496179281229863,-0.16344418900872715
0.08747093829395818,0.0024961797581715007,-0.16666260305089184
0.08747614662729118,0.002496180702999232,-0.16986477729156632
0.08748135496062419,0.0024961811886575736,-0.1730507750088712
0.0874865632939572,0.0024961821252740954,-0.17622065675929163
0.0874917716272902,0.002496182593171372,-0.17937448439987302
0.0874963858136451,0.0024961834283227543,-0.18215517109463933
0.08750100000000001,0.002496183803593365,-0.18492334829217222
0.08750110000000001,0.002008371577862929,-0.18498591545823329
0.08750130000000002,0.0010147673491013975,-0.18510740180104687
0.08750147085994785,0.00015880572222305955,-0.18520878447244862
0.08750164495567829,-0.0007087819999263847,-0.18531349943795627
0.08750182247783915,-0.0015958909681361142,-0.18542011771693037
0.08750200000000001,-0.0024817949864641775,-0.1855273550259735
0.08750203550443218,-0.0024899936375035008,-0.1855473762432592
0.08750210651329653,-0.0024975353776559247,-0.18558826793819777
0.08750224853102521,-0.0024959673746660113,-0.1856752845399075
0.08750253256648259,-0.0024965677982422834,-0.18585327880707433
0.08750303111224202,-0.002496243647515942,-0.18618192321728955
0.08750402820376088,-0.0024964507772459155,-0.18694787163933033
0.08750544486850892,-0.0024962884682668504,-0.1884100076184573
0.08750709118839214,-0.0024964040986967685,-0.1908845387984305
0.0875091662056934,-0.002496303851242148,-0.19553598051843218
0.08751161796905692,-0.002496368545823315,-0.20363317231113806
0.08751464015737691,-0.002496304329941854,-0.21786713988016515
0.0875181849466398,-0.0024963391803662187,-0.24059370879896655
0.08752249849163703,-0.002496300191183306,-0.2761896015753184
0.08752770682497003,-0.0024963200359285473,-0.3282086482632165
0.08753291515830304,-0.0024963017164940124,-0.38672187135068437
0.08753812349163605,-0.0024963109274809756,-0.4485900521129511
0.08754333182496905,-0.0024963082743707996,-0.511697346840428
0.08754854015830206,-0.0024963045808940425,-0.5748068742412115
0.08755374849163507,-0.002496315322354814,-0.6372328271015503
0.08755895682496807,-0.002496298896745941,-0.6986004606540281
0.08756416515830108,-0.0024963220519966275,-0.7586977953281581
0.08756937349163409,-0.002496293665791322,-0.8174064634443021
0.0875745818249671,-0.002496328597859267,-0.8746573855558397
0.0875797901583001,-0.0024962890808143986,-0.9304150364043045
0.0875849984916331,-0.0024963350995774614,-0.9846605029824462
0.08759020682496611,-0.002496285066893405,-1.0373901983880747
0.08759541515829912,-0.002496341335402651,-1.0886064372952151
0.08760062349163213,-0.002496281290103292,-1.1383201426290164
0.08760583182496513,-0.0024963470552506807,-1.1865438015580954
0.08761104015829814,-0.0024962776401636286,-1.2332955227395825
0.08761624849163115,-0.002496352385438285,-1.27859294906109
0.08762145682496415,-0.0024962743707143513,-1.322457850707842
0.08762666515829716,-0.0024963576396552657,-1.3649105071581404
0.08763187349163017,-0.0024962716648257877,-1.4059745249724362
0.08763708182496317,-0.002496362834363485,-1.4456714868034155
0.08764229015829618,-0.0024962693182145994,-1.4840258536974031
0.08764749849162919,-0.0024963676815593014,-1.5210597865207554
0.08765270682496219,-0.0024962670436771924,-1.5567980639683412
0.0876579151582952,-0.0024963720670021787,-1.5912630301065493
0.0876631234916282,-0.0024962649073787817,-1.6244794924867725
0.08766833182496121,-0.0024963762484710066,-1.6564697715395418
0.08767354015829422,-0.002496263200338535,-1.6872585575779602
0.08767874849162723,-0.002496380459219443,-1.716868046744729
0.08768395682496023,-0.0024962619529101926,-1.7453227421604285
0.08768916515829324,-0.0024963845520692197,-1.7726446664407958
0.08769437349162625,-0.0024962608683425248,-1.7988580979758733
0.08769958182495925,-0.002496388251684137,-1.823984855840935
0.08770479015829226,-0.0024962597792648885,-1.8480489677835468
0.08770999849162527,-0.0024963924815376145,-1.8710461291193254
0.08771520682495827,-0.0024962625600867643,-1.892951454766426
0.08772041515829128,-0.002496402604638033,-1.9137945572910242
0.08772562349162429,-0.0024962717402257973,-1.933608046692549
0.08773083182495729,-0.0024964179419484445,-1.9524216529072254
0.0877360401582903,-0.002496285627197047,-1.9702663919729255
0.0877412484916233,-0.0024964367833436767,-1.9871703207351155
0.08774645682495631,-0.0024963025993424734,-2.003162805283358
0.08775166515828932,-0.0024964577513658637,-2.0182703909249766
0.08775687349162233,-0.0024963215619727675,-2.032520863432716
0.08776208182495533,-0.002496480056151236,-2.0459393216955277
0.08776729015828834,-0.002496341903178457,-2.0585520469057315
0.08777249849162135,-0.002496503157240197,-2.0703827633596648
0.08777770682495435,-0.0024963629992071387,-2.081456325489068
0.08778291515828736,-0.0024965263225285917,-2.09179515081672
0.08778812349162037,-0.0024963840132531975,-2.1014227350569543
0.08779333182495337,-0.00249654874528707,-2.110360244756632
0.08779854015828638,-0.0024964042664521132,-2.118629874080141
0.08780374849161938,-0.002496569992115972,-2.1262515882585182
0.08780895682495239,-0.0024964235521975583,-2.1332463361981207
0.0878141651582854,-0.002496590033898509,-2.139632935036835
0.0878193734916184,-0.002496441862482402,-2.145431149019193
0.08782458182495141,-0.0024966087843003863,-2.15065870250076
0.08782979015828442,-0.0024964589400913455,-2.1553342327843987
0.08783499849161742,-0.002496625860846584,-2.1594744195978404
0.08784020682495043,-0.002496474349544574,-2.163096821355881
0.08784541515828344,-0.0024966409275972994,-2.166217113276893
0.08785062349161644,-0.002496487931477405,-2.1688518192717394
0.08785583182494945,-0.0024966540519568378,-2.1710156526357207
0.08786104015828246,-0.0024964998972843364,-2.172724153980645
0.08786624849161546,-0.0024966654912104225,-2.1739911257853
0.08787145682494847,-0.0024965104007814384,-2.174831182347842
0.08787666515828148,-0.0024966752389770975,-2.1752572671245165
0.08788187349161448,-0.0024965192602786146,-2.175283119767377
0.08788708182494749,-0.0024966830449643074,-2.17492086788769
0.0878922901582805,-0.00249652626346727,-2.1741834194992995
0.0878974984916135,-0.00249668886430568,-2.1730821249776002
0.08790270682494651,-0.0024965315566448433,-2.1716291046960423
0.08790791515827952,-0.00249669300959133,-2.16983497673832
0.08791312349161252,-0.002496535489535866,-2.1677111260151167
0.08791833182494553,-0.002496695757630419,-2.1652674895270176
0.08792354015827854,-0.0024965381598022578,-2.162514769614654
0.08792874849161154,-0.0024966970350022034,-2.159462268150705
0.08793395682494455,-0.002496539379744789,-2.1561200478050333
0.08793916515827756,-0.0024966966790079793,-2.1524968107605273
0.08794437349161056,-0.002496539111710184,-2.1486020156944248
0.08794958182494357,-0.0024966948502564857,-2.14444379941868
0.08795479015827658,-0.002496537671537516,-2.1400310567098946
0.08795999849160958,-0.002496691934914538,-2.1353714009528897
0.08796520682494259,-0.0024965353735889374,-2.130473209347264
0.0879704151582756,-0.002496688092448274,-2.125343615164269
0.0879756234916086,-0.002496532183958438,-2.119990519058475
0.08798083182494161,-0.002496683169397418,-2.114420607301191
0.08798604015827462,-0.0024965279327403937,-2.1086413331972214
0.08799124849160762,-0.002496677113224279,-2.1026589602677843
0.08799645682494063,-0.002496522742226032,-2.0964805206306627
0.08800166515827364,-0.0024966702219564397,-2.0901118828318763
0.08800687349160664,-0.002496516985413268,-2.083559691252763
0.08801208182493965,-0.0024966628308258233,-2.0768294543246224
0.08801729015827266,-0.0024965108426475376,-2.069927464620579
0.08802249849160566,-0.002496654938097736,-2.0628589013960283
0.08802770682493867,-0.0024965041642627432,-2.0556297315802343
0.08803291515827168,-0.0024966463660202236,-2.0482448241620275
0.08803812349160468,-0.0024964968564655473,-2.0407098366628786
0.08804333182493769,-0.002496637196859278,-2.0330293427285877
0.0880485401582707,-0.0024964891713782334,-2.0252087093870035
0.0880537484916037,-0.0024966277869755368,-2.017252237408545
0.08805895682493671,-0.002496481438901312,-2.0091650302738753
0.08806416515826972,-0.002496618337782513,-2.000951142647188
0.08806937349160272,-0.0024964736706210304,-1.9926154390777497
0.08807458182493573,-0.0024966087105295787,-1.984161746343634
0.08807979015826874,-0.002496465667794629,-1.9755947028467404
0.08808499849160174,-0.0024965987784164667,-1.9669179153764418
0.08809020682493475,-0.002496457458737639,-1.9581358039575565
0.08809541515826776,-0.0024965887518004445,-1.9492517654010657
0.08810062349160076,-0.00249644936571684,-1.9402700166763898
0.08810583182493377,-0.002496578957714216,-1.9311937637609202
0.08811104015826678,-0.0024964415970293286,-1.9220270418208525
0.08811624849159978,-0.002496569428279762,-1.9127728847332404
0.08812145682493279,-0.0024964340169342314,-1.9034351598533836
0.0881266651582658,-0.0024965599555306717,-1.8940167364830807
0.0881318734915988,-0.0024964264598211954,-1.8845213173792663
0.08813708182493181,-0.0024965505225727014,-1.8749516089621154
0.08814229015826482,-0.002496419084358611,-1.8653111538578497
0.08814749849159782,-0.0024965414219370627,-1.85560250474767
0.08815270682493083,-0.0024964122030697797,-1.845829058398969
0.08815791515826384,-0.002496532873597572,-1.835993230406538
0.08816312349159684,-0.0024964058616221297,-1.8260982872836504
0.08816833182492985,-0.0024965247550055103,-1.8161465184454062
0.08817354015826286,-0.002496399840391141,-1.8061410651124803
0.08817874849159586,-0.002496516872961483,-1.7960840904433923
0.08818395682492887,-0.0024963940738070823,-1.7859786085026794
0.08818916515826188,-0.0024965093412649235,-1.7758266563657334
0.08819437349159488,-0.0024963888163036397,-1.7656311260205895
0.08819958182492789,-0.0024965024611649997,-1.7553939389489206
0.0882047901582609,-0.002496384292106542,-1.7451178788531
0.0882099984915939,-0.002496496298196359,-1.734804765142806
0.08821520682492691,-0.0024963803896774954,-1.7244572827344595
0.08822041515825992,-0.0024964906320343143,-1.7140771526256215
0.08822562349159292,-0.002496376888669971,-1.703666959173759
0.08823083182492593,-0.0024964853574164407,-1.6932283208834633
0.08823604015825894,-0.0024963738543474,-1.6827637188394584
0.08824124849159194,-0.0024964806947125207,-1.6722746711869416
0.08824645682492495,-0.0024963715698381314,-1.6617635634014691
0.08825166515825796,-0.0024964768752670737,-1.6512318251530287
0.08825687349159096,-0.0024963701170038744,-1.6406817585366837
0.08826208182492397,-0.002496473806448703,-1.6301147138622116
0.08826729015825698,-0.0024963692760104983,-1.6195329130058969
0.08827249849158998,-0.0024964712507688732,-1.608937624654549
0.08827770682492299,-0.002496368902753033,-1.598330984917292
0.088282915158256,-0.0024964692309267615,-1.5877141764011056
0.088288123491589,-0.0024963691794695417,-1.577089249110618
0.08829333182492201,-0.002496468013888372,-1.5664573053365753
0.08829854015825502,-0.0024963703399005655,-1.5558203191416653
0.08830374849158802,-0.002496467701559462,-1.5451793242664986
0.08830895682492103,-0.002496372310142111,-1.5345362276782994
0.08831416515825403,-0.0024964680832593863,-1.5238919982125947
0.08831937349158704,-0.00249637482787916,-1.513248798994962
0.08832458182492005,-0.0024964687749214273,-1.502613082038455
0.08832979015825305,-0.0024963773601527836,-1.4919886268223996
0.08833499849158606,-0.0024964694416657837,-1.48137624976583
0.08834020682491907,-0.002496379957255478,-1.4707776083937998
0.08834541515825207,-0.0024964702917553987,-1.46019341357746
0.08835062349158508,-0.002496382739234206,-1.4496252056519174
0.08835583182491809,-0.002496471276268597,-1.4390736042868306
0.0883610401582511,-0.0024963855093639077,-1.4285400472713798
0.0883662484915841,-0.0024964721407993067,-1.4180250732861885
0.08837145682491711,-0.0024963880688531745,-1.4075300239993704
0.08837666515825011,-0.0024964728328170224,-1.397055361840752
0.08838187349158312,-0.002496390533454021,-1.3866023395443476
0.08838708182491613,-0.002496473584871522,-1.3761713544992356
0.08839229015824913,-0.0024963931465101763,-1.3657635861811788
0.08839749849158214,-0.0024964745426043645,-1.3553793838289883
0.08840270682491515,-0.002496395889682169,-1.3450198685583075
0.08840791515824815,-0.0024964755332551984,-1.3346853504278335
0.08841312349158116,-0.0024963985130243187,-1.3243768946631116
0.08841833182491417,-0.002496476343157768,-1.3140947689668645
0.08842354015824717,-0.0024964009343578764,-1.3038399780022218
0.08842874849158018,-0.0024964770589624764,-1.2936127444302854
0.08843395682491319,-0.002496403369077212,-1.283414015105928
0.0884391651582462,-0.002496477928124996,-1.2732439755355605
0.0884443734915792,-0.002496405984554057,-1.2631035261342043
0.08844958182491221,-0.0024964789635413547,-1.2529928256819949
0.08845479015824521,-0.0024964086332766315,-1.2429127345993551
0.08845999849157822,-0.002496479924386334,-1.2328633850022106
0.08846520682491123,-0.00249641108923635,-1.2228455924640393
0.08847041515824423,-0.002496480701651172,-1.212859455240999
0.08847562349157724,-0.002496413408741867,-1.2029057391460944
0.08848083182491025,-0.002496481491521281,-1.1929845084377477
0.08848604015824325,-0.0024964158388046443,-1.183096485052486
0.08849124849157626,-0.0024964824808608004,-1.173241708854444
0.08849645682490927,-0.0024964184220301563,-1.1634208682852605
0.08850166515824227,-0.0024964835494083537,-1.1536339852746644
0.08850687349157528,-0.002496420929591507,-1.1438817155531156
0.08851208182490829,-0.00249648446321278,-1.134164058197658
0.0885172901582413,-0.0024964232274951115,-1.124481628964373
0.0885224984915743,-0.002496485248404611,-1.1148343978381945
0.0885277068249073,-0.0024964254897229714,-1.105222939310512
0.08853291515824031,-0.002496486148206985,-1.095647198649501
0.08853812349157332,-0.002496427919074762,-1.086107718200966
0.08854333182490633,-0.00249648723390922,-1.0766044284023986
0.08854854015823933,-0.002496430423588328,-1.0671378467043844
0.08855374849157234,-0.002496488292080912,-1.0577078901522743
0.08855895682490535,-0.0024964327647826775,-1.0483150473480511
0.08856416515823835,-0.002496489166436449,-1.0389592144313728
0.08856937349157136,-0.0024964349387725142,-1.0296408444652136
0.08857458182490437,-0.002496490006844475,-1.0203598099260196
0.08857979015823737,-0.0024964371813931486,-1.0111165316891586
0.08858499849157038,-0.0024964910286154663,-1.0019108665820127
0.08859020682490339,-0.0024964395908704533,-0.9927432133057477
0.08859541515823639,-0.002496492168776684,-0.9836134205847755
0.0886006234915694,-0.002496441971924797,-0.9745218675625542
0.0886058318249024,-0.0024964931878606934,-0.9654683914017278
0.08861104015823541,-0.002496444148957533,-0.956453344619216
0.08861624849156842,-0.002496494052673319,-0.9474765453555462
0.08862145682490143,-0.002496446246073307,-0.938538315865238
0.08862666515823443,-0.0024964949880956844,-0.9296384571269263
0.08863187349156744,-0.002496448487692722,-0.9207772684862969
0.08863708182490045,-0.0024964961168419124,-0.911954543292133
0.08864229015823345,-0.0024964508401797356,-0.903170566250332
0.08864749849156646,-0.0024964972641475167,-0.8944251263742609
0.08865270682489947,-0.0024964530669707293,-0.8857184913831277
0.08865791515823247,-0.0024964982378133512,-0.8770504390355557
0.08866312349156548,-0.0024964551069893482,-0.8684212124939004
0.08866833182489849,-0.0024964991346592214,-0.8598305734434338
0.08867354015823149,-0.0024964571712063474,-0.8512787413514457
0.0886787484915645,-0.002496500184301776,-0.8427654679870511
0.0886839568248975,-0.002496459404952788,-0.8342909585498198
0.08868916515823051,-0.002496501382040412,-0.8258549633107006
0.08869437349156352,-0.0024964616564234743,-0.8174576775612703
0.08869958182489653,-0.0024965024973326744,-0.8090988484184863
0.08870479015822953,-0.0024964637206227104,-0.8007786550435161
0.08870999849156254,-0.002496503442404937,-0.7924968333677788
0.08871520682489555,-0.002496465666728976,-0.7842535409024713
0.08872041515822855,-0.002496504411358703,-0.7760485018223598
0.08872562349156156,-0.002496467726509726,-0.7678818572628001
0.08873083182489457,-0.0024965055688625734,-0.7597533283382437
0.08873604015822757,-0.0024964699241141275,-0.7516630486443996
0.08874124849156058,-0.0024965067875818404,-0.743610741165004
0.08874645682489359,-0.002496472038869327,-0.7355965314118441
0.08875166515822659,-0.0024965078525658203,-0.7276201384085149
0.0887568734915596,-0.002496473958812683,-0.7196816716607731
0.0887620818248926,-0.0024965088044370484,-0.7117808397621807
0.08876729015822561,-0.0024964758589989537,-0.7039177346740139
0.08877249849155862,-0.0024965098731572315,-0.6960920585353183
0.08877770682489163,-0.0024964779211336997,-0.6883038940511857
0.08878291515822463,-0.002496511110042331,-0.6805529456890949
0.08878812349155764,-0.002496480044005719,-0.6728392927571584
0.08879333182489065,-0.0024965123068004984,-0.6651626422825179
0.08879854015822365,-0.002496482006780793,-0.657523065223565
0.08880374849155666,-0.0024965133289164255,-0.6499202631785451
0.08880895682488966,-0.002496483822114575,-0.6423542918398719
0.08881416515822267,-0.002496514329679938,-0.6348248445719064
0.08881937349155568,-0.00249648571509348,-0.6273319648565853
0.08882458182488868,-0.002496515504000175,-0.6198753452477352
0.08882979015822169,-0.002496487763472078,-0.6124550259600878
0.0888349984915547,-0.002496516777274025,-0.6050707050881803
0.0888402068248877,-0.0024964897747347496,-0.5977224209311921
0.08884541515822071,-0.0024965179254735808,-0.5904098728018363
0.08885062349155372,-0.0024964915948916637,-0.583133089491325
0.08885583182488672,-0.0024965189332117562,-0.5758917639842183
0.08886104015821973,-0.002496493354187928,-0.5686859118999298
0.08886624849155274,-0.0024965200169285496,-0.5615152216624675
0.08887145682488574,-0.0024964952582440733,-0.5543797025301743
0.08887666515821875,-0.0024965212783780396,-0.5472790470336836
0.08888187349155176,-0.0024964972599562834,-0.5402132651319518
0.08888708182488476,-0.0024965225427242836,-0.5331820556109119
0.08889229015821777,-0.0024964991363407856,-0.5261854257925604
0.08889749849155078,-0.0024965236386832435,-0.5192230733494355
0.08890270682488378,-0.0024965008453407575,-0.5122949952347391
0.08890791515821679,-0.0024965246715271954,-0.5054008832975146
0.0889131234915498,-0.002496502592313223,-0.49854072491308987
0.0889183318248828,-0.0024965258535393,-0.49171421190537995
0.08892354015821581,-0.0024965045015322685,-0.48492133066123305
0.08892874849154882,-0.0024965271647353,-0.4781617803516486
0.08893395682488182,-0.002496506418647826,-0.47143554954598377
0.08893916515821483,-0.002496528385727375,-0.46474234222464084
0.08894437349154784,-0.0024965081586930246,-0.45808214238249506
0.08894958182488084,-0.002496529448565395,-0.4514546507719676
0.08895479015821385,-0.0024965098015124407,-0.44485984140209733
0.08895999849154686,-0.0024965305441164787,-0.4382974113653119
0.08896520682487986,-0.0024965115633510345,-0.43176732973136495
0.08897041515821287,-0.002496531816114178,-0.42526929802514024
0.08897562349154588,-0.002496513451531152,-0.4188032882004651
0.08898083182487888,-0.002496533132016757,-0.4123690101291751
0.08898604015821189,-0.002496515254216103,-0.405966437179723
0.0889912484915449,-0.0024965342956707786,-0.39959528130197774
0.0889964568248779,-0.0024965168796393733,-0.3932555093020768
0.08900166515821091,-0.0024965353602720746,-0.38694682898668586
0.08900687349154392,-0.0024965185021926573,-0.38066919923574194
0.08901208182487692,-0.0024965365421465513,-0.37442232767370853
0.08901729015820993,-0.0024965202831944274,-0.368206173004049
0.08902249849154294,-0.0024965378746009004,-0.36202045061315774
0.08902770682487594,-0.0024965221138742374,-0.3558651238326729
0.08903291515820895,-0.0024965391557014997,-0.34973991521400766
0.08903812349154196,-0.00249652379063741,-0.3436447872361125
0.08904333182487496,-0.002496540271331472,-0.33757946161923597
0.08904854015820797,-0.0024965253404943396,-0.33154389330887774
0.08905374849154098,-0.0024965413766392364,-0.32553780072274563
0.08905895682487398,-0.002496526977088594,-0.31956113434026473
0.08906416515820699,-0.0024965426469918273,-0.31361361637286556
0.08906937349154,-0.0024965287592453997,-0.3076952009837987
0.089074581824873,-0.0024965439980208534,-0.3018056195901128
0.08907979015820601,-0.002496530498215297,-0.29594483049824394
0.08908499849153902,-0.002496545221397082,-0.2901125695449043
0.08909020682487202,-0.0024965320603193997,-0.28430879149773663
0.08909541515820503,-0.002496546317581922,-0.2785332293757732
0.08910062349153804,-0.002496533580090456,-0.2727858311009634
0.08910583182487104,-0.002496547493863418,-0.2670663288482608
0.08911104015820405,-0.002496535244603832,-0.2613746702234491
0.08911624849153706,-0.0024965488324982374,-0.25571059459746787
0.08912145682487006,-0.002496536995033209,-0.2500740553840547
0.08912666515820307,-0.002496550160066232,-0.24446480049648464
0.08913187349153608,-0.0024965386220884267,-0.23888278527164516
0.08913708182486908,-0.002496551325219136,-0.2333277587310584
0.08914229015820209,-0.0024965401007969765,-0.22779967068859713
0.0891474984915351,-0.0024965524398208394,-0.22229826702111813
0.0891527068248681,-0.002496541629624909,-0.21682349303722956
0.08915791515820111,-0.002496553699059573,-0.21137509720484646
0.08916312349153412,-0.0024965433130691218,-0.20595302833083495
0.08916833182486712,-0.0024965550695133032,-0.20055704403432906
0.08917354015820013,-0.0024965449956585025,-0.19518709894098893
0.08917874849153314,-0.002496556343541661,-0.18984295676559207
0.08918395682486614,-0.0024965465115466853,-0.18452457106246997
0.08918916515819915,-0.0024965574712306335,-0.17923170390070717
0.08919437349153216,-0.002496547949320989,-0.17396430281806394
0.08919958182486516,-0.002496558639041411,-0.16872212819951338
0.08920479015819817,-0.002496549509581677,-0.16350512656329172
0.08920999849153118,-0.0024965599710711295,-0.15831306430347003
0.08921520682486418,-0.002496551184644271,-0.15314589396128012
0.08922041515819719,-0.0024965613313221524,-0.1480033910619886
0.0892256234915302,-0.0024965527721395376,-0.14288551210266262
0.0892308318248632,-0.002496562541827263,-0.13779203533481643
0.08923604015819621,-0.002496554198963207,-0.1327229134797026
0.08924124849152922,-0.0024965636666483882,-0.12767792183366133
0.08924645682486222,-0.0024965556374652517,-0.12265700838847
0.08925166515819523,-0.002496564908255932,-0.11765994958064412
0.08925687349152824,-0.0024965572294599492,-0.1126866960641925
0.08926208182486124,-0.0024965662838110363,-0.10773703268256725
0.08926729015819425,-0.0024965588604251303,-0.10281091675499324
0.08927249849152726,-0.0024965675986073485,-0.09790814035185377
0.08927770682486026,-0.00249656034368293,-0.09302866174968102
0.08928291515819327,-0.00249656875765673,-0.08817227252225698
0.08928812349152628,-0.002496561718741623,-0.08333892570637753
0.08929333182485928,-0.0024965699165156383,-0.07852841041894526
0.08929854015819229,-0.0024965631872568314,-0.07374067772805047
0.0893037484915253,-0.0024965712317998427,-0.06897552118609132
0.0893089568248583,-0.0024965647907823053,-0.06423289739569467
0.08931416515819131,-0.002496572611276699,-0.0595126090189019
0.08931937349152431,-0.0024965663455092384,-0.054814618013349
0.08932458182485732,-0.002496573862179393,-0.05013873111400317
0.08932979015819033,-0.0024965677367943862,-0.04548490812724086
0.08933499849152333,-0.0024965749990203986,-0.040852953175424964
0.08934020682485634,-0.0024965691018194085,-0.036242821121582836
0.08934541515818935,-0.0024965762193729854,-0.03165431576126141
0.08935062349152235,-0.0024965706096919827,-0.027087393408297345
0.08935583182485536,-0.00249657758759658,-0.022541865056014188
0.08936104015818837,-0.0024965721916935025,-0.018017693842794617
0.08936624849152137,-0.0024965789328512352,-0.013514698666412066
0.08937145682485438,-0.0024965736523117144,-0.00903284528856714
0.08937666515818739,-0.002496580122731955,-0.004571953249432492
0.0893818734915204,-0.002496574981916666,-0.00013198394418715062
0.0893870818248534,-0.0024965812740895092,0.004287246109000677
0.08939229015818641,-0.0024965763712768083,0.008685778488359476
0.08939749849151941,-0.0024965825653077123,0.013063793966041291
0.08940270682485242,-0.002496577906455822,0.017421329546987583
0.08940791515818543,-0.0024965839514171618,0.021758557427745084
0.08941312349151843,-0.0024965794322125956,0.026075508401761278
0.08941833182485144,-0.0024965852368026165,0.03037234947924204
0.08942354015818445,-0.002496580801072732,0.03464911208443185
0.08942874849151745,-0.0024965863880342114,0.03890596528740069
0.08943395682485046,-0.002496582108564463,0.04314294549349237
0.08943916515818347,-0.0024965875861585585,0.04736022343076685
0.08944437349151647,-0.0024965835398275712,0.05155783542657108
0.08944958182484948,-0.002496588936786451,0.055735946507503284
0.08945479015818249,-0.0024965850739554264,0.05989458656736118
0.0894599984915155,-0.0024965903019665008,0.06403391247973138
0.0894652068248485,-0.002496586518552111,0.06815395018048584
0.08947041515818151,-0.002496591521409633,0.07225485476712758
0.08947562349151451,-0.002496587817649829,0.07633665554121191
0.08948083182484752,-0.002496592668159076,0.08039951087762914
0.08948604015818053,-0.0024965891403822982,0.08444345391565192
0.08949124849151353,-0.0024965939308441436,0.08846864203930589
0.08949645682484654,-0.002496590610199778,0.09247510512243141
0.08950166515817955,-0.002496595312127837,0.0964629928869195
0.08950687349151255,-0.002496592108316883,0.1004323286310148
0.08951208182484556,-0.002496596625391315,0.10438325602838525
0.08951729015817857,-0.0024965934645981925,0.10831579757012896
0.08952249849151157,-0.0024965977932604293,0.11223009824142731
0.08952770682484458,-0.002496594729261516,0.11612618531627243
0.08953291515817759,-0.0024965989704280453,0.12000420648061307
0.0895381234915106,-0.002496596091806179,0.12386419031265325
0.0895433318248436,-0.002496600295608738,0.12770628048372426
0.0895485401581766,-0.002496597578105263,0.1315304999300054
0.08955374849150961,-0.0024966016703463143,0.13533698430226845
0.08955895682484262,-0.0024965990101775016,0.139125751575746
0.08956416515817563,-0.0024966029172309298,0.1428969345143713
0.08956937349150863,-0.002496600291200022,0.14665055336006105
0.08957458182484164,-0.0024966040631842824,0.15038674407710026
0.08957979015817465,-0.0024966015596247005,0.154105531370937
0.08958499849150765,-0.0024966052954502886,0.15780705180727903
0.08959020682484066,-0.002496602967232226,0.1614913282840399
0.08959541515817367,-0.0024966066620005153,0.16515849090802118
0.08960062349150667,-0.002496604437108204,0.16880855606848688
0.08960583182483968,-0.002496607995786324,0.17244164725378902
0.08961104015817269,-0.0024966057875805444,0.17605777873627018
0.08961624849150569,-0.0024966091821184075,0.17965707438219078
0.0896214568248387,-0.002496607022655173,0.1832395527812591
0.0896266651581717,-0.0024966103413959296,0.1868053412134124
0.08963187349150471,-0.0024966083247401983,0.19035446083002663
0.08963708182483772,-0.0024966116357104037,0.19388703661077406
0.08964229015817073,-0.002496609762884994,0.19740308516436222
0.08964749849150373,-0.002496613010095454,0.2009027239346564
0.08965270682483674,-0.002496611183344057,0.20438596392208924
0.08965791515816975,-0.0024966142812862025,0.20785291866407732
0.08966312349150275,-0.002496612456046203,0.2113036002182212
0.08966833182483576,-0.0024966154306222225,0.21473812494622901
0.08967354015816877,-0.002496613681991649,0.21815650969837153
0.08967874849150177,-0.002496616632939539,0.22155887278464237
0.08968395682483478,-0.0024966150311227994,0.22494523074125605
0.08968916515816779,-0.002496617976627851,0.22831569684209077
0.08969437349150079,-0.0024966164708832717,0.23167028155145533
0.0896995818248338,-0.0024966193231168725,0.23500909123579558
0.0897047901581668,-0.0024966178193984298,0.23833213310961002
0.08970999849149981,-0.002496620528965546,0.24163951287849683
0.08971520682483282,-0.002496619036338635,0.2449312413639433
0.08972041515816583,-0.0024966216747045245,0.24820742803139356
0.08972562349149883,-0.0024966202866193625,0.2514680872898642
0.08973083182483184,-0.002496622935149929,0.2547133279619077
0.08973604015816485,-0.0024966216763862904,0.25794316121642047
0.08974124849149785,-0.0024966243000131816,0.26115768911767406
0.08974645682483086,-0.0024966230840710872,0.26435691692911095
0.08975166515816387,-0.0024966255913488264,0.2675409419469686
0.08975687349149687,-0.002496624355584285,0.27070976924791734
0.08976208182482988,-0.002496626748124875,0.2738634982975376
0.08976729015816289,-0.0024966255502960086,0.2770021389631194
0.08977249849149589,-0.0024966279229264644,0.2801257937098098
0.0897777068248289,-0.002496626845291069,0.2832344735278149
0.0897829151581619,-0.0024966292375217655,0.286328277376713
0.08978812349149491,-0.002496628252441304,0.28940721093579685
0.08979333182482792,-0.00249663058869617,0.292471366265867
0.08979854015816092,-0.002496629600324725,0.29552074488318336
0.08980374849149393,-0.002496631814063493,0.29855543709963167
0.08980895682482694,-0.0024966308087026883,0.30157544711958245
0.08981416515815994,-0.002496632951347134,0.3045808690153576
0.08981937349149295,-0.00249663201611286,0.3075717112975284
0.08982458182482596,-0.0024966341771063857,0.31054806890629716
0.08982979015815896,-0.0024966333577101985,0.3135099485378991
0.08983499849149197,-0.0024966355244346546,0.31645743940615473
0.08984020682482498,-0.0024966347499587776,0.31939054232428726
0.08984541515815798,-0.0024966368308572207,0.32230934107868814
0.08985062349149099,-0.0024966360248969122,0.3252138351005617
0.089855831824824,-0.0024966379984930273,0.3281041094615188
0.089861040158157,-0.0024966371986422558,0.3309801680820376
0.08986624849149001,-0.002496639149818002,0.3338420997441251
0.08987145682482302,-0.002496638444736473,0.33668991074781535
0.08987666515815602,-0.0024966404311152117,0.33952368793026094
0.08988187349148903,-0.0024966398165636506,0.3423434333037025
0.08988708182482204,-0.002496641779077075,0.3451492271247032
0.08989229015815504,-0.0024966411629735834,0.3479410665761262
0.08989749849148805,-0.00249664302276768,0.3507190291354573
0.08990270682482106,-0.002496642370363327,0.3534831135893491
0.08990791515815406,-0.0024966441569201693,0.3562334008309917
0.08991312349148707,-0.002496643543849605,0.3589698943864579
0.08991833182482008,-0.00249664534927499,0.3616926772734434
0.08992354015815308,-0.0024966448384203185,0.36440175264002034
0.08992874849148609,-0.002496646672330554,0.3670971990102709
0.0899339568248191,-0.0024966462115645835,0.36977901398603247
0.0899391651581521,-0.00249664798800257,0.3724472702660219
0.08994437349148511,-0.002496647492190774,0.37510196297294957
0.08994958182481812,-0.002496649169077444,0.3777431650690584
0.08995479015815112,-0.0024966486541436114,0.38037087557098603
0.08995999849148413,-0.0024966503020025918,0.3829851715065297
0.08996520682481714,-0.0024966498572552014,0.38558605530999496
0.08997041515815014,-0.0024966515478220394,0.3881736035752631
0.08997562349148315,-0.00249665119152967,0.3907478156398307
0.08998083182481616,-0.002496652885035571,0.39330876211030363
0.08998604015814916,-0.0024966525339154685,0.39585643712055457
0.08999124849148217,-0.0024966541446875498,0.3983909075877144
0.08999562424574109,-0.0024966536550663984,0.4005100138658929
0.09000000000000001,-0.002496655097276415,0.40261984649570337
0.09000010000000001,-0.0020088427647179377,0.4026705662345245
0.09000030000000002,-0.0010152365797952742,0.4027684952503909
0.09000047070804551,-0.00016003552347613575,0.4028497651841373
0.09000064783555865,0.0007226828238480837,0.40293548941952473
0.09000100000000001,0.0024818347583380933,0.40310651598681774
0.09000103542550264,0.0024897809962780245,0.40312234575070527
0.0900011062765079,0.0024970364847625845,0.4031549705613731
0.09000124797851841,0.0024954969497161077,0.40322529151164804
0.09000153138253943,0.002496103336168028,0.4033698130464879
0.09000204036763716,0.0024957633630904186,0.40364679649881613
0.09000305833783263,0.0024959910087917385,0.40431769823182284
0.0900046931198956,0.0024958029926109323,0.4059050806851957
0.09000644964487313,0.0024959462951169957,0.40860023289620645
0.0900088008360928,0.0024958134134331574,0.4143406721167736
0.09001124769109561,0.0024959084893184233,0.423400852119653
0.09001257342782172,0.0024958254151870515,0.42975807962014595
0.09001318609394213,0.002495857332898071,0.4330533878578952
0.09001350113166577,0.002495901096660059,0.4348261446665897
0.09001378504054215,0.00249580578374246,0.43645155999132124
0.09001397193002561,0.0024959424493685087,0.43752774692951535
0.09001419713625254,0.0024957996543032816,0.4388280480338562
0.0900146475487064,0.002495936394876207,0.4414322395070777
0.09001506012060904,0.002495810011356194,0.44381909938993663
0.09001556316434485,0.0024959268023080935,0.4467274868576312
0.09001606504239114,0.002495819586139463,0.4496263656640277
0.09001689944907112,0.002495919304225454,0.45443755454950935
0.09001777471150463,0.0024958251437316274,0.45947282747850315
0.09001952523637163,0.0024959154514438853,0.46950422335100217
0.09002302628610563,0.0024958274161314313,0.4893945500350266
0.09002823461943864,0.0024959150500219996,0.5185055926862374
0.09003344295277164,0.0024958293090986687,0.5469849537688461
0.09003865128610465,0.002495915395818684,0.5747834745369238
0.09004385961943766,0.002495831490278996,0.6018721891966513
0.09004906795277066,0.002495915914488397,0.628235104548211
0.09005427628610367,0.0024958337256780943,0.6538663240814843
0.09005948461943668,0.002495916442164401,0.6787662485947299
0.09006469295276968,0.002495835937712569,0.7029407701058425
0.09006990128610269,0.002495916986025317,0.7263987889897442
0.0900751096194357,0.0024958381877102924,0.7491522942760158
0.0900803179527687,0.0024959176177828724,0.7712145483175458
0.09008552628610171,0.0024958405127617164,0.7926006046340733
0.09009073461943472,0.002495918316658698,0.8133258487591166
0.09009594295276772,0.002495842837374219,0.8334067330908477
0.09010115128610073,0.0024959189840337423,0.852859519573116
0.09010635961943374,0.00249584508078287,0.8717011201498142
0.09011156795276674,0.002495919592564988,0.8899479618189485
0.09011677628609975,0.002495847279261239,0.9076168748054111
0.09012198461943276,0.002495920225647544,0.9247240377335018
0.09012719295276576,0.0024958495243133025,0.9412858824381548
0.09013240128609877,0.0024959209419920226,0.9573180953387012
0.09013760961943178,0.0024958518145573373,0.9728365238134246
0.09014281795276478,0.0024959216814872754,0.9878562244047199
0.09014802628609779,0.0024958540574217766,1.0023923587681007
0.0901532346194308,0.002495922361246191,1.0164592752685568
0.0901584429527638,0.002495856216410926,1.0300713911930859
0.09016365128609681,0.0024959230078797664,1.0432423056799134
0.09016885961942982,0.0024958583685482224,1.0559856647642052
0.09017406795276282,0.002495923714401355,1.0683143022835917
0.09017927628609583,0.0024958605804812025,1.0802410867170178
0.09018448461942884,0.002495924491509551,1.0917780886898985
0.09018969295276184,0.0024958628018744537,1.1029374098929827
0.09019490128609485,0.0024959252509949145,1.1137303768280753
0.09020010961942786,0.0024958649460544388,1.1241683530696842
0.09020531795276086,0.0024959259469086656,1.1342619593553287
0.09021052628609387,0.00249586702814397,1.144021870296551
0.09021573461942688,0.0024959266486749066,1.1534580599963633
0.09022094295275988,0.0024958691402684253,1.1625805824549742
0.09022615128609289,0.002495927429718823,1.1713988390279089
0.0902313596194259,0.002495871303970249,1.1799223386602145
0.0902365679527589,0.0024959282503098927,1.1881599809165566
0.09024177628609191,0.0024958734361799303,1.196120791130111
0.09024698461942492,0.0024959290214756906,1.2038132136970054
0.09025219295275792,0.00249587548206198,1.2112458206180088
0.09025740128609093,0.0024959297471377666,1.2184266148643028
0.09026260961942394,0.0024958775022747045,1.2253637159789426
0.09026781795275694,0.0024959305172789293,1.2320646776174664
0.09027302628608995,0.0024958795756312617,1.238537156020914
0.09027823461942296,0.00249593136392976,1.2447882457972836
0.09028344295275596,0.0024958816731646813,1.250825135179251
0.09028865128608897,0.0024959322103654488,1.2566544612645165
0.09029385961942198,0.002495883705107659,1.2622829529163
0.09029906795275498,0.0024959329939003828,1.2677168044908362
0.09030427628608799,0.002495885664219683,1.27296230554019
0.090309484619421,0.0024959337658075676,1.2780252313715972
0.090314692952754,0.0024958876371541047,1.2829114585615724
0.09031990128608701,0.002495934608832813,1.2876263710020617
0.09032510961942002,0.002495889665765081,1.2921754606855684
0.09033031795275302,0.002495935505007503,1.2965637482856824
0.09033552628608603,0.0024958916807358168,1.3007963690298145
0.09034073461941904,0.0024959363647420896,1.3048780072507293
0.09034594295275204,0.0024958936128750735,1.3088134673192307
0.09035115128608505,0.0024959371700030786,1.3126071217979078
0.09035635961941806,0.0024958955035829463,1.3162634677181992
0.09036156795275106,0.002495938002635587,1.319786588141098
0.09036677628608407,0.002495897438474426,1.3231806940485387
0.09037198461941708,0.0024959389131596877,1.3264495992393361
0.09037719295275008,0.002495899410747478,1.3295972481831977
0.09038240128608309,0.0024959398403603473,1.332627204011407
0.0903876096194161,0.002495901332708331,1.3355431626390333
0.0903928179527491,0.0024959407093020337,1.3383484536049133
0.09039802628608211,0.002495903176296724,1.3410465406451948
0.09040323461941512,0.002495941550868002,1.3436405352504552
0.09040844295274812,0.002495905017748442,1.3461336839705367
0.09041365128608113,0.0024959424518568615,1.3485288945251628
0.09041885961941414,0.0024959069156708273,1.350829210172122
0.09042406795274714,0.0024959434160749003,1.3530373481646996
0.09042927628608015,0.002495908817955985,1.3551561615003758
0.09043448461941316,0.002495944358636242,1.357188189468038
0.09043969295274616,0.0024959106456642725,1.3591361069593408
0.09044490128607917,0.0024959452417087666,1.3610022868544762
0.09045010961941218,0.002495912419389278,1.3627892371193158
0.09045531795274518,0.002495946134422427,1.3644991748520658
0.09046052628607819,0.0024959142260991708,1.3661344514787772
0.0904657346194112,0.0024959471020012925,1.3676971382349967
0.0904709429527442,0.002495916080413691,1.369189439757028
0.09047615128607721,0.002495948101582357,1.3706132908007433
0.09048135961941021,0.0024959179019024688,1.3719707584521617
0.09048656795274322,0.0024959490510233274,1.3732636497857853
0.09049177628607623,0.002495919644172595,1.3744939029104133
0.09049698461940923,0.002495949959998485,1.3756632053558735
0.09050219295274224,0.0024959213689485535,1.3767733741597368
0.09050740128607525,0.002495950913951321,1.3778259848142984
0.09051260961940825,0.002495923147407953,1.3788227406933935
0.09051781795274126,0.002495951937286596,1.379765112327491
0.09052302628607427,0.00249592494681052,1.3806546964404625
0.09052823461940727,0.0024959529546442283,1.381492865313266
0.09053344295274028,0.002495926683680521,1.382281115633709
0.09053865128607329,0.0024959539114668902,1.383020727687547
0.0905438596194063,0.0024959283573835556,1.3837131042291442
0.0905490679527393,0.002495954860782062,1.3843594392905483
0.09055427628607231,0.002495930051135765,1.3849610473671012
0.09055948461940531,0.0024959558779134106,1.3855190415694034
0.09056469295273832,0.002495931799015424,1.3860346534384536
0.09056990128607133,0.002495956940100315,1.3865089202635144
0.09057510961940433,0.0024959335322951256,1.3869429956922548
0.09058031795273734,0.0024959579631682483,1.387337845965829
0.09058552628607035,0.0024959351897822835,1.387694551530707
0.09059073461940335,0.0024959589359418674,1.3880140120118505
0.09059594295273636,0.0024959368157971215,1.3882972389873152
0.09060115128606937,0.002495959937602884,1.3885450695259047
0.09060635961940237,0.002495938489122882,1.3887584503831543
0.09061156795273538,0.0024959610107292396,1.3889381598629995
0.09061677628606839,0.0024959401976020986,1.3890850837018507
0.0906219846194014,0.002495962093478645,1.3891999450705799
0.0906271929527344,0.0024959418582006666,1.3892835722691592
0.09063240128606741,0.0024959631186170436,1.3893366366488835
0.09063760961940041,0.002495943450186119,1.3893599123909282
0.09064281795273342,0.002495964120658645,1.3893540220925085
0.09064802628606643,0.002495945048157006,1.3893196888621162
0.09065323461939943,0.002495965180102733,1.3892574893988572
0.09065844295273244,0.0024959467028440197,1.3891680985597745
0.09066365128606545,0.0024959662947712114,1.389052049816369
0.09066885961939845,0.0024959483606789797,1.3889099724266605
0.09067406795273146,0.002495967383463338,1.3887423590522847
0.09067927628606447,0.002495949950022021,1.3885497958016313
0.09068448461939747,0.0024959684158725667,1.3883327367634477
0.09068969295273048,0.002495951495860105,1.3880917271184943
0.09069490128606349,0.002495969460412415,1.3878271844505115
0.0907001096193965,0.002495953079778273,1.387539615087034
0.0907053179527295,0.0024959705745842002,1.387229401981784
0.0907105262860625,0.0024959547097342816,1.3868970144864723
0.09071573461939551,0.002495971713066882,1.386542802593714
0.09072094295272852,0.0024959563082572927,1.3861672003310357
0.09072615128606153,0.0024959728005807995,1.3857705261965707
0.09073135961939453,0.0024959578365479178,1.3853531803467498
0.09073656795272754,0.0024959738518336217,1.384915451098191
0.09074177628606055,0.002495959356602344,1.3844577060752332
0.09074698461939355,0.002495974947635616,1.3839802046130452
0.09075219295272656,0.002495960932069898,1.3834832829803616
0.09075740128605957,0.0024959761054868857,1.382967172504914
0.09076260961939257,0.0024959625270241275,1.382432178981487
0.09076781795272558,0.0024959772519353167,1.3818785063807086
0.09077302628605859,0.0024959640641066694,1.381306430661624
0.09077823461939159,0.002495978340117225,1.3807161288552485
0.0907834429527246,0.002495965548458947,1.3801078475334616
0.0907886512860576,0.002495979424292601,1.3794817371417532
0.09079385961939061,0.0024959670594107953,1.3788380151840098
0.09079906795272362,0.0024959805727083873,1.378176805649166
0.09080427628605663,0.002495968623849273,1.3774982969865435
0.09080948461938963,0.0024959817586279924,1.3768025864077689
0.09081469295272264,0.0024959701740425396,1.3760898327888835
0.09081990128605565,0.002495982903416135,1.3753601057455445
0.09082510961938865,0.002495971656433356,1.3746135336569192
0.09083031795272166,0.0024959840022514613,1.3738501574072144
0.09083552628605467,0.002495973117342568,1.3730700737197261
0.09084073461938767,0.002495985131406009,1.3722732933603794
0.09084594295272068,0.0024959746290339055,1.37145987979125
0.09085115128605369,0.0024959863261870504,1.370629811641954
0.09085635961938669,0.002495976174623986,1.369783116628122
0.0908615679527197,0.00249598752494261,1.3689197381065406
0.0908667762860527,0.0024959776759439834,1.3680396644412882
0.09087198461938571,0.0024959886679460394,1.3671427995225778
0.09087719295271872,0.0024959791190195414,1.3662290877539
0.09088240128605173,0.0024959897927900147,1.3652983884342715
0.09088760961938473,0.002495980576473739,1.364350596395446
0.09089281795271774,0.002495990974108775,1.3633855198591984
0.09089802628605075,0.00249598209180895,1.3624029965828919
0.09090323461938375,0.002495992204608396,1.3614027748208155
0.09090844295271676,0.00249598361086801,1.3603846247882483
0.09091365128604977,0.0024959934074495764,1.359348222458981
0.09091885961938277,0.0024959850693087723,1.3582932563622359
0.09092406795271578,0.0024959945596433916,1.3572193139830913
0.09092927628604879,0.0024959864962644978,1.3561259837728643
0.09093448461938179,0.002495995728966898,1.3550127436361947
0.0909396929527148,0.002495987968255229,1.353879057573075
0.0909449012860478,0.0024959969662563205,1.3527242652646374
0.09095010961938081,0.002495989488186965,1.3515476724168325
0.09095531795271382,0.0024959982253561753,1.35034844016053
0.09096052628604682,0.002495990982566131,1.3491256680259334
0.09096573461937983,0.0024959994386718858,1.3478782818451513
0.09097094295271284,0.00249599242102413,1.3466051080094057
0.09097615128604584,0.002496000626941046,1.3453047580561288
0.09098135961937885,0.0024959938669859047,1.3439756920613513
0.09098656795271186,0.002496001868228926,1.3426160969783292
0.09099177628604486,0.0024959953792831413,1.341223935781457
0.09099698461937787,0.0024960031765206636,1.3397968158362898
0.09100219295271088,0.002495996922622335,1.3383320203208229
0.09100740128604388,0.00249600448457336,1.3368263638365294
0.09101260961937689,0.0024959984302068573,1.3352762055076444
0.0910178179527099,0.0024960057578434156,1.3336772946287359
0.0910230262860429,0.0024959999179116447,1.3320247739427213
0.09102823461937591,0.0024960070577168766,1.3303130322506118
0.09103344295270892,0.002496001468049562,1.3285357265124782
0.09103865128604192,0.0024960084530286216,1.3266856841973247
0.09104385961937493,0.002496003108331573,1.3247550013340434
0.09104906795270794,0.0024960099205885134,1.322735060947282
0.09105427628604094,0.0024960047780183863,1.3206167704612155
0.09105948461937395,0.0024960113912302633,1.3183907364845457
0.09106469295270696,0.002496006432271807,1.3160476373585785
0.09106990128603996,0.002496012864683259,1.3135784902877656
0.09107510961937297,0.0024960081152264717,1.3109750389846282
0.09108031795270598,0.002496014408105942,1.3082299602843845
0.09108552628603898,0.002496009885070218,1.3053371203300046
0.09109073461937199,0.0024960160416026334,1.302291616125013
0.091095942952705,0.002496011712057749,1.2990898605592804
0.091101151286038,0.002496017695502115,1.2957294791499305
0.09110635961937101,0.002496013514805478,1.2922092777715255
0.09111156795270402,0.00249601930972154,1.2885290642326095
0.09111677628603702,0.0024960152786514763,1.2846895756691126
0.09112198461937003,0.00249602091848327,1.2806922922167654
0.09112719295270304,0.0024960170687759694,1.27653937093437
0.09113240128603604,0.0024960225859564597,1.2722334799318957
0.09113760961936905,0.0024960189179419616,1.2677777537067594
0.09114281795270206,0.0024960242969264516,1.2631756532123513
0.09114802628603506,0.0024960207686219346,1.2584309426760376
0.09115323461936807,0.0024960259762180667,1.2535475730169994
0.09115844295270108,0.0024960225610932774,1.2485296767426426
0.09116365128603408,0.0024960276051920727,1.2433814713131526
0.09116885961936709,0.002496024325607671,1.2381072688498758
0.0911740679527001,0.0024960292484887633,1.2327113958013016
0.0911792762860331,0.002496026131647352,1.2271982135951387
0.09118448461936611,0.0024960309484050925,1.2215720502182255
0.09118969295269912,0.0024960279752949304,1.2158372275105471
0.09119490128603212,0.0024960326562289544,1.2099980006980948
0.09120010961936513,0.002496029784934924,1.204058589453226
0.09120531795269814,0.00249603430926436,1.198023123655778
0.09121052628603114,0.002496031534978226,1.19189567725011
0.09121573461936415,0.0024960359301601414,1.185680219816833
0.09122094295269716,0.0024960332860446692,1.1793806538226093
0.09122615128603016,0.002496037589710618,1.1730007714057034
0.09123135961936317,0.002496035087416408,1.166544292381255
0.09123656795269618,0.002496039293335536,1.1600148237823453
0.09124177628602918,0.0024960368983826535,1.1534158972661366
0.09124698461936219,0.002496040972345679,1.1467509303839494
0.0912521929526952,0.0024960386534023386,1.1400232630565015
0.0912574012860282,0.0024960425937018194,1.1332361209860304
0.09126260961936121,0.002496040366863792,1.126392652193468
0.09126781795269422,0.0024960442123000445,1.1194958932379653
0.09127302628602722,0.00249604210952944,1.1125488058829944
0.09127823461936023,0.0024960458828133074,1.1055542454103402
0.09128344295269324,0.0024960438955279004,1.0985149962111584
0.09128865128602624,0.0024960475723928544,1.0914337407237704
0.09129385961935925,0.0024960456601154876,1.0843130931204104
0.09129906795269226,0.002496049213369381,1.0771555687310645
0.09130427628602526,0.0024960473634332977,1.069963616527315
0.09130948461935827,0.002496050811339097,1.062739590199577
0.09131469295269128,0.00249604905397127,1.055485780431377
0.09131990128602428,0.0024960524357776604,1.04820438801255
0.09132510961935729,0.002496050790955887,1.0408975555959892
0.0913303179526903,0.0024960541088131483,1.0335673417478204
0.0913355262860233,0.0024960525498341824,1.0262157509469776
0.09134073461935631,0.002496055770203164,1.018844707645373
0.09134594295268932,0.0024960542619832716,1.0114560844067557
0.09135115128602232,0.0024960573737827763,1.0040516765786842
0.09135635961935533,0.002496055924574427,0.9966332297587747
0.09136156795268834,0.0024960589609979034,0.9892024161343612
0.09136677628602134,0.0024960576047299973,0.9817608619177572
0.09137198461935435,0.0024960605943341574,0.9743101251589124
0.09137719295268736,0.0024960593323597943,0.966851722189292
0.09138240128602036,0.002496062257555718,0.959387105724524
0.09138760961935337,0.0024960610526143187,0.9519176893952396
0.09139281795268638,0.002496063881971108,0.9444448257491295
0.09139802628601938,0.002496062714043858,0.9369698294772666
0.09140323461935239,0.0024960654562979586,0.9294939563988633
0.0914084429526854,0.002496064350697257,0.9220184265359483
0.0914136512860184,0.002496067044356371,0.9145444047743491
0.09141885961935141,0.002496066027500559,0.9070730238022656
0.09142406795268442,0.0024960686828890744,0.8996053655937531
0.09142927628601742,0.0024960677366582633,0.892142483026831
0.09143448461935043,0.002496070323112385,0.8846853811947708
0.09143969295268344,0.002496069410607283,0.8772350372985289
0.09144490128601644,0.0024960719089881793,0.8697923821212361
0.09145010961934945,0.002496071030162763,0.8623583192495139
0.09145531795268246,0.0024960734666328592,0.8549337078851793
0.09146052628601546,0.0024960726550276114,0.8475193822127264
0.09146573461934847,0.0024960750622921002,0.8401161356150021
0.09147094295268147,0.002496074328240816,0.832724739578878
0.09147615128601448,0.002496076696426746,0.8253459281170464
0.09148135961934749,0.0024960760077825336,0.8179804151434125
0.0914865679526805,0.0024960783034424384,0.8106288786070647
0.0914917762860135,0.0024960776341044796,0.8032919765298195
0.09149698461934651,0.002496079856565644,0.7959703317649843
0.09150219295267951,0.002496079225332518,0.7886645479422765
0.09150740128601252,0.0024960814104440033,0.7813751956619979
0.09151260961934553,0.002496080848068605,0.774102828651584
0.09151781795267853,0.0024960830135720984,0.7668479708467395
0.09152302628601154,0.002496082511017696,0.7596111316504458
0.09152823461934455,0.002496084630970879,0.752392792797991
0.09153344295267755,0.0024960841514882434,0.7451934220853399
0.09153865128601056,0.0024960862004848525,0.7380134600922307
0.09154385961934357,0.0024960857359469088,0.7308533331993481
0.09154906795267657,0.00249608773207502,0.7237134412941233
0.09155427628600958,0.002496087313361512,0.7165941711309879
0.09155948461934259,0.002496089291567636,0.7094958853288897
0.0915646929526756,0.002496088936828085,0.70241893563931
0.0915699012860086,0.0024960908954206862,0.6953636523017093
0.09157510961934161,0.0024960905789850408,0.6883303560734455
0.09158031795267461,0.0024960924847669975,0.6813193471133087
0.09158552628600762,0.0024960921761116336,0.6743309158210509
0.09159073461934063,0.0024960940197209795,0.6673653319135001
0.09159594295267363,0.0024960937301282257,0.6604228551397133
0.09160115128600664,0.0024960955428917006,0.6535037256383083
0.09160635961933965,0.002496095305215357,0.6466081750341042
0.09161156795267265,0.0024960971111350136,0.6397364177493913
0.09161677628600566,0.0024960969253157747,0.6328886615992523
0.09162198461933867,0.002496098704657499,0.626065098913446
0.09162719295267167,0.00249609853614696,0.6192659158092781
0.09163240128600468,0.002496100259185319,0.6124912829040648
0.09163760961933769,0.0024961000923715234,0.6057413638382811
0.0916428179526707,0.0024961017686471266,0.599016306678049
0.0916480262860037,0.0024961016299135767,0.592316252739623
0.09165323461933671,0.002496103294586905,0.5856413292506107
0.09165844295266971,0.0024961032083122814,0.5789916584101896
0.09166365128600272,0.0024961048677460437,0.5723673504491731
0.09166885961933573,0.0024961048157686313,0.5657685118202235
0.09167406795266873,0.0024961064391525235,0.5591952377392944
0.09167927628600174,0.0024961063883846488,0.5526476191754633
0.09168448461933475,0.0024961079587260005,0.5461257353219093
0.09168969295266775,0.0024961079124591716,0.5396296604109411
0.09169490128600076,0.0024961094551677588,0.5331594571594812
0.09170010961933377,0.002496109446190657,0.5267151841163281
0.09170531795266677,0.0024961109898160865,0.5202968901321812
0.09171052628599978,0.002496111026449651,0.5139046215169226
0.09171573461933279,0.002496112558681326,0.5075384164234297
0.0917209429526658,0.002496112610331929,0.5011983108693171
0.0917261512859988,0.0024961140991918737,0.49488433256086883
0.0917313596193318,0.0024961141439217905,0.4885965061031928
0.09173656795266481,0.0024961155902774317,0.4823348471774999
0.09174177628599782,0.002496115648525666,0.4760993680470201
0.09174698461933083,0.002496117085860402,0.46989007287576173
0.09175219295266383,0.002496117186340108,0.46370696366140185
0.09175740128599684,0.002496118628395916,0.45755003610689776
0.09176260961932985,0.0024961187611125413,0.45141928498799105
0.09176781795266285,0.002496120181350852,0.44531469949130476
0.09177302628599586,0.002496120312553618,0.43923626746262373
0.09177823461932887,0.0024961216878479206,0.4331839704543341
0.09178344295266187,0.0024961218128719924,0.42715778762131823
0.09178865128599488,0.0024961231615653113,0.42115769155211197
0.09179385961932789,0.002496123311020345,0.4151836527264352
0.09179906795266089,0.002496124664540389,0.4092356363593524
0.0918042762859939,0.0024961248542887675,0.40331360699637425
0.0918094846193269,0.0024961262080289985,0.39741752537490155
0.09181469295265991,0.002496126412942297,0.39154735207244346
0.09181990128599292,0.0024961277348309963,0.3857030437896814
0.09182510961932593,0.002496127928133421,0.37988455607915356
0.09183031795265893,0.0024961292108976996,0.37409183970400156
0.09183552628599194,0.002496129405954721,0.36832484358738393
0.09184073461932495,0.0024961306795877177,0.36258351214148044
0.09184594295265795,0.0024961309074603075,0.3568677888019891
0.09185115128599096,0.002496132192094363,0.3511776140466389
0.09185635961932397,0.0024961324510257444,0.3455129286038066
0.09186156795265697,0.002496133725791694,0.33987367105348254
0.09186677628598998,0.002496133983383581,0.3342597800039957
0.09187198461932299,0.0024961352207604486,0.3286711911869713
0.09187719295265599,0.0024961354649465743,0.3231078391682745
0.091882401285989,0.0024961366755097392,0.31756965498983497
0.091887609619322,0.0024961369330114766,0.31205656839244994
0.09189281795265501,0.002496138149169802,0.30656850647256845
0.09189802628598802,0.002496138441859634,0.3011053962645302
0.09190323461932103,0.0024961396668148825,0.29566716355440964
0.09190844295265403,0.002496139976158221,0.2902537347722591
0.09191365128598704,0.0024961411796983572,0.2848650351693297
0.09191885961932005,0.002496141475887774,0.27950098977303706
0.09192406795265305,0.002496142643457451,0.27416152140913896
0.09192927628598606,0.002496142932248422,0.2688465517130861
0.09193448461931907,0.0024961440887971776,0.26355599996332435
0.09193969295265207,0.0024961444015682796,0.258289784778531
0.09194490128598508,0.0024961455722147686,0.2530478237098238
0.09195010961931809,0.0024961459151291118,0.24783003486149427
0.09195531795265109,0.002496147085735956,0.24263633621928057
0.0919605262859841,0.0024961474294652028,0.23746664632774983
0.0919657346193171,0.0024961485700324393,0.2323208830176536
0.09197094295265011,0.002496148896140348,0.22719896347794716
0.09197615128598312,0.0024961500092658185,0.22210080325715972
0.09198135961931612,0.0024961503390406115,0.21702631681920026
0.09198656795264913,0.0024961514562418926,0.21197541746465787
0.09199177628598214,0.0024961518159956142,0.2069480184288827
0.09199698461931514,0.002496152947770288,0.20194403312647147
0.09200219295264815,0.00249615332636506,0.19696337578377424
0.09200740128598116,0.002496154446135357,0.192005961094346
0.09201260961931416,0.002496154812405038,0.18707170388527822
0.09201781795264717,0.0024961558995990093,0.18216051842949663
0.09202302628598018,0.0024961562517450387,0.17727231801803153
0.09202823461931318,0.0024961573250617875,0.17240701490526136
0.09203344295264619,0.002496157692876374,0.16756452054405885
0.0920386512859792,0.0024961587807412026,0.1627447463701703
0.0920438596193122,0.0024961591775348713,0.15794760420863074
0.09204906795264521,0.0024961602731346844,0.15317300693967112
0.09205427628597822,0.002496160674144092,0.1484208680817873
0.09205948461931122,0.0024961617469326973,0.14369110180435418
0.09206469295264423,0.0024961621286767478,0.13898362181421994
0.09206990128597724,0.0024961631736190623,0.1342983414119449
0.09207510961931024,0.0024961635508890753,0.12963517269799835
0.09208031795264325,0.0024961645967865854,0.12499402751909539
0.09208552628597626,0.0024961649985361686,0.1203748172963877
0.09209073461930926,0.00249616606227359,0.11577745443761087
0.09209594295264227,0.002496166485003118,0.11120185193527984
0.09210115128597528,0.002496167545080235,0.10664792426886181
0.09210635961930828,0.0024961679582474728,0.1021155861025238
0.09211156795264129,0.00249616898960962,0.09760475266994463
0.0921167762859743,0.0024961693841617687,0.09311533818825322
0.0921219846193073,0.0024961703985227277,0.08864725670628819
0.09212719295264031,0.002496170800920883,0.08420042114862328
0.09213240128597332,0.002496171828238467,0.07977474499741091
0.09213760961930632,0.0024961722577499642,0.07537014171719028
0.09214281795263933,0.002496173298632536,0.07098652646873772
0.09214802628597234,0.002496173736361339,0.06662381489899413
0.09215323461930534,0.0024961747615919465,0.06228192419585668
0.09215844295263835,0.002496175180549179,0.057960771093696094
0.09216365128597136,0.0024961761781018862,0.05366027277073718
0.09216885961930436,0.0024961765860176885,0.049380345019208974
0.09217406795263737,0.002496177580459954,0.04512090390493498
0.09217927628597038,0.0024961780070509995,0.040881864612411466
0.09218448461930338,0.002496179020385184,0.03666314372651525
0.09218969295263639,0.0024961794695861025,0.032464658019548336
0.0921949012859694,0.0024961804864763112,0.0282863263609541
0.0922001096193024,0.0024961809300915565,0.024128067715494545
0.09220531795263541,0.002496181922720162,0.01998980237689545
0.09221052628596842,0.002496182345344926,0.015871449571449633
0.09221573461930142,0.0024961833180843903,0.011772928932908643
0.09222094295263443,0.0024961837413777907,0.007694158624565678
0.09222615128596744,0.002496184723894202,0.0036350576771772215
0.09223135961930044,0.0024961851716848956,-0.0004044554014647595
0.09223656795263345,0.0024961861717090806,-0.004424460060748169
0.09224177628596646,0.0024961866317127117,-0.00842503556272847
0.09224698461929946,0.0024961876229996835,-0.012406259019058721
0.09225219295263247,0.0024961880665087107,-0.016368208062200375
0.09225740128596548,0.002496189031121706,-0.02031095924515025
0.09226260961929848,0.0024961894586330254,-0.024234590694402418
0.09226781795263149,0.0024961904156357855,-0.028139179910353466
0.0922730262859645,0.0024961908557991257,-0.03202480572486286
0.0922782346192975,0.0024961918308635186,-0.035891545413966754
0.09228344295263051,0.0024961922944677036,-0.03973947649032412
0.09228865128596352,0.002496193279042832,-0.04356867402265342
0.09229385961929652,0.0024961937417800747,-0.04737921317934477
0.09229906795262953,0.0024961947070887562,-0.05117116719138543
0.09230427628596254,0.002496195148322836,-0.054944610471889095
0.09230948461929554,0.0024961960915006543,-0.05869961653163299
0.09231469295262855,0.002496196527065249,-0.062436260696810617
0.09231990128596156,0.002496197475801167,-0.06615461721747241
0.09232510961929456,0.002496197932390156,-0.0698547614009769
0.09233031795262757,0.0024961989006777475,-0.07353676634813955
0.09233552628596058,0.00249619937309565,-0.07720070530414602
0.09234073461929358,0.0024962003392064377,-0.08084664898002933
0.09234594295262659,0.0024962007986958135,-0.08447466869812523
0.0923511512859596,0.0024962017401202467,-0.08808483418286685
0.0923563596192926,0.0024962021802544384,-0.09167721688650313
0.09236156795262561,0.0024962031096931866,-0.09525188734150901
0.09236677628595862,0.0024962035564008674,-0.09880891784241896
0.09237198461929162,0.0024962045015258965,-0.10234837904929597
0.09237719295262463,0.0024962049714722006,-0.10587034234067992
0.09238240128595764,0.002496205930728471,-0.10937487644971475
0.09238760961929064,0.0024962064046994345,-0.11286205043025134
0.09239281795262365,0.002496207350116997,-0.11633193095871898
0.09239802628595666,0.00249620780374278,-0.11978458596248014
0.09240323461928966,0.0024962087257490496,-0.12322008204916797
0.09240844295262267,0.002496209168333887,-0.12663848790046267
0.09241365128595568,0.0024962100910581675,-0.1300398709972813
0.09241885961928868,0.0024962105504503286,-0.1334243003373154
0.09242406795262169,0.0024962114931279815,-0.13679184268336672
0.0924292762859547,0.002496211971187715,-0.14014256531626468
0.0924344846192877,0.002496212917603913,-0.1434765327122657
0.09243969295262071,0.0024962133872325717,-0.14679381006280787
0.09244490128595372,0.002496214311881172,-0.15009446052635259
0.09245010961928672,0.0024962147603745355,-0.1533785490898794
0.09245531795261973,0.002496215669236168,-0.1566461395481511
0.09246052628595273,0.002496216118361632,-0.15989729781934497
0.09246573461928574,0.002496217039310081,-0.16313208815863658
0.09247094295261875,0.0024962175103841293,-0.16635057599957814
0.09247615128595175,0.0024962184486859293,-0.16955282405540573
0.09248135961928476,0.0024962189284624308,-0.17273889559577216
0.09248656795261777,0.002496219858561257,-0.17590885118091448
0.09249177628595077,0.002496220320555619,-0.1790627526531331
0.0924963881429754,0.0024962211495973027,-0.18184210414108515
0.092501,0.002496221519414086,-0.18460895873401034
0.0925011,0.002008409296160514,-0.1846715276982574
0.09250130000000001,0.0010148050634311663,-0.18479301758048325
0.09250147088765792,0.00015870498010991135,-0.1848944196210462
0.092501645055145,-0.0007092406585524044,-0.1849991807496139
0.0925018225275725,-0.0015961016179822374,-0.18510577219532265
0.092502,-0.002481757271964541,-0.18521298256018864
0.0925020354944855,-0.0024899548808872815,-0.1852329985793427
0.09250210648345651,-0.0024974969406685943,-0.18527387912326687
0.09250224846139851,-0.0024959302202934228,-0.18536087280448457
0.09250253241728251,-0.002496529633982087,-0.18553882046916578
0.09250303085957925,-0.0024962063204938623,-0.18586739413226408
0.09250402774417275,-0.002496412711779258,-0.18663313867140607
0.09250544385996505,-0.0024962510986470884,-0.18809445101809008
0.09250708980283029,-0.0024963660743328683,-0.19056775308740076
0.09250916424095842,-0.002496266459030074,-0.19521643288151674
0.09251161557490574,-0.0024963305534908835,-0.20330964331331888
0.0925146373020828,-0.002496266924057525,-0.21753743966966624
0.09251818159841281,-0.0024963012119595374,-0.2402555804555508
0.09252249445238572,-0.0024962627774313714,-0.27583948965228977
0.09252770278571873,-0.002496282085695046,-0.3278530123219087
0.09253291111905174,-0.0024962642993147178,-0.38636380566788436
0.09253811945238474,-0.0024962729984660567,-0.44823185379234537
0.09254332778571775,-0.0024962708578373316,-0.5113404233444251
0.09254853611905076,-0.0024962666746122927,-0.574452005446397
0.09255374445238376,-0.002496277907636985,-0.6368804262657974
0.09255895278571677,-0.002496261013115284,-0.6982507421317036
0.09256416111904978,-0.0024962846395284333,-0.7583508640460535
0.09256936945238278,-0.0024962558044251183,-0.8170623639805552
0.09257457778571579,-0.0024962911878929506,-0.8743161267954931
0.0925797861190488,-0.0024962512413335167,-0.9300766063078325
0.0925849944523818,-0.002496297692513106,-0.9843248753565768
0.09259020278571481,-0.0024962472489971563,-1.0370573384697477
0.09259541111904782,-0.002496303931735578,-1.0882763037310579
0.09260061945238082,-0.0024962434935892524,-1.1379926902448012
0.09260582778571383,-0.0024963096552667223,-1.186218981793803
0.09261103611904684,-0.0024962398646677657,-1.2329732853679702
0.09261624445237984,-0.002496314989403733,-1.2782732420082321
0.09262145278571285,-0.002496236615783493,-1.3221406212833948
0.09262666111904586,-0.0024963202477670536,-1.3645957016446262
0.09263186945237886,-0.002496233930165906,-1.4056620895750176
0.09263707778571187,-0.0024963254470080107,-1.4453613671503611
0.09264228611904488,-0.002496231603659484,-1.483717995621582
0.09264749445237788,-0.0024963302990975286,-1.5207541355432197
0.09265270278571089,-0.0024962293490011253,-1.556494565957916
0.0926579111190439,-0.002496334689683282,-1.5909616307703396
0.0926631194523769,-0.002496227232196737,-1.624180137957174
0.09266832778570991,-0.00249633887645074,-1.6561724078773112
0.09267353611904292,-0.002496225544307918,-1.6869631312926145
0.09267874445237592,-0.002496343092728451,-1.7165745043393585
0.09268395278570893,-0.002496224315800118,-1.745031030592913
0.09268916111904194,-0.0024963471914762566,-1.772354732706347
0.09269436945237494,-0.002496223250018352,-1.7985698895341489
0.09269957778570795,-0.0024963508972951007,-1.8236983202317267
0.09270478611904096,-0.0024962221794589128,-1.8477640530085608
0.09270999445237396,-0.002496355083494447,-1.8707642679854954
0.09271520278570697,-0.0024962249017363466,-1.8926729110336498
0.09272041111903997,-0.002496365131217586,-1.9135191705048344
0.09272561945237298,-0.0024962340262483207,-1.9333356676835842
0.09273082778570599,-0.0024963804024427183,-1.9521521294431075
0.092736036119039,-0.002496247865718618,-1.9699995829614723
0.092741244452372,-0.0024963991860588357,-1.9869060822303104
0.09274645278570501,-0.0024962647976264937,-2.0029010046829656
0.09275166111903801,-0.0024964201036716894,-2.0180108930202865
0.09275686945237102,-0.0024962837262940563,-2.032263544426821
0.09276207778570403,-0.0024964423645695015,-2.04568405521061
0.09276728611903703,-0.0024963040390825176,-2.0582987178785443
0.09277249445237004,-0.00249646542767309,-2.0701312540406778
0.09277770278570305,-0.0024963251118401172,-2.08120652923422
0.09278291111903605,-0.002496488560492992,-2.091546958099391
0.09278811945236906,-0.002496346107260832,-2.101176047224701
0.09279332778570207,-0.002496510955667515,-2.1101149600426847
0.09279853611903507,-0.0024963663460123957,-2.118385901338773
0.09280374445236808,-0.0024965321793387397,-2.126008833002626
0.09280895278570109,-0.00249638562088036,-2.1330047143084943
0.0928141611190341,-0.002496552201865891,-2.139392358824002
0.0928193694523671,-0.002496403923619846,-2.145191540925308
0.09282457778570011,-0.002496570936736677,-2.1504199811752853
0.09282978611903311,-0.0024964209968407433,-2.155096326799617
0.09283499445236612,-0.002496588001275025,-2.159237253529343
0.09284020278569913,-0.002496436404779224,-2.162860329515038
0.09284541111903213,-0.0024966030591716515,-2.1659812257817532
0.09285061945236514,-0.0024964499877027373,-2.168616475784437
0.09285582778569815,-0.002496616177433038,-2.170780788443826
0.09286103611903115,-0.002496461956803882,-2.172489713746071
0.09286624445236416,-0.002496627613216106,-2.1737570496388625
0.09287145278569717,-0.0024964724657303783,-2.174597419615566
0.09287666111903017,-0.0024966373600748605,-2.1750237624231654
0.09288186945236318,-0.0024964813327868415,-2.175049826784278
0.09288707778569619,-0.0024966451675343068,-2.1746877354514003
0.0928922861190292,-0.0024964883454353637,-2.173950405366913
0.0928974944523622,-0.002496650990502758,-2.1728491818925395
0.09290270278569521,-0.0024964936496947795,-2.171396194209129
0.09290791111902821,-0.002496655141353492,-2.169602055245744
0.09291311945236122,-0.002496497595244081,-2.1674781585689864
0.09291832778569423,-0.0024966578968113333,-2.165034435918895
0.09292353611902723,-0.002496500279732228,-2.162281598176146
0.09292874445236024,-0.0024966591835072953,-2.1592289418036645
0.09293395278569325,-0.0024965015154291867,-2.1558865379211176
0.09293916111902625,-0.0024966588385708925,-2.1522630831986174
0.09294436945235926,-0.0024965012644598,-2.1483680446394686
0.09294957778569227,-0.002496657022395642,-2.1442095534423324
0.09295478611902527,-0.0024964998424778736,-2.1397965126164173
0.09295999445235828,-0.0024966541210938572,-2.1351365298142646
0.09296520278569129,-0.002496497563909348,-2.13023799036586
0.0929704111190243,-0.002496650294122794,-2.125108021727649
0.0929756194523573,-0.0024964943949010196,-2.119754532607651
0.0929808277856903,-0.002496645387988023,-2.114184203361313
0.09298603611902331,-0.002496490165420819,-2.1084044952665395
0.09299124445235632,-0.002496639350097068,-2.1024216658618053
0.09299645278568933,-0.0024964849975808853,-2.096242755151533
0.09300166111902233,-0.0024966324782032664,-2.0898736256290036
0.09300686945235534,-0.002496479264344898,-2.083320929473102
0.09301207778568835,-0.0024966251076105647,-2.0765901690102
0.09301728611902135,-0.0024964731461358074,-2.069687644553151
0.09302249445235436,-0.002496617236654072,-2.0626185291654267
0.09302770278568737,-0.0024964664932619596,-2.0553887974510547
0.09303291111902037,-0.002496608687462939,-2.0480033121752608
0.09303811945235338,-0.0024964592118496783,-2.0404677384689016
0.09304332778568639,-0.0024965995421929433,-2.032786643702793
0.09304853611901939,-0.002496451553879824,-2.024965402451447
0.0930537444523524,-0.002496590157074483,-2.0170083091694653
0.0930589527856854,-0.002496443849249315,-2.008920474835624
0.09306416111901841,-0.0024965807336136837,-2.000705947752143
0.09306936945235142,-0.002496436109587797,-1.9923695999077011
0.09307457778568443,-0.0024965711331111896,-1.9839152516962124
0.09307978611901743,-0.0024964281362450033,-1.975347548909044
0.09308499445235044,-0.002496561228642591,-1.9666700919237083
0.09309020278568345,-0.0024964199572898335,-1.9578873081045038
0.09309541111901645,-0.0024965512304112973,-1.9490025878243706
0.09310061945234946,-0.002496411894919022,-1.9400201553540244
0.09310582778568247,-0.002496541465449408,-1.9309432102093396
0.09311103611901547,-0.0024964041575318064,-1.9217757947997585
0.09311624445234848,-0.002496531966022789,-1.9125209365339015
0.09312145278568149,-0.0024963966094680564,-1.9031825099673185
0.09312666111901449,-0.002496522524075847,-1.8937633779199028
0.0931318694523475,-0.002496389084955488,-1.884267250314874
0.0931370777856805,-0.0024965131226057802,-1.8746968270770599
0.09314228611901351,-0.0024963817426092013,-1.8650556579550535
0.09314749445234652,-0.002496504053970725,-1.8553462891386499
0.09315270278567953,-0.0024963748948937966,-1.8455721244639671
0.09315791111901253,-0.002496495538305623,-1.835735573022799
0.09316311945234554,-0.002496368587611706,-1.8258399083633186
0.09316832778567855,-0.002496487453138259,-1.8158874134014333
0.09317353611901155,-0.0024963626011218973,-1.8058812363502312
0.09317874445234456,-0.0024964796051440852,-1.7958235338696067
0.09318395278567757,-0.0024963568696884683,-1.7857173269817481
0.09318916111901057,-0.0024964721079744124,-1.7755646462741785
0.09319436945234358,-0.0024963516477158765,-1.7653683906484607
0.09319957778567659,-0.0024964652628508333,-1.7551304750926395
0.09320478611900959,-0.0024963471594256523,-1.744853690181588
0.0932099944523426,-0.0024964591354647197,-1.7345398488406107
0.0932152027856756,-0.0024963432934592767,-1.724191642823965
0.09322041111900861,-0.0024964535054345805,-1.7138107866553753
0.09322561945234162,-0.0024963398293377215,-1.7033998714936138
0.09323082778567462,-0.0024964482674086482,-1.6929605093848688
0.09323603611900763,-0.0024963368321796442,-1.6824951881779415
0.09324124445234064,-0.002496443641632765,-1.672005419567907
0.09324645278567364,-0.0024963345851228814,-1.6614935957530441
0.09325166111900665,-0.0024964398595224225,-1.6509611399627395
0.09325686945233966,-0.0024963331700950694,-1.6404103609749494
0.09326207778567266,-0.0024964368284847794,-1.6298426026761266
0.09326728611900567,-0.0024963323673257436,-1.6192600935889054
0.09327249445233868,-0.0024964343110431306,-1.6086640959894998
0.09327770278567168,-0.0024963320325576918,-1.5980567526041842
0.09328291111900469,-0.002496432329692128,-1.5874392396476305
0.0932881194523377,-0.00249633234795651,-1.5768136136973903
0.0932933277856707,-0.0024964311514171556,-1.5661809706701486
0.09329853611900371,-0.002496333547302385,-1.5555432911577118
0.09330374445233672,-0.0024964308781738687,-1.5449016025448385
0.09330895278566972,-0.002496335556771784,-1.5342578182900999
0.09331416111900273,-0.0024964312993280106,-1.523612900894674
0.09331936945233574,-0.002496338107505388,-1.5129692162211192
0.09332457778566874,-0.002496432008600934,-1.502333421907362
0.09332978611900175,-0.0024963406521554144,-1.4917088981068782
0.09333499445233476,-0.0024964326871202355,-1.4810964525398593
0.09334020278566776,-0.0024963432615044746,-1.4704977483540804
0.09334541111900077,-0.002496433548967556,-1.4599134875767203
0.09335061945233378,-0.0024963460557119663,-1.4493452163511975
0.09335582778566678,-0.0024964345453615134,-1.438793545913022
0.09336103611899979,-0.002496348838091182,-1.4282599202831299
0.0933662444523328,-0.002496435421934267,-1.4177448701742739
0.0933714527856658,-0.002496351409826088,-1.407249743880671
0.09337666111899881,-0.0024964361259305627,-1.396774996244731
0.09338186945233182,-0.0024963538865514175,-1.3863218869085567
0.09338707778566482,-0.0024964368899094225,-1.3758908059544201
0.09339228611899783,-0.0024963565116470736,-1.3654829399392991
0.09339749445233084,-0.0024964378596065533,-1.3550986309813207
0.09340270278566384,-0.0024963592668807715,-1.3447390073789023
0.09340791111899685,-0.0024964388623265614,-1.3344043722092145
0.09341311945232986,-0.002496361902354752,-1.3240957979286538
0.09341832778566286,-0.002496439684392613,-1.313813545344061
0.09342353611899587,-0.00249636433573431,-1.3035586263762113
0.09342874445232888,-0.0024964404122671414,-1.2933312568398114
0.09343395278566188,-0.0024963667823555595,-1.283132390832727
0.09343916111899489,-0.0024964412934828477,-1.2729622070565962
0.0934443694523279,-0.0024963694097278185,-1.2628216131402605
0.0934495777856609,-0.0024964423410196524,-1.2527107610936201
0.09345478611899391,-0.002496372070371847,-1.2426305185082682
0.09345999445232692,-0.002496443314070464,-1.232581010759069
0.09346520278565992,-0.0024963745382983967,-1.2225630605561881
0.09347041111899293,-0.002496444103603146,-1.212576759440177
0.09347561945232594,-0.002496376869679142,-1.2026228803164494
0.09348082778565894,-0.0024964449056032283,-1.1927014807482306
0.09348603611899195,-0.00249637931151319,-1.1828132897176984
0.09349124445232496,-0.002496445907089476,-1.1729583404030564
0.09349645278565796,-0.00249638190651179,-1.1631373282518067
0.09350166111899097,-0.0024964469878848484,-1.1533502685260546
0.09350686945232398,-0.002496384425923378,-1.1435978239118423
0.09351207778565698,-0.002496447913981785,-1.1338799868475977
0.09351728611898999,-0.0024963867356448026,-1.124197380000015
0.093522494452323,-0.002496448711431285,-1.1145499667434067
0.093527702785656,-0.0024963890095954866,-1.1049383284322074
0.09353291111898901,-0.0024964496234248365,-1.095362403738134
0.09353811945232202,-0.0024963914506316276,-1.0858227418282738
0.09354332778565502,-0.002496450721352484,-1.076319266558645
0.09354853611898803,-0.002496393966878475,-1.066852502161906
0.09355374445232104,-0.0024964517918554838,-1.0574223591336167
0.09355895278565404,-0.002496396319801624,-1.0480293328033077
0.09356416111898705,-0.0024964526785663903,-1.0386733128005994
0.09356936945232006,-0.002496398505505404,-1.0293547588728833
0.09357457778565306,-0.0024964535312380206,-1.0200735370087262
0.09357978611898607,-0.0024964007597482567,-1.0108300747194983
0.09358499445231908,-0.0024964545652519455,-1.001624222377461
0.09359020278565208,-0.002496403180803088,-0.9924563852750765
0.09359541111898509,-0.0024964557177134254,-0.9833264057055924
0.0936006194523181,-0.00249640557354154,-0.9742346693615369
0.0936058277856511,-0.0024964567491711728,-0.9651810070071906
0.09361103611898411,-0.002496407762276955,-0.9561657776677912
0.09361624445231712,-0.0024964576263436086,-0.947188793119775
0.09362145278565012,-0.0024964098709882214,-0.9382503820901459
0.09362666111898313,-0.0024964585739974832,-0.9293503392169717
0.09363186945231614,-0.0024964121241386147,-0.9204889702701597
0.09363707778564914,-0.0024964597150140574,-0.9116660622906471
0.09364228611898215,-0.002496414488206304,-0.9028819063619938
0.09364749445231516,-0.0024964608746552487,-0.8941362852248618
0.09365270278564816,-0.002496416726671273,-0.8854294729346524
0.09365791111898117,-0.0024964618607349917,-0.8767612410199689
0.09366311945231418,-0.002496418778283123,-0.8681318389390396
0.09366832778564718,-0.002496462769881285,-0.8595410221796582
0.09367353611898019,-0.0024964208540422432,-0.8509890164651258
0.0936787444523132,-0.0024964638317832456,-0.8424755673949326
0.0936839527856462,-0.002496423099284054,-0.8340008863761539
0.09368916111897921,-0.0024964650418008265,-0.8255647175455593
0.09369436945231222,-0.0024964253623490215,-0.8171672623682021
0.09369957778564522,-0.002496466169470663,-0.8088082618606673
0.09370478611897823,-0.002496427438183839,-0.8004879013112213
0.09370999445231123,-0.002496467126886668,-0.7922059106011505
0.09371520278564424,-0.002496429395812282,-0.7839624533256777
0.09372041111897725,-0.002496468108090473,-0.7757572476390606
0.09372561945231025,-0.0024964314670675703,-0.76759044071489
0.09373082778564326,-0.002496469277853749,-0.7594617476845618
0.09373603611897627,-0.0024964336761754166,-0.7513713081309553
0.09374124445230927,-0.0024964705088905974,-0.7433188391076955
0.09374645278564228,-0.0024964358025119375,-0.735304472068954
0.09375166111897529,-0.0024964715862334183,-0.727327920139661
0.0937568694523083,-0.0024964377340454163,-0.7193892987413056
0.0937620777856413,-0.002496472550439386,-0.7114883105984867
0.09376728611897431,-0.002496439645703682,-0.7036250535496297
0.09377249445230731,-0.0024964736313506253,-0.6957992239006071
0.09377770278564032,-0.002496441719288945,-0.6880109101869517
0.09378291111897333,-0.0024964748804841086,-0.6802598110782732
0.09378811945230633,-0.002496443853702359,-0.6725460116693808
0.09379332778563934,-0.0024964760895720495,-0.6648692132381729
0.09379853611897235,-0.0024964458280758318,-0.6572294924850238
0.09380374445230535,-0.0024964771240149246,-0.6496265453008218
0.09380895278563836,-0.0024964476549091024,-0.6420604330847476
0.09381416111897137,-0.0024964781369976726,-0.6345308435269372
0.09381936945230437,-0.0024964495593572974,-0.6270378257690894
0.09382457778563738,-0.002496479323525801,-0.6195810667317765
0.09382978611897039,-0.002496451619225775,-0.6121606122485593
0.0938349944523034,-0.0024964806090338244,-0.6047761548136746
0.0938402027856364,-0.002496453642026611,-0.5974277383050765
0.09384541111896941,-0.002496481769562669,-0.59011505648329
0.09385061945230241,-0.002496455473721407,-0.5828381436816996
0.09385582778563542,-0.0024964827895709893,-0.5755966873647941
0.09386103611896843,-0.0024964572445127587,-0.5683907086542663
0.09386624445230143,-0.002496483885455342,-0.5612198904951919
0.09387145278563444,-0.0024964591600072695,-0.5540842476007252
0.09387666111896745,-0.0024964851590851093,-0.546983467068752
0.09388186945230045,-0.0024964611732156573,-0.5399175642584411
0.09388707778563346,-0.0024964864356587847,-0.5328862325592331
0.09389228611896647,-0.002496463061177404,-0.5258894846657548
0.09389749445229947,-0.002496487543923497,-0.5189270128934492
0.09390270278563248,-0.0024964647817055682,-0.5119988195398939
0.09390791111896549,-0.0024964885889298813,-0.5051045911209756
0.0939131194522985,-0.002496466540153743,-0.49824432032183746
0.0939183277856315,-0.0024964897830831827,-0.4914176936792225
0.0939235361189645,-0.002496468460767472,-0.4846247028268432
0.09392874445229751,-0.002496491106457845,-0.47786504169519933
0.09393395278563052,-0.0024964703894234945,-0.47113870406039027
0.09393916111896353,-0.0024964923396859104,-0.46444538870252383
0.09394436945229653,-0.0024964721410429902,-0.4577850847948631
0.09394957778562954,-0.0024964934147345664,-0.4511574879153575
0.09395478611896255,-0.002496473795353255,-0.4445625772313116
0.09395999445229555,-0.0024964945223921683,-0.43800004469283477
0.09396520278562856,-0.0024964755686189104,-0.43146986447472857
0.09397041111896157,-0.002496495806474625,-0.4249717330007822
0.09397561945229457,-0.0024964774683180558,-0.41850562728776464
0.09398082778562758,-0.002496497134554332,-0.4120712521411061
0.09398603611896059,-0.002496479282549003,-0.4056685859679587
0.09399124445229359,-0.0024964983103946056,-0.3992973356862913
0.0939964527856266,-0.0024964809195102767,-0.3929574731048945
0.0940016611189596,-0.002496499387145496,-0.38664870104348986
0.09400686945229261,-0.0024964825535477076,-0.38037098333302066
0.09401207778562562,-0.002496500581079054,-0.3741240226541228
0.09401728611895863,-0.0024964843459750856,-0.367907782618182
0.09402249445229163,-0.0024965019256203806,-0.3617219737062418
0.09402770278562464,-0.0024964861881616508,-0.35556656411661547
0.09403291111895765,-0.0024965032188695654,-0.34944127153479165
0.09403811945229065,-0.0024964878765026733,-0.3433460632701804
0.09404332778562366,-0.0024965043466495355,-0.33728065622055503
0.09404853611895667,-0.0024964894378845253,-0.33124501012876223
0.09405374445228967,-0.002496505464002695,-0.32523883861753816
0.09405895278562268,-0.002496491085937936,-0.3192620969303277
0.09406416111895569,-0.002496506746372421,-0.31331450251274084
0.09406936945228869,-0.002496492879544008,-0.3073960142527792
0.0940745777856217,-0.0024965081094918966,-0.30150635884276644
0.0940797861189547,-0.002496494630060911,-0.29564549928037503
0.09408499445228771,-0.002496509345006658,-0.28981316670969043
0.09409020278562072,-0.0024964962037312766,-0.2840093205561333
0.09409541111895373,-0.0024965104532473086,-0.27823368919635205
0.09410061945228673,-0.002496497734972229,-0.2724862251616186
0.09410582778561974,-0.002496511641513602,-0.2667666560162832
0.09411103611895275,-0.0024964994109411684,-0.261074933936456
0.09411624445228575,-0.0024965129921533233,-0.25541079372867054
0.09412145278561876,-0.002496501172873627,-0.2497741933337395
0.09412666111895177,-0.0024965143318035725,-0.2441648761269075
0.09413186945228477,-0.0024965028114885676,-0.23858280195216325
0.09413707778561778,-0.0024965155090247216,-0.23302771533481906
0.09414228611895079,-0.002496504301714046,-0.22749957054733552
0.09414749445228379,-0.0024965166356436005,-0.22199810900712627
0.0941527027856168,-0.0024965058420252377,-0.2165232804538799
0.0941579111189498,-0.0024965179067875584,-0.21107482892721754
0.09416311945228281,-0.0024965075369129427,-0.20565270762880933
0.09416832778561582,-0.0024965192892554763,-0.20025666977398326
0.09417353611894883,-0.002496509231026519,-0.19488667435741036
0.09417874445228183,-0.0024965205753312474,-0.18954248072525345
0.09418395278561484,-0.002496510758498325,-0.18422404676527632
0.09418916111894785,-0.0024965217150187836,-0.17893113022290244
0.09419436945228085,-0.002496512207756614,-0.17366368292162546
0.09419957778561386,-0.0024965228947670423,-0.16842146096519883
0.09420478611894686,-0.0024965137794852603,-0.1632044151266739
0.09420999445227987,-0.002496524238696374,-0.15801230754388382
0.09421520278561288,-0.002496515466070233,-0.15284509497120397
0.09422041111894588,-0.0024965256109314667,-0.14770254871864033
0.09422561945227889,-0.0024965170651201356,-0.1425846294686677
0.0942308277856119,-0.002496526833464007,-0.1374911112883417
0.0942360361189449,-0.0024965185034786183,-0.13242195105571716
0.09424124445227791,-0.002496527970206424,-0.12737691991767866
0.09424645278561092,-0.0024965199534401836,-0.12235596998307223
0.09425166111894392,-0.0024965292236983202,-0.11735887356661728
0.09425686945227693,-0.0024965215568990037,-0.11238558540551932
0.09426207778560994,-0.0024965306111355157,-0.10743588625850586
0.09426728611894294,-0.0024965231994117155,-0.10250973749054498
0.09427249445227595,-0.0024965319379144043,-0.0976069271289675
0.09427770278560896,-0.002496524694230368,-0.09272741746528775
0.09428291111894196,-0.002496533108921655,-0.08787099605722481
0.09428811945227497,-0.002496526080789559,-0.08303761993419259
0.09429332778560798,-0.002496534279633385,-0.07822707423082105
0.09429853611894098,-0.00249652756077002,-0.07343931396193486
0.09430374445227399,-0.002496535606758663,-0.06867412873180744
0.094308952785607,-0.002496529175789653,-0.06393147905667121
0.09431416111894,-0.002496536998117853,-0.05921116368061825
0.09431936945227301,-0.002496530742082365,-0.05451314844566276
0.09432457778560602,-0.002496538260962752,-0.04983723620795437
0.09432978611893902,-0.0024965321449200496,-0.04518339062435546
0.09433499445227203,-0.0024965394097071648,-0.040551411971547234
0.09434020278560504,-0.0024965335214039864,-0.035941258937396706
0.09434541111893804,-0.0024965406418704654,-0.0313527314883983
0.09435061945227105,-0.002496535040747143,-0.026785789734730746
0.09435582778560406,-0.00249654202190974,-0.022240240874253487
0.09436103611893706,-0.0024965366342678923,-0.017716051806024848
0.09436624445227007,-0.002496543379049353,-0.013213037668898569
0.09437145278560308,-0.0024965381064754604,-0.008731167957174338
0.09437666111893608,-0.0024965445807951267,-0.004270258480231804
0.09438186945226909,-0.0024965394475918905,0.00016972566769806182
0.0943870777856021,-0.002496545743960327,0.0045889716570737685
0.0943922861189351,-0.002496540848414742,0.008987517405949847
0.09439749445226811,-0.0024965470469554933,0.01336554734538436
0.09440270278560112,-0.0024965423950611488,0.01772309485251186
0.09440791111893412,-0.0024965484448619306,0.02206033575809622
0.09441311945226713,-0.0024965439323908064,0.02637729725888601
0.09441832778560014,-0.002496549742131697,0.030674149954518653
0.09442353611893314,-0.002496545312795244,0.034950921699858535
0.09442874445226615,-0.0024965509051885397,0.03920778513171425
0.09443395278559916,-0.002496546631789047,0.04344477311262924
0.09443916111893216,-0.00249655211505727,0.047662059901375835
0.09444436945226517,-0.002496548074499321,0.05185967831461519
0.09444957778559818,-0.0024965534774424245,0.05603779690161508
0.09445478611893118,-0.002496549620104218,0.0601964420719265
0.09445999445226419,-0.00249655485445184,0.06433577418472305
0.0944652027855972,-0.002496551076244315,0.0684558157155646
0.0944704111189302,-0.0024965560857112576,0.07255672521094486
0.09447561945226321,-0.0024965523868906944,0.07663852855323526
0.09448082778559622,-0.0024965572442316483,0.0807013875286011
0.09448603611892922,-0.002496553721075619,0.0847453318840276
0.09449124445226223,-0.0024965585186283576,0.08877052239886818
0.09449645278559524,-0.0024965552023587956,0.09277698558008063
0.09450166111892824,-0.002496559911647956,0.09676487451301932
0.09450686945226125,-0.0024965567119977954,0.1007342091586034
0.09451207778559426,-0.002496561236687953,0.10468513653225522
0.09451728611892726,-0.002496558079831238,0.10861767580613028
0.09452249445226027,-0.002496562416339037,0.11253197527458617
0.09452770278559328,-0.002496559356016577,0.11642805892763654
0.09453291111892628,-0.0024965636051933046,0.1203060777246516
0.09453811945225929,-0.0024965607300084466,0.12416605699288681
0.0945433277855923,-0.0024965649420450654,0.1280081436560235
0.0945485361189253,-0.0024965622277915564,0.1318323574244524
0.09455374445225831,-0.0024965663285273073,0.1356388371706417
0.09455895278559132,-0.0024965636714194403,0.1394275976792533
0.09456416111892432,-0.002496567587174433,0.14319877490538963
0.09456936945225733,-0.00249656496398715,0.14695238591825296
0.09457457778559034,-0.002496568744857393,0.15068856984546009
0.09457978611892334,-0.002496566243847085,0.1544073482480541
0.09458499445225635,-0.0024965699887641887,0.15810886083736506
0.09459020278558936,-0.0024965676629096494,0.16179312738841886
0.09459541111892236,-0.0024965713669743406,0.16546028112746164
0.09460061945225537,-0.0024965691443034448,0.16911033535897266
0.09460582778558838,-0.002496572712454593,0.17274341665264237
0.09461103611892138,-0.0024965705063225083,0.17635953621749095
0.09461624445225439,-0.002496573910529687,0.17995882097662133
0.0946214527855874,-0.0024965717528919818,0.18354128648657841
0.0946266611189204,-0.0024965750814597873,0.1871070630551174
0.09463186945225341,-0.002496573066441009,0.190656168823523
0.09463707778558642,-0.0024965763874031004,0.1941887317775628
0.09464228611891942,-0.0024965745160506537,0.19770476553942049
0.09464749445225243,-0.0024965777734217535,0.20120439053629802
0.09465270278558544,-0.0024965759480287857,0.20468761481202896
0.09465791111891844,-0.0024965790563541,0.20815455486087656
0.09466311945225145,-0.002496577232259891,0.21160521980244298
0.09466832778558446,-0.0024965802173449185,0.21503972892457746
0.09467353611891746,-0.0024965784696951766,0.21845809616757386
0.09467874445225047,-0.0024965814312509042,0.22186044274645741
0.09468395278558348,-0.0024965798302408323,0.2252467823189987
0.09468916111891648,-0.0024965827865601024,0.22861723103110296
0.09469436945224949,-0.002496581281482949,0.23197179650369326
0.0946995777855825,-0.0024965841446851897,0.23531058794851328
0.0947047861189155,-0.0024965826415312246,0.23863360975355882
0.09470999445224851,-0.002496585362242679,0.24194097044273566
0.09471520278558151,-0.002496583869954002,0.2452326780373091
0.09472041111891452,-0.0024965865195930963,0.2485088448017462
0.09472561945224753,-0.0024965851316665955,0.2517694823551695
0.09473082778558053,-0.002496587791595398,0.25501470230086903
0.09473603611891354,-0.0024965865328483517,0.2582445130572315
0.09474124445224655,-0.0024965891680618136,0.2614590194441109
0.09474645278557955,-0.0024965879520416805,0.2646582239830891
0.09475166111891256,-0.0024965904710510856,0.26784222671297264
0.09475686945224557,-0.0024965892350646613,0.271011029993258
0.09476207778557857,-0.002496591639453632,0.2741647359864967
0.09476728611891158,-0.0024965904412302528,0.2773033518834403
0.09477249445224459,-0.002496592825822332,0.28042698282272194
0.0947777027855776,-0.002496591747646965,0.2835356371295535
0.0947829111189106,-0.0024965941519603193,0.2866294164232623
0.09478811945224361,-0.0024965931662332638,0.28970832375454747
0.09479332778557661,-0.002496595514736151,0.2927724538092199
0.09479853611890962,-0.0024965945256063223,0.29582180549387344
0.09480374445224263,-0.0024965967517437382,0.29885647173336827
0.09480895278557563,-0.002496595745498631,0.3018764541305709
0.09481416111890864,-0.0024965979006014343,0.3048818493457742
0.09481936945224165,-0.00249659696430611,0.30787266332656826
0.09482457778557465,-0.002496599137886779,0.3108489935673186
0.09482978611890766,-0.0024965983173351122,0.31381084422385513
0.09483499445224067,-0.0024966004967386787,0.31675830705551317
0.09484020278557367,-0.0024965997210277487,0.31969138034529443
0.09484541111890668,-0.0024966018147524575,0.32261015040471575
0.09485061945223969,-0.002496601007484508,0.3255146141649499
0.0948558277855727,-0.0024966029940217058,0.3284048591885686
0.0948610361189057,-0.0024966021926770584,0.33128088691395463
0.09486624445223871,-0.0024966041568473393,0.33414278859819796
0.09487145278557171,-0.0024966034501561086,0.3369905680819174
0.09487666111890472,-0.0024966054496527172,0.33982431465880875
0.09488186945223773,-0.002496604833408409,0.342644027903954
0.09488707778557073,-0.002496606809143823,0.3454497905081709
0.09489228611890374,-0.0024966061912782256,0.3482415972367487
0.09489749445223675,-0.002496608064440134,0.35101952797923297
0.09490270278556975,-0.0024966074101714143,0.35378357912874536
0.09490791111890276,-0.002496609210108664,0.3565338339589123
0.09491311945223577,-0.0024966085950480555,0.35927029362949203
0.09491832778556877,-0.002496610413938427,0.3619930435210259
0.09492353611890178,-0.0024966099009739277,0.36470208443379465
0.09492874445223479,-0.0024966117484741413,0.3673974972429627
0.0949339527855678,-0.0024966112855735545,0.3700792772216371
0.0949391611189008,-0.002496613075703175,0.37274749939550916
0.0949443694522338,-0.0024966125776811473,0.3754021565762671
0.09494957778556681,-0.002496614268360098,0.37804332402349905
0.09495478611889982,-0.002496613751049822,0.3806709984670114
0.09495999445223283,-0.002496615412739275,0.38328525921074164
0.09496520278556583,-0.0024966149655847596,0.38588610642393023
0.09497041111889884,-0.0024966166700092804,0.388473618959643
0.09497561945223185,-0.002496616311214549,0.3910477939197931
0.09498082778556485,-0.0024966180187199587,0.3936087041438707
0.09498603611889786,-0.002496617665069355,0.39615634154840956
0.09499124445223087,-0.002496619289908406,0.39869077526174107
0.09499562222611543,-0.0024966187969481073,0.4008108253756589
0.095,-0.0024966202526672887,0.4029215941820872
